{"type":"FeatureCollection","features":[{"type":"Feature","properties":{"dayId":1,"legId":"D1-flight","mode":"flight","label":"武汉天河 → 海口美兰","distanceKm":null,"durationHours":null,"source":"Verified flight and road endpoints, connected by travel mode"},"geometry":{"type":"LineString","coordinates":[[114.2171149,30.7756632],[110.4592869,19.9442567]]}},{"type":"Feature","properties":{"dayId":1,"legId":"D1-drive","mode":"drive","label":"海口美兰 → 骑楼老街 → 万宁神州半岛","distanceKm":195.8,"durationHours":2.4,"source":"OSRM / OpenStreetMap, fetched 2026-08-11"},"geometry":{"type":"LineString","coordinates":[[110.4592869,19.9442567],[110.458774,19.944082],[110.458365,19.944126],[110.45807,19.944133],[110.457801,19.944114],[110.457509,19.944076],[110.456217,19.943851],[110.45596,19.943818],[110.455669,19.94381],[110.453824,19.943797],[110.452423,19.943846],[110.452064,19.943851],[110.451872,19.943849],[110.451549,19.943846],[110.451198,19.943842],[110.450413,19.94384],[110.450187,19.943839],[110.44956,19.943837],[110.449079,19.94384],[110.448845,19.943841],[110.44734,19.94385],[110.447101,19.943866],[110.445203,19.943871],[110.439202,19.943839],[110.438499,19.943868],[110.438274,19.943908],[110.438045,19.943967],[110.43755,19.944112],[110.437207,19.94424],[110.436883,19.944382],[110.436601,19.944525],[110.436337,19.944674],[110.436098,19.944836],[110.435817,19.94504],[110.435492,19.945332],[110.435247,19.945573],[110.43506,19.945781],[110.434887,19.945998],[110.434569,19.946474],[110.43445,19.946684],[110.434344,19.946888],[110.434204,19.947195],[110.434087,19.947528],[110.433889,19.948194],[110.433788,19.948551],[110.43371,19.948822],[110.433498,19.949661],[110.431482,19.957455],[110.431338,19.958012],[110.431173,19.958649],[110.429749,19.964116],[110.429381,19.965485],[110.429085,19.966444],[110.428859,19.967067],[110.427946,19.969487],[110.427838,19.969721],[110.427628,19.970131],[110.427603,19.970167],[110.427406,19.970437],[110.427231,19.97059],[110.427029,19.970724],[110.426556,19.970962],[110.426336,19.971075],[110.424209,19.972215],[110.4237,19.972474],[110.422058,19.97331],[110.421692,19.973455],[110.421165,19.973572],[110.42101,19.973596],[110.420746,19.973625],[110.420296,19.973614],[110.420009,19.973596],[110.418983,19.97353],[110.415408,19.97328],[110.40797,19.972784],[110.407638,19.972758],[110.406269,19.972661],[110.405928,19.972642],[110.405794,19.972635],[110.405458,19.972616],[110.403742,19.97252],[110.403435,19.972503],[110.403026,19.972482],[110.402606,19.972468],[110.402303,19.972459],[110.401922,19.972446],[110.401814,19.97244],[110.401414,19.972418],[110.396433,19.972149],[110.396261,19.972139],[110.396225,19.972137],[110.39617,19.972134],[110.395851,19.972117],[110.395418,19.972094],[110.395382,19.972092],[110.395297,19.972087],[110.393549,19.971997],[110.392813,19.971892],[110.392528,19.971855],[110.391889,19.971771],[110.387328,19.971132],[110.386874,19.971086],[110.386796,19.971083],[110.386385,19.971052],[110.385446,19.97105],[110.383555,19.971065],[110.381984,19.971091],[110.381631,19.971147],[110.381284,19.971222],[110.381002,19.971326],[110.380892,19.971366],[110.380508,19.971585],[110.380141,19.97189],[110.379842,19.972232],[110.379605,19.972637],[110.379444,19.97309],[110.379344,19.973604],[110.37922,19.974358],[110.379145,19.974788],[110.379128,19.974886],[110.378998,19.975637],[110.378901,19.976211],[110.378789,19.976871],[110.378724,19.977271],[110.37864,19.977665],[110.378591,19.977824],[110.378567,19.977902],[110.378503,19.978044],[110.378321,19.978382],[110.378161,19.978652],[110.377524,19.979722],[110.37706,19.98053],[110.376905,19.980801],[110.37683,19.980926],[110.376725,19.981105],[110.376597,19.98104],[110.376197,19.980843],[110.37597,19.980731],[110.375558,19.980578],[110.375142,19.980491],[110.374708,19.98042],[110.374229,19.980405],[110.372979,19.980407],[110.371668,19.980413],[110.371198,19.980388],[110.368635,19.980364],[110.367515,19.980362],[110.367275,19.980362],[110.365306,19.980358],[110.363618,19.980372],[110.362168,19.980383],[110.361209,19.980391],[110.359184,19.980396],[110.35755,19.980387],[110.357459,19.980386],[110.357366,19.980385],[110.355835,19.98039],[110.352596,19.980393],[110.349483,19.9804],[110.347693,19.980405],[110.346121,19.980408],[110.344502,19.980422],[110.344347,19.980433],[110.343889,19.980444],[110.342508,19.980525],[110.340395,19.980655],[110.339301,19.980708],[110.338881,19.980881],[110.338785,19.980937],[110.33872,19.980974],[110.338626,19.981049],[110.338569,19.981142],[110.338512,19.981265],[110.338376,19.981511],[110.338345,19.981886],[110.338143,19.983378],[110.33806,19.984093],[110.338045,19.98423],[110.337641,19.987867],[110.337632,19.987975],[110.337294,19.991162],[110.337154,19.992482],[110.336946,19.994447],[110.336748,19.996264],[110.33674,19.996386],[110.336379,19.999803],[110.336222,20.001277],[110.336185,20.001584],[110.33615,20.001814],[110.336038,20.002544],[110.335996,20.002928],[110.335435,20.008088],[110.335418,20.008436],[110.335396,20.008905],[110.335352,20.009171],[110.335321,20.009339],[110.335162,20.009972],[110.335102,20.01023],[110.33507,20.010313],[110.335039,20.010396],[110.334905,20.010751],[110.334749,20.011146],[110.334405,20.011882],[110.333748,20.013288],[110.332975,20.014884],[110.332742,20.015345],[110.332607,20.015587],[110.332391,20.016066],[110.332101,20.016731],[110.331946,20.017049],[110.331735,20.01759],[110.331627,20.01791],[110.331472,20.018364],[110.33079,20.019841],[110.330627,20.020166],[110.330331,20.020756],[110.330144,20.021103],[110.329793,20.021913],[110.329553,20.022518],[110.329273,20.023461],[110.329057,20.023932],[110.328803,20.024483],[110.328749,20.024601],[110.328442,20.025244],[110.328329,20.025402],[110.327942,20.025941],[110.327658,20.026296],[110.327545,20.026437],[110.326851,20.027167],[110.325192,20.029286],[110.324303,20.03043],[110.323996,20.030825],[110.323865,20.030994],[110.322931,20.032143],[110.322631,20.03253],[110.322455,20.032756],[110.321122,20.034495],[110.320618,20.035145],[110.320581,20.035192],[110.320605,20.0353],[110.320504,20.035436],[110.320404,20.035578],[110.320261,20.035785],[110.320133,20.035969],[110.319936,20.03622],[110.319778,20.036416],[110.319717,20.036496],[110.31965,20.036582],[110.31957,20.036713],[110.319545,20.036809],[110.319559,20.036913],[110.319611,20.036996],[110.319659,20.03706],[110.319693,20.037086],[110.31972,20.037105],[110.319813,20.037162],[110.31989,20.037212],[110.319945,20.037247],[110.320054,20.037315],[110.320173,20.037399],[110.32027,20.037479],[110.320354,20.037558],[110.320523,20.037719],[110.320607,20.037826],[110.320618,20.037843],[110.320666,20.037915],[110.320722,20.038012],[110.320782,20.038115],[110.320828,20.038217],[110.320907,20.038407],[110.320973,20.038628],[110.321017,20.038792],[110.321108,20.039128],[110.321134,20.039215],[110.321166,20.039322],[110.321207,20.039479],[110.321285,20.039723],[110.321339,20.039866],[110.321419,20.040076],[110.321361,20.040163],[110.321437,20.04032],[110.321584,20.040495],[110.321719,20.040669],[110.321818,20.04076],[110.322035,20.040933],[110.322617,20.04139],[110.322651,20.041412],[110.323492,20.041956],[110.323838,20.042151],[110.324369,20.042407],[110.32482,20.042564],[110.32561,20.042672],[110.325751,20.042695],[110.325834,20.042708],[110.32588,20.042715],[110.327688,20.043002],[110.328049,20.043062],[110.32828,20.043095],[110.32916,20.043234],[110.329937,20.043534],[110.330831,20.044085],[110.331024,20.044203],[110.331475,20.044481],[110.331969,20.044805],[110.332034,20.044848],[110.332043,20.044857],[110.33236,20.045003],[110.332655,20.045064],[110.332932,20.045112],[110.33613,20.045696],[110.336474,20.045756],[110.336559,20.045683],[110.336646,20.0456],[110.336725,20.04551],[110.336784,20.045393],[110.336827,20.045294],[110.336919,20.045158],[110.336989,20.045078],[110.337093,20.04497],[110.337217,20.044864],[110.337284,20.044821],[110.337413,20.044757],[110.337634,20.044683],[110.337647,20.044679],[110.337767,20.044637],[110.337802,20.044617],[110.337837,20.044592],[110.337898,20.044504],[110.338023,20.044301],[110.338078,20.044143],[110.338102,20.043769],[110.338109,20.043521],[110.338147,20.043329],[110.338227,20.043165],[110.338298,20.043018],[110.338599,20.042676],[110.339048,20.041815],[110.340054,20.03975],[110.339903,20.039133],[110.339703,20.038473],[110.339888,20.038414],[110.340087,20.038395],[110.340307,20.038435],[110.340883,20.038488],[110.341201,20.038504],[110.341535,20.038505],[110.341877,20.03844],[110.342317,20.038352],[110.343123,20.038061],[110.343132,20.03799],[110.343129,20.037033],[110.343065,20.03652],[110.343007,20.036243],[110.342908,20.035698],[110.342931,20.035556],[110.3431,20.035506],[110.343263,20.035435],[110.343509,20.035332],[110.344111,20.035105],[110.344657,20.034875],[110.345412,20.034589],[110.346621,20.034099],[110.346676,20.034076],[110.349311,20.033043],[110.349886,20.032759],[110.350453,20.032367],[110.350573,20.032269],[110.35124,20.031765],[110.351302,20.031719],[110.352186,20.031051],[110.353041,20.030406],[110.354265,20.029408],[110.35444,20.029239],[110.35463,20.029055],[110.354879,20.028683],[110.354933,20.028611],[110.355034,20.028477],[110.355098,20.028406],[110.355371,20.028064],[110.357438,20.025015],[110.357572,20.024818],[110.358076,20.023991],[110.35829,20.023637],[110.358582,20.023154],[110.358823,20.022805],[110.358846,20.022767],[110.358942,20.022606],[110.358957,20.022583],[110.359045,20.022449],[110.359152,20.022276],[110.359315,20.022009],[110.359711,20.021383],[110.359912,20.021075],[110.360198,20.020593],[110.360373,20.020307],[110.360581,20.0199],[110.360685,20.019622],[110.36074,20.019422],[110.360761,20.019359],[110.360852,20.018939],[110.360876,20.018604],[110.360874,20.018407],[110.360872,20.018348],[110.360866,20.018197],[110.360856,20.018062],[110.36082,20.017799],[110.360764,20.017595],[110.360559,20.017005],[110.360394,20.016687],[110.360185,20.016368],[110.356189,20.011816],[110.356104,20.011719],[110.355206,20.010696],[110.35488,20.010467],[110.354618,20.010269],[110.354374,20.010022],[110.354003,20.009547],[110.353866,20.009267],[110.353819,20.009152],[110.353762,20.008994],[110.353746,20.008936],[110.353728,20.008877],[110.353715,20.008817],[110.353707,20.00875],[110.353707,20.008683],[110.353714,20.008616],[110.353728,20.00855],[110.353775,20.008422],[110.354142,20.007479],[110.354312,20.007057],[110.354416,20.0068],[110.354468,20.00666],[110.35451,20.006548],[110.354548,20.006463],[110.35459,20.006388],[110.354687,20.006218],[110.354997,20.005797],[110.355074,20.005698],[110.355156,20.005603],[110.355243,20.005511],[110.355335,20.005424],[110.355446,20.005329],[110.355562,20.00524],[110.355684,20.005158],[110.35581,20.005083],[110.357641,20.004021],[110.360265,20.002563],[110.360818,20.002239],[110.361427,20.001895],[110.361494,20.001857],[110.362235,20.00139],[110.362419,20.001268],[110.362597,20.001138],[110.36277,20.001002],[110.362937,20.000859],[110.363097,20.00071],[110.363252,20.000554],[110.363399,20.000392],[110.363591,20.000173],[110.365139,19.998223],[110.365973,19.99721],[110.366244,19.996839],[110.366334,19.996707],[110.36645,19.996522],[110.366646,19.9961],[110.366807,19.995765],[110.366861,19.995596],[110.366963,19.995187],[110.367032,19.994779],[110.367045,19.99444],[110.367054,19.994077],[110.367057,19.993949],[110.367058,19.993813],[110.367061,19.993577],[110.36709,19.991845],[110.36712,19.991004],[110.367156,19.988566],[110.367195,19.987041],[110.367217,19.98617],[110.367267,19.984251],[110.367308,19.982483],[110.367339,19.980901],[110.367355,19.979767],[110.367373,19.978947],[110.367451,19.975938],[110.367466,19.975188],[110.367469,19.974814],[110.36746,19.974443],[110.367433,19.974028],[110.36741,19.973667],[110.367362,19.973312],[110.367301,19.972968],[110.367219,19.972605],[110.367124,19.972248],[110.366902,19.97154],[110.36636,19.969997],[110.365944,19.968854],[110.363922,19.963235],[110.363099,19.960967],[110.362303,19.958697],[110.361657,19.956906],[110.361347,19.956037],[110.361174,19.955565],[110.360492,19.953678],[110.359829,19.951787],[110.359434,19.950563],[110.359205,19.949764],[110.35894,19.94874],[110.358753,19.947948],[110.358531,19.946802],[110.358355,19.945696],[110.358201,19.944503],[110.358092,19.943154],[110.357977,19.94121],[110.357907,19.93997],[110.357827,19.938594],[110.357738,19.937178],[110.357624,19.935193],[110.357476,19.932242],[110.357382,19.931304],[110.357317,19.930104],[110.357265,19.929127],[110.357224,19.928255],[110.357139,19.926787],[110.357108,19.925959],[110.356949,19.923497],[110.356859,19.922386],[110.356713,19.92124],[110.356457,19.919731],[110.356335,19.919169],[110.356159,19.918364],[110.355833,19.916887],[110.354125,19.909523],[110.353852,19.908303],[110.35363,19.907138],[110.353407,19.905871],[110.353242,19.904604],[110.352969,19.901731],[110.352485,19.896795],[110.352128,19.893148],[110.351938,19.891131],[110.351318,19.88456],[110.351287,19.884297],[110.351165,19.883054],[110.351098,19.882031],[110.351055,19.881],[110.351062,19.878899],[110.351076,19.878378],[110.351122,19.877856],[110.351159,19.877316],[110.351232,19.876511],[110.351323,19.875713],[110.351701,19.8721],[110.35245,19.865266],[110.352853,19.861199],[110.352881,19.86088],[110.353044,19.858487],[110.35325,19.855634],[110.353331,19.854348],[110.353539,19.851408],[110.353641,19.849659],[110.353769,19.84791],[110.353907,19.845535],[110.354081,19.843156],[110.354469,19.838395],[110.35504,19.832518],[110.355591,19.826659],[110.35566,19.825898],[110.355694,19.825591],[110.355804,19.824531],[110.356012,19.822686],[110.356263,19.820658],[110.356754,19.816781],[110.357736,19.809027],[110.357791,19.808626],[110.358085,19.806226],[110.358257,19.804294],[110.358367,19.800462],[110.358528,19.794048],[110.358561,19.790842],[110.358574,19.790251],[110.358594,19.789532],[110.358689,19.78726],[110.358721,19.786803],[110.358865,19.784918],[110.359223,19.780786],[110.35928,19.780133],[110.359355,19.779107],[110.359375,19.778809],[110.359536,19.776742],[110.359542,19.776653],[110.359888,19.7731],[110.36036,19.770324],[110.360846,19.767654],[110.361874,19.762218],[110.361968,19.761689],[110.362314,19.759781],[110.362629,19.757332],[110.362884,19.754736],[110.363361,19.749591],[110.363863,19.744017],[110.363897,19.743609],[110.364201,19.740316],[110.364229,19.739914],[110.364292,19.738993],[110.364298,19.73858],[110.364238,19.737598],[110.36383,19.735711],[110.363767,19.735407],[110.363366,19.733585],[110.363277,19.733212],[110.362828,19.731163],[110.36275,19.730785],[110.361657,19.725977],[110.361502,19.725186],[110.361302,19.723854],[110.36118,19.722222],[110.361095,19.720552],[110.361016,19.719231],[110.360947,19.717878],[110.360822,19.715128],[110.360766,19.713731],[110.360646,19.711637],[110.36064,19.711374],[110.36055,19.709903],[110.360409,19.708588],[110.359925,19.705113],[110.359714,19.7037],[110.359651,19.703251],[110.359494,19.70213],[110.359159,19.69955],[110.358932,19.697144],[110.358717,19.694292],[110.358718,19.692854],[110.358745,19.691001],[110.358763,19.690466],[110.358783,19.689687],[110.358788,19.689451],[110.358841,19.687357],[110.358886,19.686257],[110.358871,19.684902],[110.358894,19.684036],[110.35902,19.680906],[110.359116,19.679744],[110.359198,19.679013],[110.359263,19.678548],[110.359345,19.677967],[110.35952,19.676873],[110.359696,19.675727],[110.360065,19.67341],[110.360791,19.668809],[110.362262,19.659627],[110.36277,19.657204],[110.363311,19.654762],[110.363992,19.651762],[110.364411,19.649915],[110.365942,19.643137],[110.366583,19.640299],[110.366995,19.638247],[110.367345,19.636101],[110.367618,19.634147],[110.367922,19.632253],[110.368073,19.631192],[110.368195,19.630352],[110.368415,19.628845],[110.368821,19.626169],[110.368919,19.625533],[110.369272,19.623229],[110.36947,19.621818],[110.369588,19.621141],[110.369727,19.620412],[110.370084,19.619203],[110.370305,19.618608],[110.37055,19.618014],[110.371149,19.616755],[110.376087,19.606763],[110.3761,19.606734],[110.378877,19.6011],[110.380286,19.598234],[110.381602,19.595303],[110.383214,19.591557],[110.383473,19.590946],[110.384428,19.588683],[110.386024,19.584949],[110.387791,19.58081],[110.388924,19.578176],[110.389046,19.577894],[110.389163,19.577621],[110.390628,19.574173],[110.390946,19.573427],[110.392303,19.570249],[110.39294,19.568657],[110.393243,19.567726],[110.393385,19.567226],[110.393471,19.56688],[110.393597,19.566251],[110.393699,19.565661],[110.393824,19.564288],[110.394223,19.55805],[110.394326,19.556795],[110.394547,19.55208],[110.394566,19.551579],[110.394651,19.549663],[110.394681,19.548704],[110.39472,19.547487],[110.394815,19.545461],[110.39484,19.545052],[110.394898,19.544497],[110.395077,19.543702],[110.395282,19.543044],[110.395515,19.542386],[110.396523,19.540232],[110.396731,19.539803],[110.397034,19.539171],[110.397282,19.538646],[110.397535,19.538107],[110.397869,19.537359],[110.398122,19.536577],[110.398223,19.53613],[110.398294,19.535674],[110.398419,19.534137],[110.398622,19.531687],[110.398745,19.530889],[110.398873,19.530301],[110.399161,19.529422],[110.399322,19.529009],[110.399547,19.52853],[110.400603,19.526443],[110.401651,19.524355],[110.402919,19.521868],[110.403324,19.52109],[110.403563,19.520643],[110.403833,19.52023],[110.406552,19.516479],[110.407411,19.515353],[110.40806,19.514509],[110.408852,19.513518],[110.409688,19.512544],[110.417527,19.504041],[110.417949,19.503532],[110.418124,19.503304],[110.418265,19.503122],[110.418587,19.502665],[110.421534,19.497254],[110.423008,19.49451],[110.423773,19.493129],[110.424111,19.492502],[110.424539,19.491902],[110.424665,19.491747],[110.424917,19.491474],[110.425348,19.491047],[110.425914,19.490585],[110.426524,19.490138],[110.427783,19.489285],[110.430255,19.487542],[110.431515,19.486664],[110.432369,19.486032],[110.432727,19.485754],[110.433205,19.485292],[110.433689,19.484752],[110.434228,19.483991],[110.434675,19.483133],[110.434864,19.482616],[110.435055,19.482056],[110.43521,19.481199],[110.435255,19.480335],[110.435152,19.47845],[110.434942,19.475792],[110.434892,19.47498],[110.434877,19.474151],[110.434983,19.47314],[110.435189,19.472207],[110.435495,19.47132],[110.435902,19.470441],[110.436716,19.468859],[110.437372,19.467597],[110.438341,19.465684],[110.438728,19.464888],[110.438917,19.464445],[110.439443,19.463184],[110.439875,19.46205],[110.440391,19.460478],[110.440795,19.459006],[110.441229,19.457144],[110.441738,19.454845],[110.44195,19.453835],[110.44209,19.452969],[110.442635,19.450714],[110.44273,19.450312],[110.443112,19.448694],[110.443239,19.448097],[110.444135,19.444008],[110.444591,19.441713],[110.444947,19.439362],[110.445133,19.437647],[110.445199,19.436822],[110.445208,19.436705],[110.445271,19.435917],[110.445417,19.432119],[110.445564,19.428319],[110.445692,19.426713],[110.445866,19.425107],[110.446446,19.421525],[110.44741,19.417524],[110.448536,19.413534],[110.449429,19.41034],[110.450066,19.408054],[110.450571,19.406288],[110.451307,19.403619],[110.452224,19.400411],[110.452532,19.39921],[110.452554,19.399124],[110.452916,19.397715],[110.453102,19.396806],[110.453404,19.395088],[110.453648,19.393327],[110.453748,19.392434],[110.453832,19.391246],[110.45391,19.390081],[110.45394,19.387952],[110.453811,19.383362],[110.453744,19.380238],[110.453838,19.378327],[110.454019,19.376425],[110.454622,19.371771],[110.455009,19.368902],[110.455225,19.367134],[110.455337,19.366032],[110.455403,19.36447],[110.455381,19.362769],[110.455368,19.362294],[110.455302,19.36135],[110.455035,19.359437],[110.454343,19.356497],[110.4537,19.354612],[110.452975,19.352741],[110.451486,19.348998],[110.450413,19.346289],[110.449964,19.345011],[110.449691,19.343845],[110.449485,19.3427],[110.449394,19.341373],[110.449542,19.339048],[110.449982,19.337112],[110.450698,19.335152],[110.451544,19.332967],[110.451893,19.331795],[110.452195,19.3306],[110.453066,19.325752],[110.453427,19.323691],[110.453659,19.322372],[110.453813,19.321546],[110.454293,19.319363],[110.454779,19.317945],[110.455215,19.316737],[110.455612,19.315835],[110.456333,19.314196],[110.45685,19.312947],[110.457166,19.312077],[110.45758,19.310703],[110.457861,19.309601],[110.458025,19.308715],[110.45819,19.307531],[110.458309,19.305732],[110.458365,19.303664],[110.458423,19.301448],[110.458463,19.299594],[110.458518,19.29773],[110.458498,19.296288],[110.458437,19.295685],[110.458319,19.294936],[110.458133,19.2942],[110.457748,19.293061],[110.457276,19.292064],[110.456846,19.291332],[110.456234,19.290476],[110.455616,19.28975],[110.454422,19.288496],[110.453605,19.287657],[110.450982,19.284906],[110.448264,19.282103],[110.446928,19.280688],[110.446262,19.279985],[110.445586,19.279291],[110.444715,19.2783],[110.444179,19.277593],[110.443928,19.277209],[110.44351,19.276465],[110.443265,19.275952],[110.442884,19.274953],[110.442653,19.274137],[110.442494,19.273365],[110.442226,19.271787],[110.44204,19.270897],[110.441812,19.270202],[110.441523,19.269424],[110.441195,19.268692],[110.440805,19.26803],[110.440371,19.267413],[110.439815,19.266709],[110.439312,19.266171],[110.438705,19.265574],[110.438059,19.265051],[110.437493,19.264565],[110.43513,19.262667],[110.434469,19.262049],[110.433792,19.261333],[110.433243,19.260674],[110.432752,19.260014],[110.432489,19.259661],[110.432231,19.259266],[110.431991,19.258839],[110.431755,19.2584],[110.431385,19.257615],[110.431021,19.256631],[110.430777,19.255766],[110.430553,19.254887],[110.430468,19.254487],[110.430394,19.253998],[110.430324,19.253043],[110.430302,19.252387],[110.430278,19.251512],[110.430295,19.250804],[110.430259,19.249997],[110.430276,19.249172],[110.430278,19.24683],[110.430269,19.245688],[110.430264,19.244517],[110.43024,19.2422],[110.430206,19.237248],[110.430159,19.236059],[110.430053,19.234872],[110.429659,19.232491],[110.428868,19.229109],[110.428157,19.225706],[110.427861,19.222757],[110.427853,19.220947],[110.427877,19.220031],[110.427955,19.219118],[110.428037,19.218048],[110.428214,19.216863],[110.42838,19.215737],[110.428615,19.214609],[110.429139,19.212797],[110.429802,19.210981],[110.430589,19.208991],[110.432129,19.205847],[110.432529,19.204734],[110.433189,19.202979],[110.435406,19.196272],[110.436536,19.192934],[110.437821,19.189625],[110.438537,19.188177],[110.43955,19.186305],[110.440413,19.184868],[110.441479,19.183221],[110.445336,19.178299],[110.448711,19.173909],[110.451057,19.170906],[110.452377,19.169038],[110.453152,19.167873],[110.453303,19.16763],[110.454157,19.166178],[110.455099,19.164545],[110.455915,19.162881],[110.457422,19.159787],[110.457547,19.159529],[110.458513,19.157573],[110.459193,19.156196],[110.460013,19.154526],[110.460879,19.152865],[110.461689,19.151442],[110.462565,19.150053],[110.463463,19.148745],[110.4644,19.147448],[110.465753,19.145767],[110.467158,19.144097],[110.46855,19.142443],[110.469859,19.140718],[110.470734,19.139368],[110.471268,19.138489],[110.47171,19.137645],[110.472121,19.136856],[110.472364,19.1363],[110.472707,19.135494],[110.473127,19.134426],[110.473607,19.133057],[110.474123,19.130865],[110.474394,19.129389],[110.474842,19.126676],[110.47543,19.123002],[110.475676,19.12187],[110.475955,19.120743],[110.477014,19.118183],[110.477658,19.116686],[110.477812,19.116251],[110.478166,19.115225],[110.478557,19.113716],[110.4787,19.112806],[110.478822,19.111888],[110.479017,19.110037],[110.479174,19.108512],[110.479337,19.106972],[110.479517,19.105856],[110.479799,19.104754],[110.480117,19.103866],[110.480489,19.102989],[110.480864,19.102258],[110.481676,19.100923],[110.482584,19.099601],[110.483479,19.098271],[110.483913,19.097603],[110.484319,19.096925],[110.484849,19.095852],[110.485294,19.094739],[110.485634,19.093591],[110.485897,19.092444],[110.486987,19.086781],[110.488144,19.081137],[110.48877,19.079492],[110.489086,19.07886],[110.489434,19.078236],[110.490032,19.077343],[110.490701,19.076476],[110.491504,19.075411],[110.492264,19.074309],[110.492714,19.073516],[110.49311,19.072668],[110.493446,19.071771],[110.49372,19.070846],[110.494013,19.069275],[110.494072,19.067972],[110.494053,19.066641],[110.493996,19.064016],[110.493943,19.061368],[110.493791,19.058731],[110.493549,19.057433],[110.493373,19.056833],[110.492543,19.054565],[110.491157,19.052433],[110.489558,19.049697],[110.489025,19.048489],[110.48878,19.047227],[110.488625,19.045385],[110.488571,19.044478],[110.488512,19.043798],[110.488424,19.04253],[110.488298,19.041045],[110.488278,19.040772],[110.488175,19.038871],[110.488208,19.037723],[110.488246,19.036657],[110.488306,19.035588],[110.488392,19.034564],[110.488492,19.03353],[110.48869,19.032214],[110.488927,19.030894],[110.489551,19.028401],[110.489957,19.027088],[110.490399,19.025771],[110.491643,19.022859],[110.492984,19.019978],[110.495607,19.014191],[110.496196,19.012366],[110.496416,19.011326],[110.4966,19.01028],[110.496687,19.009328],[110.496736,19.008374],[110.496714,19.007407],[110.496653,19.006429],[110.496384,19.004578],[110.495827,19.002514],[110.49503,19.000521],[110.491731,18.994529],[110.491296,18.993542],[110.490907,18.992543],[110.490257,18.990227],[110.4897,18.988121],[110.489362,18.987225],[110.488988,18.986331],[110.48836,18.985169],[110.487653,18.984041],[110.486519,18.982513],[110.485928,18.981739],[110.48534,18.980953],[110.484831,18.980228],[110.484326,18.979459],[110.483376,18.977923],[110.478902,18.970207],[110.478211,18.969057],[110.477653,18.968242],[110.477057,18.967446],[110.476158,18.966442],[110.475183,18.96551],[110.473036,18.963799],[110.470906,18.962198],[110.469873,18.961359],[110.468887,18.960461],[110.468072,18.959582],[110.467072,18.958358],[110.466052,18.956885],[110.465442,18.956008],[110.464675,18.95483],[110.464538,18.954618],[110.464386,18.954392],[110.464293,18.954245],[110.463472,18.953035],[110.463195,18.952623],[110.462628,18.951844],[110.461436,18.950353],[110.460969,18.949836],[110.459728,18.948489],[110.45848,18.947098],[110.457886,18.946398],[110.457296,18.945625],[110.456276,18.944022],[110.455374,18.942182],[110.454773,18.940686],[110.453709,18.937857],[110.453125,18.936661],[110.452468,18.93548],[110.451412,18.933831],[110.450353,18.932207],[110.449805,18.931216],[110.449393,18.930403],[110.448959,18.929348],[110.448696,18.928599],[110.448484,18.927888],[110.448294,18.927139],[110.447256,18.923083],[110.44691,18.922247],[110.446636,18.921641],[110.445928,18.920475],[110.445197,18.919451],[110.444902,18.919116],[110.444433,18.918586],[110.442803,18.91694],[110.442032,18.916163],[110.441335,18.915463],[110.440667,18.914748],[110.440306,18.914349],[110.439946,18.913897],[110.439637,18.913408],[110.439179,18.912573],[110.438837,18.911701],[110.438654,18.911194],[110.438539,18.910669],[110.43823,18.909489],[110.437641,18.907258],[110.437205,18.905923],[110.436658,18.904751],[110.436225,18.903982],[110.435535,18.903029],[110.435078,18.902463],[110.434376,18.901721],[110.433233,18.90073],[110.432037,18.89974],[110.430818,18.898724],[110.42973,18.897785],[110.429482,18.89756],[110.428918,18.896923],[110.427638,18.895473],[110.42616,18.893633],[110.42541,18.892722],[110.4245,18.891724],[110.423743,18.891068],[110.422805,18.890324],[110.421906,18.889701],[110.41998,18.888419],[110.419389,18.887986],[110.418835,18.887553],[110.417991,18.886842],[110.417323,18.886252],[110.41635,18.885325],[110.415606,18.884551],[110.414267,18.883157],[110.412513,18.881426],[110.411609,18.880595],[110.41055,18.87979],[110.40923,18.878791],[110.40827,18.878019],[110.40792,18.877693],[110.407306,18.877107],[110.406846,18.876624],[110.406629,18.876346],[110.40578,18.875166],[110.405248,18.874202],[110.404958,18.873589],[110.40472,18.872949],[110.404598,18.872682],[110.40448,18.872354],[110.403878,18.870533],[110.403299,18.86878],[110.402719,18.867381],[110.402341,18.866594],[110.402044,18.866019],[110.40172,18.865442],[110.40035,18.863147],[110.399325,18.861486],[110.39877,18.86062],[110.398273,18.859752],[110.397573,18.858432],[110.396982,18.857156],[110.396487,18.855879],[110.396099,18.854653],[110.39573,18.85326],[110.395484,18.851899],[110.395169,18.848994],[110.394987,18.847302],[110.394789,18.845503],[110.394426,18.842039],[110.394409,18.84189],[110.39432,18.841063],[110.394237,18.840364],[110.394166,18.839629],[110.394012,18.838197],[110.393928,18.837597],[110.393823,18.836938],[110.393685,18.836268],[110.393519,18.835621],[110.393152,18.834527],[110.392874,18.833909],[110.392592,18.833347],[110.392058,18.832366],[110.391866,18.832044],[110.391062,18.830988],[110.390461,18.830264],[110.389431,18.829272],[110.389291,18.829118],[110.387735,18.827757],[110.387038,18.827107],[110.386326,18.826428],[110.385374,18.825372],[110.384931,18.8248],[110.384775,18.824598],[110.384489,18.82421],[110.38389,18.823325],[110.383353,18.822503],[110.382565,18.821223],[110.381734,18.819932],[110.380734,18.818343],[110.37976,18.816836],[110.379011,18.815645],[110.378113,18.81422],[110.377651,18.813486],[110.377045,18.812532],[110.376508,18.811712],[110.375944,18.810869],[110.375364,18.810099],[110.374999,18.809642],[110.374656,18.809274],[110.374342,18.808926],[110.374043,18.808605],[110.373215,18.80783],[110.372537,18.807227],[110.371801,18.806702],[110.370599,18.805898],[110.369341,18.805171],[110.368269,18.804649],[110.367042,18.804141],[110.365487,18.803588],[110.363992,18.803056],[110.362779,18.802582],[110.361486,18.802018],[110.359727,18.801115],[110.358255,18.800221],[110.357916,18.799986],[110.357215,18.799511],[110.357171,18.799479],[110.356934,18.799303],[110.356557,18.799021],[110.356118,18.798681],[110.35556,18.798228],[110.35451,18.797286],[110.354216,18.797013],[110.353545,18.796327],[110.352999,18.795754],[110.352454,18.795208],[110.35168,18.794362],[110.351279,18.793924],[110.349757,18.792291],[110.348763,18.791217],[110.348162,18.790584],[110.347528,18.789971],[110.345653,18.787861],[110.344252,18.786224],[110.343865,18.785729],[110.343171,18.784755],[110.342826,18.784247],[110.342438,18.783639],[110.342021,18.782949],[110.341638,18.782284],[110.341092,18.781181],[110.340696,18.780273],[110.339883,18.778339],[110.339598,18.777587],[110.339296,18.776747],[110.338694,18.775212],[110.337962,18.773272],[110.337119,18.771346],[110.336558,18.770224],[110.336352,18.76982],[110.336132,18.769439],[110.335564,18.768474],[110.335456,18.768281],[110.335294,18.768024],[110.335069,18.767708],[110.334837,18.767321],[110.334591,18.766928],[110.334432,18.766702],[110.333981,18.766067],[110.333364,18.765275],[110.332469,18.764063],[110.33147,18.762889],[110.330467,18.761753],[110.329469,18.760779],[110.329172,18.760573],[110.328562,18.760002],[110.327648,18.759176],[110.326601,18.758191],[110.325974,18.757599],[110.325264,18.75696],[110.324948,18.756652],[110.323768,18.755552],[110.323615,18.755375],[110.322293,18.75414],[110.321636,18.753515],[110.320941,18.752904],[110.319168,18.751207],[110.318246,18.750314],[110.316456,18.748447],[110.315534,18.747416],[110.315254,18.747116],[110.314833,18.746649],[110.314343,18.746084],[110.313716,18.745305],[110.31357,18.745133],[110.312954,18.744447],[110.312433,18.743752],[110.31176,18.742918],[110.311167,18.742127],[110.310335,18.740948],[110.30699,18.736095],[110.300555,18.726665],[110.298763,18.724358],[110.298294,18.723709],[110.297951,18.723415],[110.297588,18.723136],[110.297198,18.722865],[110.29686,18.722634],[110.296562,18.722421],[110.296444,18.722336],[110.296411,18.722262],[110.296421,18.722202],[110.296482,18.722088],[110.296521,18.722072],[110.296635,18.722032],[110.296845,18.721952],[110.297743,18.721667],[110.298227,18.721498],[110.298364,18.721448],[110.298699,18.721334],[110.298984,18.721235],[110.300253,18.720814],[110.302277,18.720126],[110.303118,18.719896],[110.303187,18.719878],[110.303322,18.719842],[110.303944,18.71968],[110.304306,18.719543],[110.304685,18.719355],[110.305021,18.719125],[110.30511,18.719052],[110.306072,18.718158],[110.306471,18.717865],[110.306854,18.717672],[110.307081,18.717589],[110.307298,18.717509],[110.307527,18.71744],[110.317423,18.714422],[110.317802,18.714259],[110.317943,18.714191],[110.318308,18.713931],[110.318599,18.713666],[110.318856,18.713261],[110.318996,18.712832],[110.319087,18.712234],[110.319012,18.711681],[110.318199,18.709209],[110.318099,18.708834],[110.318058,18.70854],[110.318034,18.708042],[110.318057,18.707112],[110.317995,18.706275],[110.317451,18.703395],[110.317405,18.702976],[110.317467,18.702595],[110.317569,18.702195],[110.317743,18.701816],[110.318,18.701463],[110.318342,18.701183],[110.318884,18.700874],[110.322808,18.699357],[110.323239,18.699153],[110.323588,18.698931],[110.323911,18.698583],[110.324146,18.698084],[110.324225,18.697194],[110.324305,18.69664],[110.324372,18.696236],[110.324592,18.695751],[110.324813,18.695376],[110.325266,18.694819],[110.32597,18.694132],[110.326379,18.693735],[110.326876,18.693156],[110.328062,18.691363],[110.328321,18.69093],[110.328615,18.69033],[110.328776,18.689904],[110.32889,18.689529],[110.329349,18.687038],[110.329576,18.685906],[110.329574,18.685576],[110.329567,18.68536],[110.329497,18.685047],[110.32937,18.684595],[110.329243,18.68406],[110.329169,18.683508],[110.329112,18.682857],[110.329092,18.682533],[110.329081,18.681986],[110.329019,18.680979],[110.329009,18.680579],[110.329012,18.680192],[110.329009,18.679486],[110.329043,18.678683],[110.329021,18.678308],[110.328995,18.677988],[110.328991,18.677825],[110.328934,18.67773],[110.328923,18.67762],[110.328968,18.677505],[110.329063,18.677423],[110.329188,18.677391],[110.329315,18.677416],[110.329415,18.677494],[110.329467,18.677606],[110.329458,18.677729],[110.329728,18.677744],[110.330375,18.677842],[110.330773,18.677883],[110.331247,18.677857],[110.331866,18.677717],[110.332582,18.677511],[110.333199,18.677338],[110.333875,18.677161],[110.336738,18.676305],[110.337475,18.676128],[110.338696,18.67581],[110.339878,18.675574],[110.340579,18.675627],[110.341371,18.675936],[110.342079,18.676036],[110.342695,18.675781],[110.343128,18.675339],[110.343382,18.675278],[110.344026,18.675278],[110.344392,18.675126],[110.344349,18.675068],[110.344231,18.674976],[110.343214,18.674963],[110.34323,18.674633],[110.342375,18.674557],[110.342351,18.674028],[110.342179,18.673939],[110.34194,18.673942],[110.341766,18.67399],[110.341546,18.673962],[110.341219,18.673848],[110.340763,18.673761],[110.340735,18.673544]]}},{"type":"Feature","properties":{"dayId":2,"legId":"D2-drive","mode":"drive","label":"神州半岛—兴隆植物园—兴隆市场—石梅湾—神州半岛","distanceKm":51.8,"durationHours":1,"source":"OSRM / OpenStreetMap, fetched 2026-08-11"},"geometry":{"type":"LineString","coordinates":[[110.340735,18.673544],[110.340763,18.673761],[110.341219,18.673848],[110.341546,18.673962],[110.341766,18.67399],[110.34194,18.673942],[110.342179,18.673939],[110.342351,18.674028],[110.342375,18.674557],[110.34323,18.674633],[110.343214,18.674963],[110.344231,18.674976],[110.344349,18.675068],[110.344392,18.675126],[110.344026,18.675278],[110.343382,18.675278],[110.343128,18.675339],[110.342695,18.675781],[110.342079,18.676036],[110.341371,18.675936],[110.340579,18.675627],[110.339878,18.675574],[110.338696,18.67581],[110.337475,18.676128],[110.336738,18.676305],[110.333875,18.677161],[110.333199,18.677338],[110.332582,18.677511],[110.331866,18.677717],[110.331247,18.677857],[110.330773,18.677883],[110.330375,18.677842],[110.329728,18.677744],[110.329458,18.677729],[110.329373,18.67785],[110.329313,18.678101],[110.329164,18.678651],[110.329097,18.679422],[110.329095,18.680199],[110.329086,18.680583],[110.329113,18.680978],[110.329168,18.681843],[110.329201,18.682709],[110.32921,18.682962],[110.329247,18.683529],[110.329308,18.684037],[110.329454,18.68453],[110.329599,18.685054],[110.329659,18.685379],[110.329676,18.685806],[110.329637,18.68607],[110.329513,18.686688],[110.329363,18.687501],[110.329188,18.68852],[110.329039,18.68927],[110.328889,18.689869],[110.328771,18.690222],[110.328509,18.690788],[110.328095,18.691497],[110.327038,18.693062],[110.326619,18.693575],[110.32621,18.693992],[110.325403,18.694802],[110.324978,18.695305],[110.324734,18.695698],[110.324532,18.69612],[110.324399,18.696553],[110.324272,18.697851],[110.324192,18.698228],[110.324038,18.698575],[110.323815,18.698832],[110.323533,18.699073],[110.323125,18.699299],[110.319025,18.700914],[110.318595,18.701135],[110.318239,18.701367],[110.317947,18.701653],[110.317777,18.70196],[110.317639,18.702307],[110.317517,18.70283],[110.317522,18.703268],[110.317612,18.703811],[110.318048,18.706195],[110.318122,18.706779],[110.318117,18.708036],[110.318117,18.708504],[110.318228,18.708947],[110.318515,18.709857],[110.318998,18.711366],[110.319164,18.712137],[110.319147,18.712644],[110.319046,18.713006],[110.318966,18.713217],[110.31869,18.71369],[110.318388,18.713997],[110.318123,18.71417],[110.317984,18.714262],[110.317868,18.71432],[110.31747,18.714491],[110.310594,18.716587],[110.307303,18.71759],[110.306889,18.717749],[110.306526,18.717932],[110.306125,18.718226],[110.305779,18.718552],[110.305177,18.719107],[110.305074,18.719195],[110.304742,18.719414],[110.304345,18.719618],[110.30397,18.719757],[110.303755,18.719811],[110.303344,18.719916],[110.303204,18.719956],[110.303139,18.719971],[110.302706,18.720095],[110.302309,18.720208],[110.300314,18.720887],[110.299036,18.721306],[110.298917,18.721348],[110.298434,18.721511],[110.298207,18.721592],[110.297792,18.72174],[110.296905,18.722028],[110.29655,18.722143],[110.296421,18.722202],[110.296173,18.722293],[110.295986,18.722394],[110.295679,18.722589],[110.295259,18.722896],[110.293793,18.724235],[110.293708,18.724314],[110.293378,18.724542],[110.292796,18.724846],[110.292575,18.724962],[110.291977,18.725167],[110.291534,18.725256],[110.290886,18.725334],[110.290514,18.725334],[110.29014,18.725302],[110.290044,18.725294],[110.289957,18.725286],[110.289649,18.725239],[110.288975,18.725136],[110.287955,18.725006],[110.287445,18.724981],[110.286749,18.724999],[110.286311,18.725039],[110.283465,18.725433],[110.282097,18.725616],[110.28068,18.725805],[110.280135,18.72585],[110.279669,18.725867],[110.278954,18.725853],[110.278767,18.725836],[110.278206,18.725786],[110.277493,18.725688],[110.27638,18.725536],[110.276096,18.725503],[110.275873,18.725486],[110.275718,18.725481],[110.275067,18.725483],[110.274056,18.725682],[110.273198,18.725981],[110.273073,18.72605],[110.272576,18.726322],[110.271794,18.726883],[110.271339,18.727333],[110.270876,18.727899],[110.270438,18.728674],[110.269781,18.729845],[110.269502,18.730305],[110.268695,18.731209],[110.268094,18.731715],[110.26734,18.732215],[110.266723,18.732512],[110.26594,18.732789],[110.265285,18.732964],[110.264577,18.733063],[110.263918,18.733101],[110.263429,18.733089],[110.262828,18.733013],[110.261911,18.732756],[110.261471,18.732603],[110.261152,18.732492],[110.261026,18.73243],[110.260961,18.732398],[110.260323,18.732085],[110.259057,18.731491],[110.25785,18.730947],[110.256909,18.730556],[110.256531,18.730404],[110.256069,18.730244],[110.255544,18.730096],[110.255013,18.73003],[110.253073,18.729919],[110.252596,18.729853],[110.252046,18.729715],[110.251668,18.729583],[110.249868,18.728857],[110.249367,18.728671],[110.248827,18.728524],[110.248393,18.728455],[110.245552,18.728283],[110.24496,18.728232],[110.244498,18.728133],[110.243997,18.727963],[110.243549,18.727767],[110.243085,18.727511],[110.239861,18.725083],[110.238607,18.728639],[110.23509,18.73836],[110.232149,18.746776],[110.231079,18.749824],[110.230987,18.750098],[110.230949,18.750203],[110.229999,18.750133],[110.227563,18.749982],[110.223096,18.74971],[110.222926,18.7497],[110.222752,18.749689],[110.218339,18.749404],[110.217804,18.749376],[110.214926,18.749214],[110.21385,18.749146],[110.21102,18.74897],[110.210604,18.748944],[110.209297,18.74887],[110.207843,18.748772],[110.20714,18.74873],[110.206819,18.748728],[110.206678,18.748777],[110.206493,18.748935],[110.206387,18.748857],[110.205886,18.748486],[110.205644,18.748197],[110.205182,18.747348],[110.205119,18.747175],[110.205123,18.746919],[110.205257,18.745567],[110.205585,18.742252],[110.205614,18.741934],[110.205622,18.741837],[110.205606,18.741456],[110.205483,18.740912],[110.20527,18.740428],[110.204531,18.738958],[110.204185,18.738268],[110.204096,18.738102],[110.203949,18.737882],[110.203772,18.737661],[110.203603,18.737498],[110.203428,18.737331],[110.202693,18.736726],[110.201519,18.735614],[110.200852,18.735075],[110.198885,18.732734],[110.197929,18.731406],[110.196908,18.732373],[110.196565,18.732635],[110.195946,18.732911],[110.19559,18.732282],[110.195946,18.732911],[110.19628,18.732762],[110.196565,18.732635],[110.196398,18.732814],[110.195822,18.733355],[110.195765,18.733444],[110.195548,18.734003],[110.195462,18.734128],[110.195309,18.734211],[110.195044,18.734275],[110.194778,18.734338],[110.194526,18.73445],[110.194177,18.734608],[110.193577,18.73442],[110.194177,18.734608],[110.194526,18.73445],[110.194778,18.734338],[110.195044,18.734275],[110.195309,18.734211],[110.195309,18.734211],[110.195462,18.734128],[110.195548,18.734003],[110.195765,18.733444],[110.195822,18.733355],[110.196398,18.732814],[110.196565,18.732635],[110.196908,18.732373],[110.197929,18.731406],[110.198885,18.732734],[110.200852,18.735075],[110.201519,18.735614],[110.202693,18.736726],[110.203428,18.737331],[110.203603,18.737498],[110.203772,18.737661],[110.203949,18.737882],[110.204096,18.738102],[110.204185,18.738268],[110.204531,18.738958],[110.20527,18.740428],[110.205483,18.740912],[110.205606,18.741456],[110.205622,18.741837],[110.205614,18.741934],[110.205585,18.742252],[110.205257,18.745567],[110.205123,18.746919],[110.205119,18.747175],[110.205182,18.747348],[110.205644,18.748197],[110.205886,18.748486],[110.206387,18.748857],[110.206493,18.748935],[110.206678,18.748777],[110.206819,18.748728],[110.20714,18.74873],[110.207843,18.748772],[110.209297,18.74887],[110.210604,18.748944],[110.21102,18.74897],[110.21385,18.749146],[110.214926,18.749214],[110.217804,18.749376],[110.218339,18.749404],[110.222752,18.749689],[110.222926,18.7497],[110.223096,18.74971],[110.227563,18.749982],[110.229999,18.750133],[110.230949,18.750203],[110.230987,18.750098],[110.231079,18.749824],[110.232149,18.746776],[110.23509,18.73836],[110.238607,18.728639],[110.239861,18.725083],[110.239901,18.724964],[110.240379,18.72359],[110.240977,18.721843],[110.242155,18.718442],[110.242763,18.716459],[110.243415,18.714654],[110.244611,18.711349],[110.245098,18.709933],[110.245522,18.708703],[110.246373,18.70623],[110.246818,18.704974],[110.249155,18.697831],[110.249906,18.695955],[110.250034,18.69558],[110.251724,18.69194],[110.254298,18.686202],[110.254578,18.685368],[110.255527,18.682615],[110.255599,18.682421],[110.255684,18.682253],[110.255786,18.682122],[110.25594,18.681995],[110.256221,18.681857],[110.256762,18.68174],[110.257266,18.681644],[110.257974,18.681515],[110.258154,18.681449],[110.258285,18.681364],[110.258378,18.681263],[110.258454,18.681125],[110.258492,18.681001],[110.258489,18.680836],[110.258457,18.680653],[110.258366,18.680408],[110.257909,18.679329],[110.256634,18.676295],[110.256566,18.676099],[110.256512,18.675898],[110.25645,18.675502],[110.256413,18.675096],[110.256342,18.673928],[110.256301,18.673421],[110.256252,18.673322],[110.256508,18.673123],[110.25718,18.67279],[110.25829,18.67224],[110.258436,18.672208],[110.258992,18.671956],[110.259484,18.671779],[110.259886,18.671604],[110.26021,18.671424],[110.260474,18.671231],[110.260734,18.671011],[110.260986,18.670763],[110.261187,18.670517],[110.262597,18.668744],[110.264155,18.666999],[110.265853,18.665352],[110.266298,18.665871],[110.266483,18.666008],[110.266725,18.66597],[110.266976,18.665993],[110.267265,18.66602],[110.267554,18.66585],[110.267882,18.665352],[110.268112,18.665167],[110.268601,18.665087],[110.269544,18.665263],[110.270442,18.665457],[110.271217,18.665621],[110.271877,18.665761],[110.272569,18.665937],[110.272667,18.666143],[110.272802,18.666411],[110.273085,18.666635],[110.273425,18.666766],[110.273923,18.666733],[110.27482,18.667194],[110.275264,18.667541],[110.275738,18.66791],[110.275885,18.668203],[110.276272,18.668509],[110.276276,18.668587],[110.276279,18.668642],[110.275868,18.670331],[110.276076,18.670422],[110.276489,18.670604],[110.277181,18.670782],[110.277845,18.67083],[110.278511,18.670921],[110.278786,18.671043],[110.279025,18.671316],[110.279392,18.671618],[110.280226,18.672067],[110.280571,18.672156],[110.280654,18.672178],[110.280917,18.672246],[110.281748,18.672292],[110.282399,18.67229],[110.283262,18.672168],[110.283301,18.672155],[110.283905,18.671958],[110.284201,18.671855],[110.284447,18.671707],[110.284753,18.671464],[110.285267,18.671024],[110.28571,18.670492],[110.28613,18.669895],[110.286505,18.669355],[110.286752,18.669092],[110.286965,18.668939],[110.287336,18.668875],[110.287639,18.668863],[110.287987,18.668938],[110.288306,18.669008],[110.288836,18.668911],[110.289386,18.66879],[110.290192,18.668424],[110.290633,18.668319],[110.291003,18.668309],[110.291374,18.668348],[110.292298,18.66867],[110.292718,18.668832],[110.293256,18.669554],[110.294028,18.670322],[110.294786,18.670854],[110.295799,18.671532],[110.296298,18.67175],[110.297425,18.67209],[110.297614,18.672171],[110.297929,18.672304],[110.298172,18.672359],[110.298456,18.672345],[110.298714,18.672266],[110.298931,18.672123],[110.299107,18.671924],[110.299232,18.671697],[110.299376,18.671272],[110.299505,18.671073],[110.299683,18.670944],[110.299922,18.670893],[110.300154,18.670938],[110.300382,18.671057],[110.30062,18.671183],[110.300827,18.671246],[110.301034,18.671251],[110.30123,18.671218],[110.301847,18.670939],[110.302145,18.670882],[110.302405,18.670893],[110.302731,18.670957],[110.303068,18.671],[110.30334,18.670996],[110.303966,18.670874],[110.304202,18.670877],[110.30457,18.67094],[110.3051,18.671043],[110.305314,18.671126],[110.305492,18.671237],[110.305667,18.671391],[110.305835,18.671622],[110.306244,18.672374],[110.306422,18.67261],[110.30662,18.672791],[110.306809,18.67291],[110.307017,18.673014],[110.307501,18.673243],[110.307953,18.673472],[110.308651,18.673807],[110.309575,18.674199],[110.309864,18.67431],[110.310049,18.674348],[110.310226,18.674346],[110.310392,18.67431],[110.310537,18.674226],[110.310658,18.674114],[110.310693,18.674059],[110.310784,18.673916],[110.310853,18.67371],[110.310859,18.673497],[110.31077,18.673048],[110.31074,18.672899],[110.310655,18.672433],[110.310647,18.672176],[110.310689,18.671925],[110.310826,18.671578],[110.311195,18.671218],[110.311437,18.671084],[110.311705,18.670995],[110.311879,18.670963],[110.312144,18.670975],[110.312595,18.671145],[110.313413,18.671425],[110.313917,18.671468],[110.314502,18.671501],[110.314892,18.671701],[110.315211,18.672025],[110.315478,18.672374],[110.315795,18.672623],[110.316891,18.67306],[110.317852,18.673369],[110.318723,18.67356],[110.319015,18.673642],[110.319319,18.673754],[110.319571,18.673866],[110.31982,18.674018],[110.320051,18.674201],[110.320394,18.674496],[110.321752,18.675736],[110.322459,18.676379],[110.323408,18.677252],[110.323977,18.677888],[110.324006,18.678055],[110.324024,18.678771],[110.324228,18.67937],[110.324639,18.679894],[110.325219,18.680255],[110.325806,18.680422],[110.328596,18.680558],[110.329009,18.680579],[110.329012,18.680192],[110.329009,18.679486],[110.329043,18.678683],[110.329021,18.678308],[110.328995,18.677988],[110.328991,18.677825],[110.328934,18.67773],[110.328923,18.67762],[110.328968,18.677505],[110.329063,18.677423],[110.329188,18.677391],[110.329315,18.677416],[110.329415,18.677494],[110.329467,18.677606],[110.329458,18.677729],[110.329728,18.677744],[110.330375,18.677842],[110.330773,18.677883],[110.331247,18.677857],[110.331866,18.677717],[110.332582,18.677511],[110.333199,18.677338],[110.333875,18.677161],[110.336738,18.676305],[110.337475,18.676128],[110.338696,18.67581],[110.339878,18.675574],[110.340579,18.675627],[110.341371,18.675936],[110.342079,18.676036],[110.342695,18.675781],[110.343128,18.675339],[110.343382,18.675278],[110.344026,18.675278],[110.344392,18.675126],[110.344349,18.675068],[110.344231,18.674976],[110.343214,18.674963],[110.34323,18.674633],[110.342375,18.674557],[110.342351,18.674028],[110.342179,18.673939],[110.34194,18.673942],[110.341766,18.67399],[110.341546,18.673962],[110.341219,18.673848],[110.340763,18.673761],[110.340735,18.673544]]}},{"type":"Feature","properties":{"dayId":3,"legId":"D3-drive","mode":"drive","label":"神州半岛—日月湾—神州半岛海岸—君悦","distanceKm":43.7,"durationHours":0.8,"source":"OSRM / OpenStreetMap, fetched 2026-08-11"},"geometry":{"type":"LineString","coordinates":[[110.340735,18.673544],[110.340763,18.673761],[110.341219,18.673848],[110.341546,18.673962],[110.341766,18.67399],[110.34194,18.673942],[110.342179,18.673939],[110.342351,18.674028],[110.342375,18.674557],[110.34323,18.674633],[110.343214,18.674963],[110.344231,18.674976],[110.344349,18.675068],[110.344392,18.675126],[110.344026,18.675278],[110.343382,18.675278],[110.343128,18.675339],[110.342695,18.675781],[110.342079,18.676036],[110.341371,18.675936],[110.340579,18.675627],[110.339878,18.675574],[110.338696,18.67581],[110.337475,18.676128],[110.336738,18.676305],[110.333875,18.677161],[110.333199,18.677338],[110.332582,18.677511],[110.331866,18.677717],[110.331247,18.677857],[110.330773,18.677883],[110.330375,18.677842],[110.329728,18.677744],[110.329458,18.677729],[110.329373,18.67785],[110.329313,18.678101],[110.329164,18.678651],[110.329097,18.679422],[110.329095,18.680199],[110.329086,18.680583],[110.329009,18.680579],[110.328596,18.680558],[110.325806,18.680422],[110.325219,18.680255],[110.324639,18.679894],[110.324228,18.67937],[110.324024,18.678771],[110.324006,18.678055],[110.323977,18.677888],[110.323408,18.677252],[110.322459,18.676379],[110.321752,18.675736],[110.320394,18.674496],[110.320051,18.674201],[110.31982,18.674018],[110.319571,18.673866],[110.319319,18.673754],[110.319015,18.673642],[110.318723,18.67356],[110.317852,18.673369],[110.316891,18.67306],[110.315795,18.672623],[110.315478,18.672374],[110.315211,18.672025],[110.314892,18.671701],[110.314502,18.671501],[110.313917,18.671468],[110.313413,18.671425],[110.312595,18.671145],[110.312144,18.670975],[110.311879,18.670963],[110.311705,18.670995],[110.311437,18.671084],[110.311195,18.671218],[110.310826,18.671578],[110.310689,18.671925],[110.310647,18.672176],[110.310655,18.672433],[110.31074,18.672899],[110.31077,18.673048],[110.310859,18.673497],[110.310853,18.67371],[110.310784,18.673916],[110.310693,18.674059],[110.310658,18.674114],[110.310537,18.674226],[110.310392,18.67431],[110.310226,18.674346],[110.310049,18.674348],[110.309864,18.67431],[110.309575,18.674199],[110.308651,18.673807],[110.307953,18.673472],[110.307501,18.673243],[110.307017,18.673014],[110.306809,18.67291],[110.30662,18.672791],[110.306422,18.67261],[110.306244,18.672374],[110.305835,18.671622],[110.305667,18.671391],[110.305492,18.671237],[110.305314,18.671126],[110.3051,18.671043],[110.30457,18.67094],[110.304202,18.670877],[110.303966,18.670874],[110.30334,18.670996],[110.303068,18.671],[110.302731,18.670957],[110.302405,18.670893],[110.302145,18.670882],[110.301847,18.670939],[110.30123,18.671218],[110.301034,18.671251],[110.300827,18.671246],[110.30062,18.671183],[110.300382,18.671057],[110.300154,18.670938],[110.299922,18.670893],[110.299683,18.670944],[110.299505,18.671073],[110.299376,18.671272],[110.299232,18.671697],[110.299107,18.671924],[110.298931,18.672123],[110.298714,18.672266],[110.298456,18.672345],[110.298172,18.672359],[110.297929,18.672304],[110.297614,18.672171],[110.297425,18.67209],[110.296298,18.67175],[110.295799,18.671532],[110.294786,18.670854],[110.294028,18.670322],[110.293256,18.669554],[110.292718,18.668832],[110.292298,18.66867],[110.291374,18.668348],[110.291003,18.668309],[110.290633,18.668319],[110.290192,18.668424],[110.289386,18.66879],[110.288836,18.668911],[110.288306,18.669008],[110.287987,18.668938],[110.287639,18.668863],[110.287336,18.668875],[110.286965,18.668939],[110.286752,18.669092],[110.286505,18.669355],[110.28613,18.669895],[110.28571,18.670492],[110.285267,18.671024],[110.284753,18.671464],[110.284447,18.671707],[110.284201,18.671855],[110.283905,18.671958],[110.283301,18.672155],[110.283262,18.672168],[110.282399,18.67229],[110.281748,18.672292],[110.280917,18.672246],[110.280654,18.672178],[110.280571,18.672156],[110.280226,18.672067],[110.279392,18.671618],[110.279025,18.671316],[110.278786,18.671043],[110.278511,18.670921],[110.277845,18.67083],[110.277181,18.670782],[110.276489,18.670604],[110.276076,18.670422],[110.275868,18.670331],[110.274888,18.670087],[110.273822,18.669764],[110.273206,18.669608],[110.272711,18.669384],[110.272295,18.669098],[110.271968,18.668993],[110.271598,18.669018],[110.271308,18.669205],[110.271002,18.669392],[110.270208,18.669552],[110.269738,18.669648],[110.269219,18.669642],[110.268368,18.669526],[110.267955,18.669566],[110.267583,18.66959],[110.267035,18.669386],[110.266726,18.6694],[110.266128,18.669678],[110.265762,18.669892],[110.265244,18.669884],[110.264881,18.669839],[110.264301,18.669692],[110.263961,18.669562],[110.263606,18.669209],[110.263129,18.668932],[110.262597,18.668744],[110.261187,18.670517],[110.260986,18.670763],[110.260734,18.671011],[110.260474,18.671231],[110.26021,18.671424],[110.259886,18.671604],[110.259484,18.671779],[110.258992,18.671956],[110.258436,18.672208],[110.258321,18.67234],[110.25655,18.673227],[110.256252,18.673322],[110.255727,18.67358],[110.254761,18.674055],[110.254295,18.674288],[110.254132,18.674376],[110.254025,18.674482],[110.253979,18.674581],[110.253968,18.674697],[110.253996,18.674803],[110.254044,18.674873],[110.254104,18.674913],[110.254207,18.674943],[110.254292,18.674951],[110.254359,18.674953],[110.254456,18.67493],[110.254533,18.674871],[110.254584,18.67478],[110.254606,18.674665],[110.254587,18.674438],[110.25347,18.672511],[110.252569,18.671225],[110.251712,18.669999],[110.250856,18.668793],[110.249941,18.667452],[110.249643,18.66699],[110.249211,18.666218],[110.249126,18.666074],[110.248905,18.665699],[110.24861,18.665169],[110.248533,18.665028],[110.248142,18.664254],[110.24777,18.663492],[110.247651,18.663231],[110.247356,18.662418],[110.24701,18.661496],[110.246708,18.660631],[110.246332,18.659413],[110.245903,18.658081],[110.245723,18.657468],[110.24554,18.656883],[110.245076,18.655595],[110.244748,18.654502],[110.244346,18.65326],[110.244041,18.652348],[110.243476,18.651259],[110.243013,18.650493],[110.242536,18.64983],[110.242012,18.649213],[110.241532,18.648658],[110.241331,18.64848],[110.241095,18.648282],[110.240733,18.647996],[110.240242,18.647644],[110.239984,18.647465],[110.239085,18.646904],[110.237514,18.646186],[110.235803,18.645434],[110.233525,18.644263],[110.231395,18.642892],[110.231098,18.642681],[110.230071,18.641737],[110.2282,18.63996],[110.226919,18.638771],[110.226145,18.638038],[110.225017,18.637255],[110.223488,18.636215],[110.221302,18.635056],[110.218159,18.633792],[110.214616,18.632396],[110.213922,18.632113],[110.209829,18.630452],[110.20956,18.630391],[110.209331,18.630397],[110.209192,18.630424],[110.209029,18.630489],[110.208857,18.630583],[110.208691,18.630659],[110.208573,18.630716],[110.208442,18.630727],[110.208278,18.630686],[110.208167,18.630594],[110.208087,18.630457],[110.208063,18.630333],[110.208104,18.630174],[110.208217,18.629897],[110.20833,18.629623],[110.208601,18.628962],[110.208954,18.628212],[110.209056,18.628017],[110.209168,18.627921],[110.209328,18.627841],[110.209578,18.627804],[110.211601,18.627894],[110.211808,18.627931],[110.211985,18.627988],[110.212689,18.628265],[110.21288,18.628376],[110.213046,18.628512],[110.213371,18.628891],[110.213493,18.629051],[110.213583,18.629304],[110.213695,18.629894],[110.213717,18.630012],[110.213761,18.630307],[110.213784,18.630406],[110.213878,18.630521],[110.213949,18.630587],[110.214232,18.630714],[110.214685,18.630905],[110.21509,18.631063],[110.215155,18.631131],[110.215182,18.631231],[110.21525,18.631569],[110.215429,18.631642],[110.215533,18.631753],[110.215584,18.63185],[110.215699,18.632],[110.215817,18.632066],[110.216003,18.632104],[110.216016,18.631997],[110.215973,18.631906],[110.215879,18.631819],[110.215756,18.631743],[110.215651,18.631743],[110.215533,18.631753],[110.215429,18.631642],[110.21525,18.631569],[110.215182,18.631231],[110.215155,18.631131],[110.21509,18.631063],[110.214685,18.630905],[110.214232,18.630714],[110.213949,18.630587],[110.213878,18.630521],[110.213784,18.630406],[110.213761,18.630307],[110.213717,18.630012],[110.213583,18.629304],[110.213493,18.629051],[110.213371,18.628891],[110.213046,18.628512],[110.21288,18.628376],[110.212689,18.628265],[110.211985,18.627988],[110.211808,18.627931],[110.211601,18.627894],[110.209578,18.627804],[110.209328,18.627841],[110.209168,18.627921],[110.209056,18.628017],[110.208954,18.628212],[110.208601,18.628962],[110.20864,18.629171],[110.208695,18.629343],[110.208792,18.629515],[110.20892,18.629706],[110.209137,18.629902],[110.209581,18.630239],[110.213963,18.632008],[110.214663,18.632296],[110.22133,18.634994],[110.223533,18.636167],[110.226197,18.63799],[110.231143,18.642623],[110.233584,18.644214],[110.235845,18.645354],[110.237561,18.646117],[110.239122,18.646824],[110.239606,18.647094],[110.240056,18.647395],[110.240509,18.647709],[110.240788,18.647921],[110.241162,18.648193],[110.2414,18.64842],[110.241607,18.64861],[110.241781,18.648782],[110.242086,18.649164],[110.242664,18.649864],[110.243135,18.650497],[110.243497,18.651118],[110.243878,18.651852],[110.244132,18.652324],[110.244238,18.652686],[110.244825,18.65449],[110.245168,18.65559],[110.245612,18.656841],[110.245821,18.657443],[110.246012,18.658062],[110.246152,18.658655],[110.246404,18.659385],[110.246795,18.660587],[110.247102,18.66147],[110.247425,18.66237],[110.247755,18.663222],[110.24785,18.663442],[110.248213,18.66422],[110.248622,18.664984],[110.2487,18.66513],[110.249245,18.666017],[110.249325,18.666151],[110.249753,18.666938],[110.250032,18.66739],[110.250952,18.668739],[110.251778,18.669922],[110.252643,18.671165],[110.253108,18.671791],[110.253557,18.672461],[110.253873,18.67283],[110.254163,18.673185],[110.254323,18.673368],[110.25451,18.67351],[110.254689,18.673596],[110.254903,18.673649],[110.255096,18.673664],[110.255311,18.673659],[110.255727,18.67358],[110.256252,18.673322],[110.256508,18.673123],[110.25718,18.67279],[110.25829,18.67224],[110.258436,18.672208],[110.258992,18.671956],[110.259484,18.671779],[110.259886,18.671604],[110.26021,18.671424],[110.260474,18.671231],[110.260734,18.671011],[110.260986,18.670763],[110.261187,18.670517],[110.262597,18.668744],[110.263129,18.668932],[110.263606,18.669209],[110.263961,18.669562],[110.264301,18.669692],[110.264881,18.669839],[110.265244,18.669884],[110.265762,18.669892],[110.266128,18.669678],[110.266726,18.6694],[110.267035,18.669386],[110.267583,18.66959],[110.267955,18.669566],[110.268368,18.669526],[110.269219,18.669642],[110.269738,18.669648],[110.270208,18.669552],[110.271002,18.669392],[110.271308,18.669205],[110.271598,18.669018],[110.271968,18.668993],[110.272295,18.669098],[110.272711,18.669384],[110.273206,18.669608],[110.273822,18.669764],[110.274888,18.670087],[110.275868,18.670331],[110.276076,18.670422],[110.276489,18.670604],[110.277181,18.670782],[110.277845,18.67083],[110.278511,18.670921],[110.278786,18.671043],[110.279025,18.671316],[110.279392,18.671618],[110.280226,18.672067],[110.280571,18.672156],[110.280654,18.672178],[110.280917,18.672246],[110.281748,18.672292],[110.282399,18.67229],[110.283262,18.672168],[110.283301,18.672155],[110.283905,18.671958],[110.284201,18.671855],[110.284447,18.671707],[110.284753,18.671464],[110.285267,18.671024],[110.28571,18.670492],[110.28613,18.669895],[110.286505,18.669355],[110.286752,18.669092],[110.286965,18.668939],[110.287336,18.668875],[110.287639,18.668863],[110.287987,18.668938],[110.288306,18.669008],[110.288836,18.668911],[110.289386,18.66879],[110.290192,18.668424],[110.290633,18.668319],[110.291003,18.668309],[110.291374,18.668348],[110.292298,18.66867],[110.292718,18.668832],[110.293256,18.669554],[110.294028,18.670322],[110.294786,18.670854],[110.295799,18.671532],[110.296298,18.67175],[110.297425,18.67209],[110.297614,18.672171],[110.297929,18.672304],[110.298172,18.672359],[110.298456,18.672345],[110.298714,18.672266],[110.298931,18.672123],[110.299107,18.671924],[110.299232,18.671697],[110.299376,18.671272],[110.299505,18.671073],[110.299683,18.670944],[110.299922,18.670893],[110.300154,18.670938],[110.300382,18.671057],[110.30062,18.671183],[110.300827,18.671246],[110.301034,18.671251],[110.30123,18.671218],[110.301847,18.670939],[110.302145,18.670882],[110.302405,18.670893],[110.302731,18.670957],[110.303068,18.671],[110.30334,18.670996],[110.303966,18.670874],[110.304202,18.670877],[110.30457,18.67094],[110.3051,18.671043],[110.305314,18.671126],[110.305492,18.671237],[110.305667,18.671391],[110.305835,18.671622],[110.306244,18.672374],[110.306422,18.67261],[110.30662,18.672791],[110.306809,18.67291],[110.307017,18.673014],[110.307501,18.673243],[110.307953,18.673472],[110.308651,18.673807],[110.309575,18.674199],[110.309864,18.67431],[110.310049,18.674348],[110.310226,18.674346],[110.310392,18.67431],[110.310537,18.674226],[110.310658,18.674114],[110.310693,18.674059],[110.310784,18.673916],[110.310853,18.67371],[110.310859,18.673497],[110.31077,18.673048],[110.31074,18.672899],[110.310655,18.672433],[110.310647,18.672176],[110.310689,18.671925],[110.310826,18.671578],[110.311195,18.671218],[110.311437,18.671084],[110.311705,18.670995],[110.311879,18.670963],[110.312144,18.670975],[110.312595,18.671145],[110.313413,18.671425],[110.313917,18.671468],[110.314502,18.671501],[110.314892,18.671701],[110.315211,18.672025],[110.315478,18.672374],[110.315795,18.672623],[110.316891,18.67306],[110.317852,18.673369],[110.318723,18.67356],[110.319015,18.673642],[110.319319,18.673754],[110.319571,18.673866],[110.31982,18.674018],[110.320051,18.674201],[110.320394,18.674496],[110.321752,18.675736],[110.322459,18.676379],[110.323408,18.677252],[110.323977,18.677888],[110.324006,18.678055],[110.324024,18.678771],[110.324228,18.67937],[110.324639,18.679894],[110.325219,18.680255],[110.325806,18.680422],[110.328596,18.680558],[110.329009,18.680579],[110.329012,18.680192],[110.329009,18.679486],[110.329043,18.678683],[110.329021,18.678308],[110.328995,18.677988],[110.328991,18.677825],[110.328934,18.67773],[110.328923,18.67762],[110.328968,18.677505],[110.329063,18.677423],[110.329188,18.677391],[110.329315,18.677416],[110.329415,18.677494],[110.329467,18.677606],[110.329458,18.677729],[110.329728,18.677744],[110.330375,18.677842],[110.330773,18.677883],[110.331247,18.677857],[110.331866,18.677717],[110.332582,18.677511],[110.333199,18.677338],[110.333875,18.677161],[110.336738,18.676305],[110.337475,18.676128],[110.338696,18.67581],[110.339878,18.675574],[110.340579,18.675627],[110.341371,18.675936],[110.342079,18.676036],[110.34222,18.676614],[110.342244,18.676714],[110.342456,18.678068],[110.342643,18.678856],[110.343221,18.679686],[110.344215,18.680185],[110.345177,18.680623],[110.345255,18.680658],[110.34584,18.680925],[110.348662,18.681918],[110.349611,18.680062],[110.350252,18.67909],[110.347805,18.678316],[110.34677,18.677988],[110.346715,18.677969],[110.346792,18.677647],[110.346782,18.677344],[110.34669,18.676346],[110.34648,18.676025],[110.346409,18.675282],[110.346372,18.674596],[110.346391,18.674425],[110.346496,18.674187],[110.346473,18.674043],[110.34638,18.67386],[110.346208,18.673693],[110.345923,18.673562],[110.345505,18.673602],[110.345144,18.673813],[110.344984,18.674178],[110.344853,18.67466],[110.344542,18.675064],[110.344392,18.675126],[110.344349,18.675068],[110.344231,18.674976],[110.343214,18.674963],[110.34323,18.674633],[110.342375,18.674557],[110.342351,18.674028],[110.342179,18.673939],[110.34194,18.673942],[110.341766,18.67399],[110.341546,18.673962],[110.341219,18.673848],[110.340763,18.673761],[110.340735,18.673544]]}},{"type":"Feature","properties":{"dayId":4,"legId":"D4-drive","mode":"drive","label":"万宁神州半岛—新村港—清水湾—三亚海棠湾","distanceKm":130.2,"durationHours":2,"source":"OSRM / OpenStreetMap, fetched 2026-08-11"},"geometry":{"type":"LineString","coordinates":[[110.340735,18.673544],[110.340763,18.673761],[110.341219,18.673848],[110.341546,18.673962],[110.341766,18.67399],[110.34194,18.673942],[110.342179,18.673939],[110.342351,18.674028],[110.342375,18.674557],[110.34323,18.674633],[110.343214,18.674963],[110.344231,18.674976],[110.344349,18.675068],[110.344392,18.675126],[110.344026,18.675278],[110.343382,18.675278],[110.343128,18.675339],[110.342695,18.675781],[110.342079,18.676036],[110.341371,18.675936],[110.340579,18.675627],[110.339878,18.675574],[110.338696,18.67581],[110.337475,18.676128],[110.336738,18.676305],[110.333875,18.677161],[110.333199,18.677338],[110.332582,18.677511],[110.331866,18.677717],[110.331247,18.677857],[110.330773,18.677883],[110.330375,18.677842],[110.329728,18.677744],[110.329458,18.677729],[110.329373,18.67785],[110.329313,18.678101],[110.329164,18.678651],[110.329097,18.679422],[110.329095,18.680199],[110.329086,18.680583],[110.329009,18.680579],[110.328596,18.680558],[110.325806,18.680422],[110.325219,18.680255],[110.324639,18.679894],[110.324228,18.67937],[110.324024,18.678771],[110.324006,18.678055],[110.323977,18.677888],[110.323408,18.677252],[110.322459,18.676379],[110.321752,18.675736],[110.320394,18.674496],[110.320051,18.674201],[110.31982,18.674018],[110.319571,18.673866],[110.319319,18.673754],[110.319015,18.673642],[110.318723,18.67356],[110.317852,18.673369],[110.316891,18.67306],[110.315795,18.672623],[110.315478,18.672374],[110.315211,18.672025],[110.314892,18.671701],[110.314502,18.671501],[110.313917,18.671468],[110.313413,18.671425],[110.312595,18.671145],[110.312144,18.670975],[110.311879,18.670963],[110.311705,18.670995],[110.311437,18.671084],[110.311195,18.671218],[110.310826,18.671578],[110.310689,18.671925],[110.310647,18.672176],[110.310655,18.672433],[110.31074,18.672899],[110.31077,18.673048],[110.310859,18.673497],[110.310853,18.67371],[110.310784,18.673916],[110.310693,18.674059],[110.310658,18.674114],[110.310537,18.674226],[110.310392,18.67431],[110.310226,18.674346],[110.310049,18.674348],[110.309864,18.67431],[110.309575,18.674199],[110.308651,18.673807],[110.307953,18.673472],[110.307501,18.673243],[110.307017,18.673014],[110.306809,18.67291],[110.30662,18.672791],[110.306422,18.67261],[110.306244,18.672374],[110.305835,18.671622],[110.305667,18.671391],[110.305492,18.671237],[110.305314,18.671126],[110.3051,18.671043],[110.30457,18.67094],[110.304202,18.670877],[110.303966,18.670874],[110.30334,18.670996],[110.303068,18.671],[110.302731,18.670957],[110.302405,18.670893],[110.302145,18.670882],[110.301847,18.670939],[110.30123,18.671218],[110.301034,18.671251],[110.300827,18.671246],[110.30062,18.671183],[110.300382,18.671057],[110.300154,18.670938],[110.299922,18.670893],[110.299683,18.670944],[110.299505,18.671073],[110.299376,18.671272],[110.299232,18.671697],[110.299107,18.671924],[110.298931,18.672123],[110.298714,18.672266],[110.298456,18.672345],[110.298172,18.672359],[110.297929,18.672304],[110.297614,18.672171],[110.297425,18.67209],[110.296298,18.67175],[110.295799,18.671532],[110.294786,18.670854],[110.294028,18.670322],[110.293256,18.669554],[110.292718,18.668832],[110.292298,18.66867],[110.291374,18.668348],[110.291003,18.668309],[110.290633,18.668319],[110.290192,18.668424],[110.289386,18.66879],[110.288836,18.668911],[110.288306,18.669008],[110.287987,18.668938],[110.287639,18.668863],[110.287336,18.668875],[110.286965,18.668939],[110.286752,18.669092],[110.286505,18.669355],[110.28613,18.669895],[110.28571,18.670492],[110.285267,18.671024],[110.284753,18.671464],[110.284447,18.671707],[110.284201,18.671855],[110.283905,18.671958],[110.283301,18.672155],[110.283262,18.672168],[110.282399,18.67229],[110.281748,18.672292],[110.280917,18.672246],[110.280654,18.672178],[110.280571,18.672156],[110.280226,18.672067],[110.279392,18.671618],[110.279025,18.671316],[110.278786,18.671043],[110.278511,18.670921],[110.277845,18.67083],[110.277181,18.670782],[110.276489,18.670604],[110.276076,18.670422],[110.275868,18.670331],[110.274888,18.670087],[110.273822,18.669764],[110.273206,18.669608],[110.272711,18.669384],[110.272295,18.669098],[110.271968,18.668993],[110.271598,18.669018],[110.271308,18.669205],[110.271002,18.669392],[110.270208,18.669552],[110.269738,18.669648],[110.269219,18.669642],[110.268368,18.669526],[110.267955,18.669566],[110.267583,18.66959],[110.267035,18.669386],[110.266726,18.6694],[110.266128,18.669678],[110.265762,18.669892],[110.265244,18.669884],[110.264881,18.669839],[110.264301,18.669692],[110.263961,18.669562],[110.263606,18.669209],[110.263129,18.668932],[110.262597,18.668744],[110.261187,18.670517],[110.260986,18.670763],[110.260734,18.671011],[110.260474,18.671231],[110.26021,18.671424],[110.259886,18.671604],[110.259484,18.671779],[110.258992,18.671956],[110.258436,18.672208],[110.258321,18.67234],[110.25655,18.673227],[110.256252,18.673322],[110.255727,18.67358],[110.254761,18.674055],[110.254295,18.674288],[110.254132,18.674376],[110.254025,18.674482],[110.253979,18.674581],[110.253968,18.674697],[110.253996,18.674803],[110.254044,18.674873],[110.254104,18.674913],[110.254207,18.674943],[110.254292,18.674951],[110.254359,18.674953],[110.254456,18.67493],[110.254533,18.674871],[110.254584,18.67478],[110.254606,18.674665],[110.254587,18.674438],[110.25347,18.672511],[110.252569,18.671225],[110.251712,18.669999],[110.250856,18.668793],[110.249941,18.667452],[110.249643,18.66699],[110.249211,18.666218],[110.249126,18.666074],[110.248905,18.665699],[110.24861,18.665169],[110.248533,18.665028],[110.248142,18.664254],[110.24777,18.663492],[110.247651,18.663231],[110.247356,18.662418],[110.24701,18.661496],[110.246708,18.660631],[110.246332,18.659413],[110.245903,18.658081],[110.245723,18.657468],[110.24554,18.656883],[110.245076,18.655595],[110.244748,18.654502],[110.244346,18.65326],[110.244041,18.652348],[110.243476,18.651259],[110.243013,18.650493],[110.242536,18.64983],[110.242012,18.649213],[110.241532,18.648658],[110.241331,18.64848],[110.241095,18.648282],[110.240733,18.647996],[110.240242,18.647644],[110.239984,18.647465],[110.239085,18.646904],[110.237514,18.646186],[110.235803,18.645434],[110.233525,18.644263],[110.231395,18.642892],[110.231098,18.642681],[110.230071,18.641737],[110.2282,18.63996],[110.226919,18.638771],[110.226145,18.638038],[110.225017,18.637255],[110.223488,18.636215],[110.221302,18.635056],[110.218159,18.633792],[110.214616,18.632396],[110.213922,18.632113],[110.209829,18.630452],[110.208349,18.629856],[110.207379,18.629417],[110.205602,18.628668],[110.203463,18.627691],[110.201355,18.626654],[110.201274,18.626614],[110.199175,18.625483],[110.198547,18.625139],[110.197525,18.624573],[110.194786,18.622972],[110.193123,18.621996],[110.191932,18.621304],[110.19028,18.620312],[110.188677,18.61921],[110.187619,18.618416],[110.186668,18.617589],[110.185909,18.616905],[110.185149,18.616152],[110.184372,18.615327],[110.18363,18.614484],[110.183026,18.61376],[110.182458,18.61306],[110.181417,18.61178],[110.180728,18.610962],[110.180087,18.610154],[110.178569,18.608314],[110.17742,18.606874],[110.176959,18.606296],[110.176193,18.605297],[110.175893,18.604922],[110.1754,18.603919],[110.175218,18.603416],[110.17509,18.60285],[110.175005,18.602421],[110.174944,18.601798],[110.174971,18.601185],[110.175071,18.600474],[110.175411,18.599395],[110.175991,18.597826],[110.176187,18.597198],[110.17633,18.596567],[110.176519,18.595435],[110.176495,18.594349],[110.17633,18.593198],[110.1761,18.592522],[110.175948,18.592091],[110.175759,18.591666],[110.175477,18.591154],[110.175135,18.590581],[110.174177,18.589494],[110.173439,18.588918],[110.173048,18.588629],[110.172662,18.588381],[110.172207,18.588126],[110.172082,18.588056],[110.172025,18.588024],[110.171645,18.58784],[110.170336,18.58719],[110.168084,18.586093],[110.167422,18.585814],[110.167034,18.585676],[110.166588,18.585545],[110.166072,18.58542],[110.165435,18.585306],[110.164754,18.585242],[110.163443,18.585145],[110.162504,18.585077],[110.161822,18.584977],[110.161114,18.584805],[110.159934,18.584393],[110.158183,18.583591],[110.156416,18.582749],[110.154974,18.582027],[110.153534,18.581157],[110.151968,18.579876],[110.149319,18.576836],[110.148757,18.576174],[110.147254,18.574604],[110.145962,18.573327],[110.144927,18.572462],[110.144414,18.572054],[110.14353,18.571435],[110.142804,18.570964],[110.142015,18.570498],[110.141099,18.569978],[110.139412,18.569122],[110.135763,18.567298],[110.133213,18.566008],[110.131981,18.565347],[110.13133,18.565016],[110.129599,18.56414],[110.128628,18.563655],[110.127484,18.563077],[110.126921,18.562775],[110.125205,18.561909],[110.124446,18.561531],[110.120656,18.559601],[110.118836,18.558754],[110.117867,18.558365],[110.116573,18.557908],[110.115797,18.557674],[110.114685,18.557387],[110.113671,18.557169],[110.112794,18.557012],[110.111727,18.556865],[110.111048,18.556803],[110.110233,18.556752],[110.109454,18.556738],[110.10815,18.556749],[110.107511,18.556779],[110.107265,18.556796],[110.106441,18.556867],[110.105039,18.55701],[110.103506,18.557155],[110.103035,18.5572],[110.102411,18.557244],[110.101433,18.557271],[110.100335,18.557263],[110.099698,18.557239],[110.098791,18.557182],[110.097982,18.557102],[110.097241,18.557006],[110.0963,18.556846],[110.095398,18.556667],[110.094583,18.556461],[110.093982,18.55629],[110.093629,18.55618],[110.093138,18.556021],[110.092684,18.55586],[110.092242,18.555699],[110.091823,18.555538],[110.091307,18.555325],[110.0907,18.555053],[110.090308,18.554877],[110.089424,18.554461],[110.087228,18.553422],[110.082005,18.550958],[110.075983,18.548114],[110.075571,18.547917],[110.074189,18.547282],[110.072984,18.546753],[110.072223,18.54641],[110.071248,18.546016],[110.070415,18.545681],[110.069273,18.545255],[110.068091,18.544843],[110.066836,18.54442],[110.065291,18.543944],[110.064014,18.543576],[110.062966,18.543291],[110.061513,18.542934],[110.060765,18.542762],[110.059506,18.542484],[110.058889,18.54236],[110.057637,18.542117],[110.055433,18.541687],[110.052979,18.541193],[110.050392,18.54066],[110.047665,18.540133],[110.045818,18.539767],[110.045021,18.539582],[110.044411,18.539418],[110.043445,18.539105],[110.042761,18.53885],[110.042272,18.538647],[110.041949,18.538505],[110.041136,18.538133],[110.040512,18.537804],[110.039692,18.53734],[110.038377,18.536434],[110.037897,18.536076],[110.037569,18.53581],[110.037247,18.535539],[110.036731,18.535088],[110.036141,18.534527],[110.035363,18.533768],[110.034281,18.53278],[110.034006,18.532515],[110.03368,18.532223],[110.033354,18.531939],[110.033147,18.531791],[110.033051,18.531747],[110.032936,18.531713],[110.032829,18.531707],[110.032732,18.531717],[110.032636,18.531748],[110.032549,18.531788],[110.03246,18.531855],[110.032352,18.531965],[110.032019,18.53246],[110.03197,18.532536],[110.031912,18.532631],[110.031872,18.532723],[110.031849,18.532804],[110.031842,18.532904],[110.031848,18.532991],[110.031873,18.533063],[110.031908,18.533136],[110.031961,18.533199],[110.032025,18.533256],[110.032097,18.533302],[110.032165,18.533337],[110.032498,18.533497],[110.03262,18.53351],[110.032688,18.533461],[110.032767,18.533433],[110.032852,18.533429],[110.032984,18.53332],[110.033209,18.532954],[110.033384,18.532717],[110.033648,18.532442],[110.034702,18.531419],[110.034755,18.531347],[110.034808,18.531268],[110.034789,18.531188],[110.034798,18.531105],[110.034835,18.531031],[110.034895,18.530971],[110.034971,18.530933],[110.035056,18.53092],[110.03514,18.530933],[110.035383,18.530791],[110.037278,18.529004],[110.037923,18.528257],[110.038117,18.528005],[110.038262,18.52779],[110.038396,18.527545],[110.038477,18.527337],[110.038582,18.527053],[110.038663,18.526722],[110.038789,18.526054],[110.038851,18.525641],[110.038895,18.5252],[110.038914,18.524361],[110.038893,18.521731],[110.038903,18.520767],[110.038912,18.52028],[110.038891,18.518023],[110.038879,18.517638],[110.038831,18.517395],[110.038741,18.517014],[110.038586,18.516568],[110.038406,18.516192],[110.037456,18.514865],[110.03709,18.514368],[110.03668,18.513751],[110.036538,18.513485],[110.036406,18.513265],[110.034724,18.510867],[110.034628,18.5106],[110.034615,18.510549],[110.03458,18.510379],[110.034528,18.509987],[110.034476,18.509584],[110.034346,18.508078],[110.034288,18.50784],[110.034185,18.507603],[110.034107,18.507444],[110.034013,18.50729],[110.033859,18.507088],[110.03371,18.50692],[110.033486,18.506733],[110.033385,18.506647],[110.033099,18.506513],[110.03286,18.506469],[110.032696,18.506484],[110.032495,18.506529],[110.031012,18.506897],[110.030859,18.50693],[110.030404,18.507047],[110.030393,18.507049],[110.029505,18.507264],[110.028179,18.507578],[110.027649,18.507715],[110.027578,18.507729],[110.027507,18.507716],[110.027446,18.507678],[110.027406,18.507621],[110.027391,18.507553],[110.027405,18.507486],[110.027445,18.507428],[110.027505,18.50739],[110.027576,18.507376],[110.027484,18.507342],[110.026877,18.506787],[110.026269,18.50623],[110.025248,18.505322],[110.02452,18.504743],[110.024184,18.504488],[110.023954,18.504313],[110.023178,18.503687],[110.022896,18.503463],[110.02263,18.503241],[110.022296,18.50293],[110.02205,18.502682],[110.021489,18.502024],[110.020738,18.501114],[110.020668,18.501029],[110.020226,18.500512],[110.019473,18.499759],[110.019424,18.499711],[110.019318,18.499605],[110.018892,18.499185],[110.018703,18.498991],[110.017296,18.497313],[110.016559,18.496425],[110.015019,18.494581],[110.014373,18.493818],[110.013893,18.493244],[110.013185,18.492423],[110.012687,18.491888],[110.012604,18.491815],[110.012539,18.491745],[110.012134,18.491268],[110.011716,18.49082],[110.011152,18.490207],[110.011019,18.490076],[110.010456,18.489518],[110.009838,18.489026],[110.009176,18.48858],[110.008429,18.488058],[110.008229,18.487918],[110.007812,18.487664],[110.007843,18.4876],[110.010003,18.48341],[110.010081,18.483268],[110.010741,18.482023],[110.011091,18.4813],[110.01156,18.480453],[110.011964,18.479849],[110.012343,18.47953],[110.012664,18.479053],[110.013243,18.478242],[110.01391,18.47738],[110.014277,18.476925],[110.014323,18.476868],[110.016257,18.474479],[110.02258,18.466662],[110.025331,18.463478],[110.02565,18.463169],[110.0259,18.462927],[110.026813,18.462045],[110.027374,18.461506],[110.027569,18.461319],[110.028597,18.460333],[110.028938,18.460006],[110.029573,18.45944],[110.029994,18.459122],[110.03032,18.458886],[110.030766,18.458593],[110.031477,18.45818],[110.033661,18.456909],[110.03427,18.456574],[110.034505,18.456434],[110.035625,18.455709],[110.036244,18.455275],[110.036777,18.454859],[110.037192,18.454518],[110.037833,18.453958],[110.038315,18.453481],[110.039269,18.452513],[110.039991,18.451723],[110.040734,18.450967],[110.040886,18.450817],[110.040994,18.450672],[110.041099,18.450478],[110.041133,18.450372],[110.041197,18.450278],[110.041266,18.450119],[110.04131,18.449952],[110.041329,18.44966],[110.041301,18.449478],[110.041242,18.449235],[110.040994,18.448165],[110.040889,18.447555],[110.040854,18.447209],[110.040852,18.446856],[110.040873,18.446477],[110.040976,18.445727],[110.041002,18.445568],[110.041047,18.445288],[110.041061,18.445044],[110.041015,18.444759],[110.040919,18.444505],[110.04065,18.444174],[110.040382,18.443813],[110.040184,18.443456],[110.04006,18.443121],[110.039991,18.442886],[110.039969,18.442627],[110.03998,18.442352],[110.040039,18.442108],[110.040168,18.441838],[110.040323,18.441568],[110.04057,18.441197],[110.04064,18.440968],[110.040683,18.440703],[110.040677,18.440423],[110.040629,18.440159],[110.040532,18.439894],[110.040377,18.439624],[110.040149,18.439209],[110.039993,18.438959],[110.039798,18.438546],[110.039696,18.438271],[110.03961,18.437853],[110.039545,18.437365],[110.039519,18.436917],[110.039476,18.43653],[110.039368,18.436144],[110.039159,18.435757],[110.038945,18.435477],[110.038649,18.435202],[110.036973,18.433903],[110.036311,18.43339],[110.036064,18.433202],[110.035774,18.432927],[110.035495,18.432607],[110.035281,18.432266],[110.03475,18.431227],[110.034562,18.430927],[110.034326,18.430688],[110.034036,18.430469],[110.033661,18.43025],[110.032781,18.429797],[110.032395,18.429558],[110.032024,18.429278],[110.031719,18.429008],[110.031375,18.428652],[110.031118,18.428327],[110.030828,18.427894],[110.029825,18.426087],[110.02975,18.426006],[110.029589,18.425955],[110.029443,18.425927],[110.029312,18.42586],[110.029205,18.425761],[110.029133,18.425638],[110.0291,18.425501],[110.029109,18.42536],[110.029159,18.425227],[110.02916,18.425125],[110.029149,18.425054],[110.029095,18.424952],[110.028945,18.424733],[110.028607,18.42428],[110.028243,18.423695],[110.027846,18.422869],[110.027599,18.422112],[110.027465,18.421588],[110.027331,18.420784],[110.027272,18.420362],[110.027269,18.420167],[110.024915,18.420358],[110.023918,18.417137],[110.023115,18.414959],[110.022879,18.414266],[110.022284,18.41293],[110.021879,18.41209],[110.021418,18.411073],[110.021195,18.410544],[110.021013,18.409975],[110.02081,18.409313],[110.020461,18.408461],[110.020158,18.407967],[110.019492,18.406762],[110.017594,18.40419],[110.016304,18.402623],[110.015344,18.401596],[110.014368,18.400595],[110.014014,18.400257],[110.013075,18.399419],[110.012472,18.398917],[110.010224,18.397278],[110.009839,18.397017],[110.009304,18.396658],[110.008102,18.395949],[110.008076,18.395933],[110.007264,18.395466],[110.006455,18.395054],[110.005675,18.394675],[110.003906,18.393896],[110.00312,18.393596],[110.002563,18.393379],[110.002085,18.393189],[110.001892,18.393334],[110.001576,18.393537],[110.001182,18.393744],[110.000731,18.393922],[110.00013,18.394141],[109.999591,18.394413],[109.999428,18.394515],[109.999292,18.394623],[109.998949,18.395029],[109.998881,18.395098],[109.998764,18.395158],[109.99856,18.395283],[109.998331,18.395477],[109.997781,18.395837],[109.997625,18.395915],[109.997465,18.395925],[109.997046,18.395901],[109.996769,18.395911],[109.996565,18.396012],[109.996438,18.396151],[109.996297,18.396317],[109.996127,18.396432],[109.995995,18.396469],[109.995908,18.396442],[109.995849,18.396359],[109.995742,18.396271],[109.995611,18.396248],[109.995479,18.396308],[109.995265,18.396474],[109.994749,18.396751],[109.994579,18.396793],[109.994579,18.396793],[109.994457,18.396765],[109.994185,18.396714],[109.993916,18.396734],[109.99372,18.396776],[109.993559,18.396858],[109.993421,18.39691],[109.993276,18.396923],[109.99307,18.3969],[109.992894,18.396789],[109.992698,18.396636],[109.992537,18.396584],[109.992395,18.396571],[109.992282,18.396544],[109.992127,18.396479],[109.992017,18.396463],[109.991869,18.396459],[109.991583,18.396515],[109.991287,18.396561],[109.991129,18.39661],[109.990744,18.396757],[109.990606,18.396806],[109.990434,18.396806],[109.99019,18.396789],[109.98988,18.396695],[109.989639,18.3966],[109.989367,18.396567],[109.989092,18.396508],[109.988679,18.396375],[109.988449,18.396286],[109.988232,18.39627],[109.988005,18.396329],[109.987816,18.396384],[109.987609,18.396443],[109.98742,18.39645],[109.987268,18.396404],[109.98711,18.396352],[109.986952,18.396211],[109.986845,18.396048],[109.986831,18.39598],[109.986845,18.395911],[109.986869,18.39578],[109.986845,18.395702],[109.986742,18.395617],[109.986646,18.395568],[109.986535,18.395558],[109.986374,18.395578],[109.986116,18.395653],[109.985613,18.395813],[109.985486,18.395842],[109.984375,18.396048],[109.984178,18.396104],[109.984024,18.396166],[109.983628,18.396326],[109.983643,18.39649],[109.983694,18.396648],[109.983796,18.396698],[109.983914,18.396709],[109.983959,18.396757],[109.983991,18.397103],[109.984237,18.397428],[109.984611,18.397208],[109.985416,18.397047],[109.985475,18.396991],[109.985603,18.3965],[109.985486,18.395842],[109.985613,18.395813],[109.986116,18.395653],[109.986374,18.395578],[109.986535,18.395558],[109.986646,18.395568],[109.986742,18.395617],[109.986845,18.395702],[109.986869,18.39578],[109.986845,18.395911],[109.986831,18.39598],[109.986845,18.396048],[109.986952,18.396211],[109.98711,18.396352],[109.987268,18.396404],[109.98742,18.39645],[109.987609,18.396443],[109.987816,18.396384],[109.988005,18.396329],[109.988232,18.39627],[109.988449,18.396286],[109.988679,18.396375],[109.989092,18.396508],[109.989367,18.396567],[109.989639,18.3966],[109.98988,18.396695],[109.99019,18.396789],[109.990434,18.396806],[109.990606,18.396806],[109.990744,18.396757],[109.991129,18.39661],[109.991287,18.396561],[109.991583,18.396515],[109.991869,18.396459],[109.992017,18.396463],[109.992127,18.396479],[109.992282,18.396544],[109.992395,18.396571],[109.992537,18.396584],[109.992698,18.396636],[109.992894,18.396789],[109.99307,18.3969],[109.993276,18.396923],[109.993421,18.39691],[109.993559,18.396858],[109.99372,18.396776],[109.993916,18.396734],[109.994185,18.396714],[109.994457,18.396765],[109.994579,18.396793],[109.994749,18.396751],[109.995265,18.396474],[109.995479,18.396308],[109.995611,18.396248],[109.995742,18.396271],[109.995849,18.396359],[109.995908,18.396442],[109.995995,18.396469],[109.996127,18.396432],[109.996297,18.396317],[109.996438,18.396151],[109.996565,18.396012],[109.996769,18.395911],[109.997046,18.395901],[109.997465,18.395925],[109.997625,18.395915],[109.997781,18.395837],[109.998331,18.395477],[109.99856,18.395283],[109.998764,18.395158],[109.998881,18.395098],[109.998949,18.395029],[109.999292,18.394623],[109.999428,18.394515],[109.999591,18.394413],[110.00013,18.394141],[110.000731,18.393922],[110.001182,18.393744],[110.001549,18.393476],[110.001828,18.393242],[110.001975,18.393107],[110.002085,18.393189],[110.002563,18.393379],[110.00312,18.393596],[110.003906,18.393896],[110.005675,18.394675],[110.006455,18.395054],[110.007264,18.395466],[110.008076,18.395933],[110.008102,18.395949],[110.009304,18.396658],[110.009839,18.397017],[110.010224,18.397278],[110.012472,18.398917],[110.013075,18.399419],[110.014014,18.400257],[110.014368,18.400595],[110.015344,18.401596],[110.016304,18.402623],[110.017594,18.40419],[110.019492,18.406762],[110.020158,18.407967],[110.020461,18.408461],[110.02081,18.409313],[110.021013,18.409975],[110.021195,18.410544],[110.021418,18.411073],[110.021879,18.41209],[110.022284,18.41293],[110.022879,18.414266],[110.023115,18.414959],[110.023918,18.417137],[110.024915,18.420358],[110.027269,18.420167],[110.027463,18.420164],[110.027459,18.420335],[110.027487,18.420764],[110.027655,18.421576],[110.02803,18.422811],[110.028422,18.423625],[110.029302,18.424886],[110.02938,18.42494],[110.029504,18.424976],[110.029653,18.424965],[110.029799,18.424993],[110.02993,18.42506],[110.030036,18.425159],[110.030109,18.425282],[110.030142,18.425419],[110.030133,18.42556],[110.030082,18.425693],[110.029995,18.425807],[110.030002,18.425904],[110.030015,18.426018],[110.031005,18.427807],[110.031295,18.42824],[110.031558,18.428591],[110.031874,18.428922],[110.032215,18.429209],[110.032534,18.429446],[110.032859,18.429655],[110.03387,18.430159],[110.034155,18.43034],[110.034457,18.430553],[110.034709,18.430808],[110.034916,18.431141],[110.035098,18.431436],[110.03549,18.432222],[110.035761,18.432586],[110.036018,18.432864],[110.036265,18.433095],[110.036416,18.433207],[110.036729,18.433439],[110.037738,18.43424],[110.038781,18.435072],[110.039116,18.435406],[110.039341,18.435714],[110.039548,18.436116],[110.039671,18.436505],[110.039728,18.436884],[110.039757,18.437367],[110.039806,18.437831],[110.039891,18.43825],[110.039972,18.4385],[110.04014,18.438901],[110.040264,18.439133],[110.040546,18.439533],[110.040726,18.43982],[110.040841,18.440133],[110.040886,18.440411],[110.040878,18.440711],[110.040827,18.440993],[110.040744,18.44123],[110.040511,18.441645],[110.040312,18.442009],[110.04027,18.442142],[110.040221,18.442296],[110.040194,18.44253],[110.0402,18.442782],[110.040261,18.443087],[110.040406,18.443434],[110.040624,18.443762],[110.041026,18.444232],[110.041157,18.444416],[110.04123,18.444579],[110.041278,18.444769],[110.041297,18.445001],[110.041269,18.445304],[110.041215,18.445607],[110.041096,18.446479],[110.041074,18.446858],[110.041069,18.447225],[110.041097,18.447551],[110.041199,18.448071],[110.041216,18.448169],[110.041251,18.44834],[110.041351,18.448753],[110.041523,18.44953],[110.04162,18.44993],[110.041765,18.450214],[110.041851,18.450292],[110.041911,18.450388],[110.04194,18.450497],[110.041937,18.450609],[110.041901,18.450715],[110.041836,18.450809],[110.041746,18.450881],[110.041633,18.45093],[110.041509,18.450944],[110.041387,18.450925],[110.041184,18.450939],[110.041047,18.450978],[110.040881,18.451057],[110.040143,18.451815],[110.039372,18.452611],[110.038489,18.45355],[110.038079,18.453949],[110.037311,18.454639],[110.036879,18.45499],[110.036362,18.455397],[110.035789,18.455805],[110.03493,18.456383],[110.034407,18.456699],[110.033758,18.457043],[110.032896,18.457564],[110.031576,18.458309],[110.030863,18.45873],[110.030423,18.459023],[110.030116,18.459237],[110.029677,18.459582],[110.02916,18.460033],[110.02872,18.460437],[110.027251,18.461869],[110.026947,18.462177],[110.025553,18.46355],[110.024749,18.464383],[110.022776,18.466817],[110.016429,18.47459],[110.014446,18.477041],[110.0144,18.477098],[110.014074,18.477502],[110.013401,18.478363],[110.012836,18.479155],[110.012662,18.479735],[110.012025,18.480683],[110.011638,18.48135],[110.011346,18.481883],[110.010506,18.483504],[110.010436,18.483662],[110.009061,18.486348],[110.008265,18.487875],[110.008229,18.487918],[110.007812,18.487664],[110.0075,18.487466],[110.007312,18.487345],[110.006249,18.486621],[110.00609,18.486484],[110.005777,18.486134],[110.005759,18.486115],[110.005245,18.485443],[110.00514,18.485301],[110.004947,18.485042],[110.004723,18.484592],[110.004026,18.482995],[110.003234,18.481041],[110.002806,18.480262],[110.001974,18.478891],[110.001706,18.47845],[110.00143,18.478017],[110.001214,18.477773],[110.001165,18.477718],[110.000797,18.477398],[110.000116,18.477001],[109.996539,18.475476],[109.996273,18.475356],[109.993743,18.474216],[109.991457,18.473184],[109.991237,18.473064],[109.991032,18.47284],[109.990894,18.472631],[109.990828,18.472286],[109.990632,18.468205],[109.990602,18.467938],[109.990537,18.467686],[109.990439,18.467408],[109.988332,18.462833],[109.988094,18.462159],[109.987941,18.461583],[109.986736,18.456442],[109.986429,18.455631],[109.986296,18.45533],[109.986112,18.455054],[109.985791,18.454834],[109.985493,18.454694],[109.985386,18.454655],[109.985188,18.454597],[109.984027,18.454273],[109.983349,18.454045],[109.982443,18.453653],[109.98019,18.452597],[109.979491,18.4522],[109.977964,18.451218],[109.977554,18.45107],[109.975722,18.450768],[109.975025,18.450653],[109.973267,18.450311],[109.972952,18.45025],[109.97264,18.450119],[109.972412,18.449929],[109.972207,18.449654],[109.97117,18.447896],[109.970972,18.447568],[109.970506,18.446901],[109.969437,18.445919],[109.968906,18.445045],[109.96865,18.444327],[109.968272,18.442773],[109.968071,18.440807],[109.967972,18.440457],[109.967818,18.440194],[109.967601,18.43994],[109.965453,18.438431],[109.965104,18.438193],[109.964756,18.437953],[109.964161,18.437536],[109.961687,18.435804],[109.961535,18.435732],[109.961372,18.43568],[109.961187,18.435645],[109.960983,18.435623],[109.95864,18.435492],[109.95812,18.435443],[109.957733,18.435383],[109.956614,18.435136],[109.95613,18.435057],[109.955678,18.435075],[109.95523,18.435181],[109.95468,18.435337],[109.95119,18.436315],[109.950212,18.436574],[109.949884,18.436624],[109.949531,18.436642],[109.947716,18.436654],[109.946721,18.436633],[109.945922,18.436612],[109.945162,18.436575],[109.944348,18.436542],[109.943508,18.436507],[109.942721,18.436477],[109.942495,18.436459],[109.942168,18.436392],[109.941921,18.436315],[109.941624,18.43619],[109.939822,18.435315],[109.938798,18.434777],[109.937182,18.433993],[109.932662,18.431727],[109.932316,18.431596],[109.932121,18.431519],[109.931933,18.431463],[109.930719,18.431244],[109.930069,18.431122],[109.927531,18.430653],[109.925408,18.430248],[109.924236,18.429952],[109.92397,18.429919],[109.923724,18.429925],[109.923424,18.429963],[109.921572,18.430249],[109.920396,18.430487],[109.92019,18.430513],[109.919999,18.430517],[109.919809,18.430485],[109.919592,18.430424],[109.919382,18.430329],[109.918369,18.429774],[109.917827,18.429462],[109.917471,18.429246],[109.917218,18.429093],[109.916501,18.428594],[109.916074,18.42833],[109.915847,18.428213],[109.915579,18.428115],[109.915336,18.428042],[109.91216,18.42726],[109.912058,18.427237],[109.911082,18.427002],[109.909645,18.426653],[109.909402,18.426591],[109.909173,18.426544],[109.908943,18.42651],[109.908662,18.426466],[109.908243,18.426421],[109.907133,18.426296],[109.906919,18.426264],[109.906722,18.426223],[109.906471,18.426144],[109.904078,18.42512],[109.903606,18.424973],[109.902906,18.424852],[109.902454,18.424774],[109.902367,18.42476],[109.900575,18.424444],[109.899245,18.424207],[109.898781,18.424092],[109.898507,18.423985],[109.898217,18.423843],[109.89796,18.423698],[109.896822,18.42293],[109.8966,18.4228],[109.896364,18.422705],[109.896071,18.422629],[109.895728,18.422604],[109.895453,18.422627],[109.895122,18.422702],[109.893824,18.423136],[109.893215,18.423313],[109.892743,18.423436],[109.892375,18.423512],[109.892023,18.423555],[109.891604,18.423565],[109.891204,18.423554],[109.890685,18.423522],[109.888067,18.423282],[109.887936,18.423271],[109.887872,18.420616],[109.887904,18.419924],[109.888375,18.418091],[109.885821,18.417453],[109.883824,18.416889],[109.883327,18.416727],[109.882847,18.416527],[109.88257,18.416409],[109.880437,18.41545],[109.880166,18.415326],[109.879062,18.414703],[109.878966,18.414648],[109.878387,18.414311],[109.878108,18.414137],[109.877853,18.413985],[109.877666,18.413869],[109.8775,18.413767],[109.876323,18.413055],[109.874267,18.411493],[109.874175,18.411415],[109.873477,18.410854],[109.872428,18.409853],[109.871752,18.409104],[109.871546,18.408838],[109.871532,18.40882],[109.871472,18.408744],[109.871448,18.408715],[109.870633,18.407729],[109.869469,18.406299],[109.868221,18.404974],[109.867239,18.403939],[109.866756,18.403487],[109.866369,18.403124],[109.864294,18.401336],[109.862417,18.400037],[109.862165,18.399862],[109.862172,18.399696],[109.862579,18.399978],[109.862875,18.400183],[109.862977,18.400254],[109.863096,18.400336],[109.864386,18.401229],[109.866469,18.403024],[109.86686,18.40339],[109.866929,18.403455],[109.867245,18.403122],[109.867461,18.402894],[109.86844,18.401962],[109.868372,18.401898],[109.868339,18.401813],[109.868347,18.401722],[109.868369,18.401686],[109.868395,18.401643],[109.868473,18.401591],[109.868554,18.401574],[109.868637,18.401587],[109.868708,18.401629],[109.86897,18.401326],[109.869279,18.40111],[109.869411,18.401057],[109.869399,18.401003],[109.869409,18.400947],[109.869437,18.4009],[109.869469,18.400871],[109.869521,18.400848],[109.869588,18.400845],[109.869643,18.400862],[109.86969,18.400898],[109.86969,18.400898],[109.869719,18.400945],[109.869729,18.400993],[109.869721,18.401046],[109.869682,18.401108],[109.869636,18.40114],[109.869556,18.401155],[109.869501,18.401143],[109.869452,18.401114],[109.869411,18.401057],[109.869279,18.40111],[109.86897,18.401326],[109.868708,18.401629],[109.868758,18.401692],[109.86878,18.401769],[109.86877,18.401848],[109.868732,18.401915],[109.868672,18.401965],[109.868596,18.401992],[109.868515,18.401991],[109.86844,18.401962],[109.867461,18.402894],[109.867245,18.403122],[109.866929,18.403455],[109.867344,18.403844],[109.868343,18.404901],[109.869581,18.406211],[109.870747,18.407644],[109.871864,18.409017],[109.872535,18.40976],[109.873073,18.410273],[109.873576,18.410752],[109.874209,18.411257],[109.874285,18.411317],[109.874267,18.411493],[109.874175,18.411415],[109.873477,18.410854],[109.872428,18.409853],[109.871752,18.409104],[109.871546,18.408838],[109.871532,18.40882],[109.87134,18.409008],[109.870531,18.409803],[109.868984,18.411385],[109.868151,18.412237],[109.86792,18.412508],[109.867714,18.412757],[109.86759,18.412919],[109.867354,18.413224],[109.866945,18.413817],[109.866699,18.414206],[109.866509,18.414525],[109.866165,18.415183],[109.865962,18.415638],[109.86581,18.416014],[109.865672,18.416387],[109.865462,18.417103],[109.865199,18.418185],[109.86515,18.418505],[109.865107,18.418846],[109.865065,18.419186],[109.865038,18.419707],[109.865035,18.419772],[109.865025,18.419971],[109.864896,18.421479],[109.864868,18.421804],[109.86486,18.421899],[109.864723,18.421899],[109.86157,18.421901],[109.860401,18.421911],[109.860087,18.421934],[109.859773,18.42198],[109.859419,18.422049],[109.859073,18.422128],[109.857188,18.42265],[109.856359,18.422849],[109.855892,18.422922],[109.855532,18.422967],[109.855322,18.422983],[109.85494,18.42299],[109.854586,18.422985],[109.85406,18.422955],[109.853555,18.422884],[109.852561,18.422721],[109.852316,18.422677],[109.8506,18.422408],[109.848596,18.42214],[109.848269,18.422112],[109.847995,18.4221],[109.847762,18.42212],[109.84758,18.422163],[109.847411,18.422222],[109.847236,18.422306],[109.846998,18.422451],[109.845927,18.423377],[109.845799,18.42342],[109.845656,18.423532],[109.845569,18.423591],[109.845411,18.423672],[109.845207,18.423764],[109.844094,18.424196],[109.842835,18.424784],[109.842532,18.424886],[109.842261,18.42495],[109.842017,18.42498],[109.841888,18.42499],[109.841743,18.424989],[109.840547,18.424881],[109.839925,18.424782],[109.838724,18.424529],[109.837486,18.424268],[109.837135,18.424235],[109.835927,18.424335],[109.835225,18.424387],[109.834547,18.424387],[109.831795,18.424326],[109.830182,18.42429],[109.82921,18.424268],[109.826052,18.424199],[109.825811,18.424194],[109.82539,18.424184],[109.825333,18.424183],[109.82334,18.42413],[109.823059,18.424112],[109.822767,18.424064],[109.822345,18.423942],[109.821888,18.423775],[109.820966,18.423394],[109.820815,18.423326],[109.819084,18.422626],[109.816525,18.421614],[109.814372,18.420709],[109.814197,18.420636],[109.813822,18.420489],[109.812453,18.419912],[109.811276,18.419524],[109.808613,18.418703],[109.8081,18.418591],[109.807503,18.418539],[109.807399,18.418537],[109.807106,18.418526],[109.807056,18.418524],[109.806579,18.418504],[109.806169,18.418481],[109.805365,18.418457],[109.805118,18.418457],[109.804124,18.418456],[109.803219,18.418478],[109.801899,18.418552],[109.798045,18.41884],[109.796643,18.418964],[109.794021,18.419198],[109.791495,18.419423],[109.788402,18.41968],[109.786614,18.419842],[109.786323,18.419868],[109.785891,18.419814],[109.785513,18.41969],[109.782778,18.41858],[109.777931,18.416682],[109.776039,18.415926],[109.774938,18.415487],[109.774463,18.415309],[109.77352,18.414994],[109.772206,18.414536],[109.76857,18.413605],[109.768471,18.413579],[109.765506,18.412815],[109.765214,18.412703],[109.764912,18.412552],[109.764571,18.412381],[109.764122,18.412164],[109.7636,18.411979],[109.763071,18.411853],[109.761448,18.411573],[109.760848,18.41147],[109.760215,18.411345],[109.759922,18.411287],[109.759702,18.411233],[109.759496,18.411137],[109.759348,18.411068],[109.759232,18.410993],[109.759109,18.410908],[109.758306,18.410214],[109.756841,18.408948],[109.756698,18.408849],[109.756537,18.408785],[109.756393,18.408737],[109.75624,18.4087],[109.756076,18.408675],[109.755861,18.408667],[109.755671,18.408673],[109.755161,18.408754],[109.75499,18.408767],[109.754807,18.40877],[109.754625,18.408765],[109.75441,18.408777],[109.752943,18.409012],[109.752555,18.40907],[109.752404,18.409037],[109.752289,18.408989],[109.75218,18.408897],[109.752091,18.408773],[109.751256,18.406499],[109.751026,18.405878],[109.750929,18.405617],[109.750885,18.405364],[109.750802,18.404889],[109.750671,18.404148],[109.750605,18.403766],[109.750436,18.403497],[109.750154,18.403266],[109.749585,18.402785],[109.748914,18.402332],[109.748261,18.401981],[109.747155,18.401432],[109.746062,18.400834],[109.745093,18.400303],[109.744771,18.399971],[109.743985,18.399159],[109.743769,18.398935],[109.743459,18.398615],[109.742507,18.397666],[109.741914,18.39722],[109.741423,18.396625],[109.741285,18.39642],[109.741161,18.396235],[109.741017,18.396013],[109.740728,18.395702],[109.739884,18.394577],[109.739534,18.394195],[109.739096,18.393831],[109.738324,18.393344],[109.737523,18.392918],[109.735557,18.391766],[109.734643,18.391241],[109.734576,18.391205],[109.734063,18.390943],[109.733633,18.390575],[109.733517,18.390384],[109.733398,18.390148],[109.733308,18.389805],[109.733272,18.3894],[109.7332,18.388886],[109.733087,18.388362],[109.732988,18.388083],[109.732812,18.387806],[109.732448,18.387392],[109.731918,18.3869],[109.730187,18.385188],[109.728156,18.383179],[109.726096,18.381197],[109.72505,18.380287],[109.724073,18.379522],[109.72316,18.378841],[109.722479,18.378314],[109.721862,18.377883],[109.72094,18.377326],[109.719838,18.376754],[109.719416,18.376514],[109.718532,18.375884],[109.718601,18.37582],[109.72001,18.374106],[109.720853,18.373421],[109.721112,18.373209],[109.721808,18.372769],[109.722912,18.372138],[109.72493,18.371265],[109.725666,18.370909],[109.726608,18.370364],[109.727933,18.369479],[109.728015,18.369408],[109.728879,18.368726],[109.73023,18.367502],[109.731136,18.366534],[109.73226,18.364971],[109.733088,18.364111],[109.73416,18.363251],[109.735502,18.362341],[109.735912,18.36206],[109.737332,18.361365],[109.737908,18.361118],[109.737991,18.361083],[109.738368,18.360922],[109.738202,18.360554],[109.737907,18.359901],[109.73748,18.358961],[109.736985,18.357692],[109.736949,18.3576],[109.736822,18.357261],[109.736767,18.357114],[109.736727,18.357005],[109.736507,18.356453],[109.736506,18.356449],[109.736473,18.356367],[109.736436,18.356275],[109.736254,18.355816],[109.735848,18.354797],[109.735784,18.354635],[109.735748,18.354544],[109.735737,18.354514],[109.735731,18.354497],[109.735365,18.353499],[109.735129,18.352723],[109.734809,18.35176],[109.734664,18.351324],[109.734529,18.350917],[109.733978,18.349178],[109.733388,18.347505],[109.732694,18.345966],[109.732821,18.345915],[109.733221,18.346804],[109.733348,18.346857],[109.733385,18.346873],[109.73361,18.346949],[109.733693,18.346985],[109.733725,18.347025],[109.733951,18.34698],[109.734179,18.34697],[109.734377,18.346957],[109.734471,18.346883],[109.734492,18.346814],[109.734575,18.346814],[109.734668,18.346785],[109.734769,18.346677],[109.734817,18.346537],[109.734872,18.346494],[109.734974,18.346536],[109.735058,18.346621],[109.735123,18.346702],[109.735217,18.346721],[109.735367,18.346702],[109.735477,18.346693],[109.7356,18.346734],[109.735635,18.346863],[109.735759,18.346804],[109.735914,18.34673],[109.736314,18.346486],[109.7357906,18.3458391]]}},{"type":"Feature","properties":{"dayId":5,"legId":"D5-drive","mode":"drive","label":"海棠湾—南山文化旅游区—海棠湾","distanceKm":133.3,"durationHours":1.8,"source":"OSRM / OpenStreetMap, fetched 2026-08-11"},"geometry":{"type":"LineString","coordinates":[[109.7357906,18.3458391],[109.736314,18.346486],[109.735914,18.34673],[109.735759,18.346804],[109.735635,18.346863],[109.7356,18.346734],[109.735477,18.346693],[109.735367,18.346702],[109.735217,18.346721],[109.735123,18.346702],[109.735058,18.346621],[109.734974,18.346536],[109.734872,18.346494],[109.734817,18.346537],[109.734769,18.346677],[109.734668,18.346785],[109.734575,18.346814],[109.734492,18.346814],[109.734471,18.346883],[109.734377,18.346957],[109.734179,18.34697],[109.733951,18.34698],[109.733725,18.347025],[109.733693,18.346985],[109.733511,18.347178],[109.73349,18.347238],[109.733458,18.347329],[109.733517,18.347458],[109.734015,18.348872],[109.734044,18.348952],[109.734109,18.349138],[109.73466,18.350879],[109.734785,18.351254],[109.73494,18.351722],[109.734809,18.35176],[109.734664,18.351324],[109.734529,18.350917],[109.733978,18.349178],[109.733388,18.347505],[109.732694,18.345966],[109.732447,18.345418],[109.731683,18.3437],[109.731399,18.343031],[109.731153,18.342353],[109.731084,18.34216],[109.730848,18.341402],[109.730696,18.340844],[109.730576,18.339977],[109.730498,18.339544],[109.730475,18.339327],[109.73046,18.339186],[109.730438,18.338827],[109.730417,18.338277],[109.730425,18.337567],[109.730432,18.337039],[109.730442,18.335849],[109.730421,18.3355],[109.730376,18.335147],[109.730271,18.334718],[109.730146,18.334313],[109.729984,18.333941],[109.729798,18.333577],[109.729477,18.333109],[109.729121,18.332657],[109.728731,18.332222],[109.728379,18.331746],[109.727689,18.330594],[109.72737,18.329973],[109.727112,18.329087],[109.727024,18.328599],[109.726965,18.328006],[109.72669,18.325483],[109.726541,18.323924],[109.726433,18.322951],[109.726399,18.322622],[109.72636,18.322251],[109.726263,18.321324],[109.726093,18.319727],[109.726023,18.31902],[109.725948,18.318374],[109.725755,18.318434],[109.725351,18.31856],[109.725252,18.318592],[109.725008,18.318657],[109.722604,18.319295],[109.720951,18.319733],[109.72032,18.319889],[109.719651,18.320092],[109.717765,18.32091],[109.716796,18.32129],[109.715942,18.321536],[109.715529,18.321629],[109.715114,18.321691],[109.714368,18.321764],[109.71391,18.321794],[109.713659,18.321812],[109.713034,18.321853],[109.712903,18.321862],[109.712361,18.321889],[109.712073,18.321904],[109.709068,18.322055],[109.708373,18.322155],[109.707821,18.322266],[109.707279,18.322419],[109.706476,18.322749],[109.705168,18.323416],[109.704365,18.323736],[109.702957,18.324124],[109.702464,18.324253],[109.702309,18.324293],[109.701815,18.324423],[109.699635,18.324961],[109.696642,18.325716],[109.694053,18.326372],[109.693627,18.326474],[109.692807,18.32668],[109.692449,18.326726],[109.692123,18.326728],[109.691905,18.326703],[109.6917,18.326664],[109.691497,18.326605],[109.691286,18.326523],[109.69116,18.326466],[109.691097,18.326577],[109.690926,18.326919],[109.690733,18.327247],[109.69051,18.327577],[109.690317,18.327852],[109.690177,18.328049],[109.68999,18.328246],[109.688386,18.329841],[109.687755,18.330444],[109.687316,18.330888],[109.686834,18.331358],[109.68665,18.331574],[109.68658,18.331663],[109.686524,18.331774],[109.686492,18.331886],[109.686481,18.331985],[109.68649,18.332081],[109.686522,18.332179],[109.686567,18.332256],[109.686667,18.332354],[109.68675,18.332408],[109.68684,18.332449],[109.686934,18.332469],[109.68704,18.332475],[109.687141,18.332466],[109.687244,18.332447],[109.687359,18.332383],[109.687446,18.332304],[109.68752,18.332199],[109.687564,18.332073],[109.687581,18.331935],[109.687554,18.331831],[109.687495,18.331684],[109.687398,18.331541],[109.686932,18.331065],[109.681749,18.326252],[109.679671,18.324442],[109.679399,18.324205],[109.678346,18.323526],[109.677124,18.322884],[109.675871,18.322392],[109.674483,18.321997],[109.673516,18.321797],[109.672416,18.321668],[109.671596,18.32164],[109.67068,18.321639],[109.669821,18.321715],[109.668897,18.321853],[109.667709,18.322129],[109.666556,18.322489],[109.665717,18.32283],[109.664879,18.323256],[109.663133,18.324178],[109.660722,18.325515],[109.654202,18.329199],[109.652578,18.330085],[109.651333,18.33056],[109.650228,18.330917],[109.649037,18.331053],[109.648061,18.331093],[109.646892,18.331042],[109.645411,18.330723],[109.644129,18.330362],[109.635154,18.327789],[109.632819,18.326861],[109.631005,18.325963],[109.63033,18.325611],[109.629759,18.325296],[109.629177,18.32491],[109.628567,18.324534],[109.627722,18.324049],[109.626818,18.323555],[109.626231,18.323276],[109.625544,18.323012],[109.624817,18.3228],[109.624396,18.322709],[109.62391,18.322619],[109.623485,18.32256],[109.623007,18.322519],[109.622608,18.322501],[109.622175,18.322504],[109.621705,18.322489],[109.621199,18.322523],[109.620602,18.322623],[109.620071,18.322747],[109.619758,18.322845],[109.619391,18.322954],[109.61813,18.323406],[109.616892,18.323912],[109.615977,18.324282],[109.61458,18.324816],[109.614104,18.324976],[109.61385,18.325068],[109.613241,18.325273],[109.612337,18.325568],[109.611719,18.325734],[109.610967,18.325898],[109.609586,18.326092],[109.608705,18.32608],[109.608032,18.326059],[109.607251,18.325978],[109.606296,18.325798],[109.604609,18.325382],[109.602615,18.324848],[109.600834,18.324305],[109.598628,18.323584],[109.597741,18.323254],[109.596528,18.322799],[109.595122,18.322253],[109.593726,18.321783],[109.592692,18.321426],[109.591504,18.321103],[109.590808,18.320962],[109.590337,18.320898],[109.589451,18.320774],[109.587481,18.320581],[109.584535,18.320345],[109.580907,18.320111],[109.580212,18.320056],[109.579478,18.319996],[109.578793,18.319945],[109.578096,18.319891],[109.575879,18.319722],[109.5747,18.319628],[109.573514,18.319528],[109.572309,18.319465],[109.571427,18.319447],[109.570299,18.319498],[109.569675,18.319555],[109.568736,18.319687],[109.568021,18.319838],[109.566855,18.320152],[109.565558,18.320513],[109.564414,18.320838],[109.56368,18.321007],[109.56277,18.321184],[109.562003,18.321288],[109.560821,18.321392],[109.560186,18.321395],[109.559175,18.321349],[109.558562,18.321309],[109.557657,18.321227],[109.556872,18.321092],[109.5563,18.320963],[109.555578,18.32077],[109.554732,18.320462],[109.553713,18.320112],[109.552379,18.319565],[109.551203,18.319132],[109.549973,18.318639],[109.548879,18.318179],[109.547207,18.317611],[109.54585,18.317203],[109.544509,18.316941],[109.543519,18.316778],[109.543059,18.316713],[109.542669,18.316651],[109.541364,18.316548],[109.539405,18.316412],[109.537472,18.316284],[109.536183,18.31619],[109.532724,18.31591],[109.532188,18.315864],[109.531645,18.315823],[109.5306,18.31573],[109.530159,18.315691],[109.528906,18.315629],[109.52883,18.315625],[109.528264,18.315612],[109.527917,18.315616],[109.527627,18.315618],[109.527041,18.315656],[109.526139,18.315745],[109.525142,18.315874],[109.524416,18.316002],[109.523771,18.316157],[109.522744,18.316459],[109.521636,18.316837],[109.520577,18.317305],[109.519269,18.31804],[109.518341,18.318632],[109.517004,18.319651],[109.516467,18.320153],[109.515322,18.321291],[109.513906,18.322803],[109.51361,18.323097],[109.513303,18.323376],[109.512887,18.323702],[109.511849,18.324436],[109.51062,18.325169],[109.509526,18.325668],[109.508586,18.325949],[109.507654,18.326205],[109.506702,18.32642],[109.505978,18.326447],[109.505236,18.326501],[109.504454,18.326525],[109.503625,18.326506],[109.502762,18.326469],[109.501895,18.326377],[109.50062,18.326187],[109.499126,18.325901],[109.497323,18.325507],[109.496256,18.325286],[109.495243,18.325069],[109.494409,18.324885],[109.493929,18.324775],[109.493008,18.324586],[109.492056,18.324401],[109.49041,18.324142],[109.490022,18.324117],[109.489735,18.324102],[109.489418,18.324088],[109.489078,18.324071],[109.488364,18.324055],[109.487488,18.324069],[109.485359,18.324148],[109.484259,18.324208],[109.484152,18.324215],[109.483854,18.324234],[109.483281,18.324277],[109.48158,18.324379],[109.480228,18.324437],[109.479017,18.324501],[109.477658,18.324571],[109.476455,18.324634],[109.475334,18.324706],[109.474067,18.324763],[109.472129,18.324867],[109.470293,18.324955],[109.468902,18.325033],[109.467883,18.32507],[109.46741,18.32508],[109.466398,18.325026],[109.465348,18.32498],[109.463909,18.324832],[109.462323,18.324486],[109.460965,18.324077],[109.460089,18.323747],[109.459169,18.323384],[109.457847,18.322804],[109.457155,18.322496],[109.447668,18.318225],[109.447022,18.317958],[109.446395,18.317738],[109.445842,18.317543],[109.445425,18.317405],[109.445002,18.317275],[109.444499,18.317127],[109.444047,18.317006],[109.443533,18.31688],[109.443043,18.316771],[109.44242,18.316644],[109.441668,18.31652],[109.441054,18.316436],[109.440629,18.316385],[109.440202,18.31634],[109.439584,18.316291],[109.43907,18.316263],[109.438614,18.316245],[109.438098,18.316235],[109.437602,18.316237],[109.437125,18.316247],[109.436684,18.316265],[109.436328,18.316286],[109.435975,18.31631],[109.43495,18.316389],[109.433956,18.316536],[109.432845,18.316727],[109.430664,18.317211],[109.429875,18.317356],[109.429228,18.317444],[109.428435,18.31753],[109.427433,18.317604],[109.426549,18.31761],[109.422374,18.317333],[109.417653,18.317052],[109.415145,18.317003],[109.414045,18.317034],[109.412958,18.317104],[109.410484,18.317303],[109.407379,18.317859],[109.405992,18.318177],[109.398034,18.320404],[109.396281,18.320847],[109.394878,18.321181],[109.394172,18.321313],[109.392888,18.321496],[109.392434,18.321533],[109.391806,18.321588],[109.390665,18.321621],[109.390309,18.321604],[109.389572,18.321555],[109.388894,18.32149],[109.388798,18.321479],[109.388174,18.321405],[109.387489,18.321286],[109.386625,18.321102],[109.386385,18.321038],[109.385613,18.320832],[109.385072,18.320671],[109.384134,18.32036],[109.383103,18.319933],[109.381962,18.319395],[109.380855,18.318764],[109.379755,18.318068],[109.373702,18.313826],[109.37301,18.313366],[109.372215,18.312985],[109.371675,18.312709],[109.370949,18.312453],[109.370188,18.312243],[109.369468,18.312112],[109.368652,18.312025],[109.367901,18.311994],[109.367432,18.312021],[109.366954,18.312059],[109.366323,18.312161],[109.365727,18.312309],[109.365164,18.312473],[109.364366,18.312753],[109.363454,18.313181],[109.362736,18.313622],[109.362089,18.314092],[109.36168,18.314415],[109.361443,18.314644],[109.3601,18.31614],[109.358952,18.317677],[109.35747,18.319677],[109.356744,18.320643],[109.355745,18.321971],[109.354812,18.322949],[109.353932,18.323611],[109.352934,18.324151],[109.351765,18.324497],[109.350852,18.324685],[109.350724,18.324711],[109.349812,18.324731],[109.348739,18.324629],[109.347506,18.324303],[109.343922,18.322878],[109.339857,18.321232],[109.33328,18.318627],[109.333147,18.318576],[109.331836,18.318075],[109.331647,18.318004],[109.330307,18.317558],[109.329642,18.317383],[109.328918,18.317249],[109.328268,18.317163],[109.327794,18.317124],[109.327561,18.317105],[109.326348,18.317113],[109.324921,18.317255],[109.32343,18.317622],[109.32196,18.31808],[109.319321,18.319068],[109.315815,18.320399],[109.313012,18.321309],[109.311382,18.321747],[109.30989,18.321971],[109.308742,18.322053],[109.307283,18.322022],[109.30591,18.321859],[109.304494,18.321543],[109.302799,18.321014],[109.30002,18.320016],[109.295959,18.318498],[109.293087,18.317455],[109.292555,18.31725],[109.290084,18.316334],[109.285665,18.314617],[109.282264,18.313293],[109.280322,18.31258],[109.278873,18.312214],[109.277875,18.312081],[109.277039,18.312081],[109.276223,18.312153],[109.275343,18.312326],[109.274474,18.312611],[109.273866,18.3129],[109.273595,18.313028],[109.272608,18.313619],[109.271331,18.314709],[109.26881,18.317174],[109.266964,18.319017],[109.265344,18.320464],[109.264143,18.32134],[109.262898,18.321991],[109.261836,18.322378],[109.260677,18.322643],[109.259561,18.322776],[109.258285,18.322786],[109.25734,18.322694],[109.256042,18.322501],[109.253771,18.322016],[109.253703,18.322002],[109.249197,18.320944],[109.248601,18.320824],[109.247569,18.320613],[109.247157,18.320543],[109.246604,18.320516],[109.245359,18.320409],[109.244432,18.32034],[109.244155,18.320325],[109.243611,18.320297],[109.242795,18.320312],[109.241771,18.320399],[109.241657,18.320415],[109.241544,18.320438],[109.241433,18.320468],[109.241325,18.320506],[109.24122,18.320551],[109.241119,18.320602],[109.241021,18.32066],[109.240928,18.320725],[109.24066,18.320923],[109.240594,18.320966],[109.240523,18.321002],[109.24045,18.321031],[109.240373,18.321054],[109.240295,18.321069],[109.240215,18.321076],[109.240124,18.321076],[109.240035,18.321066],[109.239947,18.321046],[109.239862,18.321017],[109.23978,18.320979],[109.239707,18.32092],[109.23964,18.320855],[109.23958,18.320782],[109.239529,18.320705],[109.239486,18.320622],[109.239453,18.320536],[109.239431,18.320454],[109.239417,18.32037],[109.239412,18.320285],[109.239415,18.3202],[109.239427,18.320115],[109.239448,18.320032],[109.239496,18.319818],[109.239519,18.319679],[109.239534,18.319539],[109.239542,18.319398],[109.239542,18.319257],[109.239534,18.319116],[109.239517,18.318968],[109.239491,18.318822],[109.239458,18.318678],[109.239416,18.318535],[109.239169,18.317939],[109.239029,18.317659],[109.238988,18.317611],[109.238941,18.317566],[109.238891,18.317526],[109.238836,18.317491],[109.238766,18.317456],[109.238692,18.317428],[109.238615,18.31741],[109.238536,18.317399],[109.23819,18.317449],[109.235953,18.318635],[109.235701,18.318764],[109.235148,18.319048],[109.234558,18.319292],[109.233946,18.319476],[109.233528,18.319527],[109.233298,18.319552],[109.232514,18.319529],[109.231613,18.319516],[109.230776,18.319496],[109.228598,18.319354],[109.227117,18.319272],[109.226431,18.319231],[109.222268,18.318916],[109.220015,18.318763],[109.218577,18.318641],[109.217182,18.318437],[109.216994,18.318408],[109.216233,18.318294],[109.215112,18.318192],[109.214746,18.318172],[109.213907,18.318233],[109.210992,18.318608],[109.210983,18.318466],[109.210992,18.317991],[109.211016,18.317583],[109.21106,18.316824],[109.211218,18.316398],[109.21351,18.313432],[109.214258,18.312495],[109.214337,18.312397],[109.215717,18.311485],[109.215803,18.31084],[109.215685,18.31066],[109.214741,18.309771],[109.214698,18.30963],[109.214626,18.308224],[109.214547,18.307988],[109.214072,18.307521],[109.214062,18.30737],[109.214163,18.305918],[109.214556,18.304633],[109.214719,18.304485],[109.21545,18.304072],[109.215551,18.303877],[109.215593,18.303807],[109.215665,18.303478],[109.215619,18.303214],[109.215524,18.30298],[109.215309,18.302886],[109.215039,18.302799],[109.213822,18.302608],[109.21235,18.30219],[109.212171,18.302008],[109.211532,18.300644],[109.211264,18.300306],[109.211183,18.300249],[109.210902,18.300048],[109.210832,18.299998],[109.210315,18.299752],[109.209847,18.299573],[109.20816,18.298927],[109.207844,18.298827],[109.207559,18.298736],[109.207059,18.298642],[109.206693,18.29862],[109.206334,18.298607],[109.206205,18.298925],[109.205849,18.299805],[109.205534,18.300583],[109.205519,18.301043],[109.205453,18.301349],[109.205402,18.301512],[109.205378,18.301632],[109.205423,18.301673],[109.205499,18.30169],[109.205629,18.301663],[109.205671,18.301646],[109.205689,18.301581],[109.205612,18.301405],[109.205519,18.301043],[109.205534,18.300583],[109.206205,18.298925],[109.206334,18.298607],[109.206693,18.29862],[109.207059,18.298642],[109.207559,18.298736],[109.207844,18.298827],[109.20816,18.298927],[109.209847,18.299573],[109.210315,18.299752],[109.210832,18.299998],[109.210902,18.300048],[109.211183,18.300249],[109.211264,18.300306],[109.211532,18.300644],[109.212171,18.302008],[109.21235,18.30219],[109.213822,18.302608],[109.215039,18.302799],[109.215309,18.302886],[109.215524,18.30298],[109.215619,18.303214],[109.215665,18.303478],[109.215593,18.303807],[109.215551,18.303877],[109.21545,18.304072],[109.214719,18.304485],[109.214556,18.304633],[109.214163,18.305918],[109.214062,18.30737],[109.214072,18.307521],[109.214547,18.307988],[109.214626,18.308224],[109.214698,18.30963],[109.214741,18.309771],[109.215685,18.31066],[109.215803,18.31084],[109.215717,18.311485],[109.214337,18.312397],[109.214258,18.312495],[109.21351,18.313432],[109.211218,18.316398],[109.21106,18.316824],[109.211016,18.317583],[109.210992,18.317991],[109.210983,18.318466],[109.21389,18.318124],[109.214735,18.318074],[109.215118,18.318098],[109.216247,18.318201],[109.217009,18.318315],[109.217198,18.318344],[109.218589,18.318547],[109.220023,18.318669],[109.221284,18.318754],[109.222275,18.318821],[109.226438,18.319137],[109.227123,18.319178],[109.228603,18.319259],[109.23078,18.319402],[109.231176,18.319411],[109.231615,18.319422],[109.232516,18.319435],[109.233323,18.319459],[109.233545,18.319429],[109.233925,18.319383],[109.234522,18.319204],[109.235104,18.318963],[109.235906,18.318552],[109.238101,18.317389],[109.238375,18.317282],[109.23845,18.317265],[109.238527,18.317256],[109.238604,18.317256],[109.238681,18.317265],[109.238756,18.317282],[109.238827,18.317307],[109.238895,18.31734],[109.238958,18.317381],[109.239015,18.317428],[109.239067,18.317481],[109.239298,18.317888],[109.239743,18.318851],[109.239877,18.319095],[109.240113,18.319431],[109.240344,18.319676],[109.240494,18.319783],[109.24058,18.319833],[109.24067,18.319878],[109.240763,18.319915],[109.240859,18.319946],[109.240952,18.319968],[109.241047,18.319984],[109.241143,18.319994],[109.241239,18.319997],[109.241862,18.319935],[109.242259,18.319885],[109.243026,18.319844],[109.243755,18.319859],[109.244209,18.319877],[109.244487,18.319895],[109.244984,18.319935],[109.245504,18.320022],[109.246336,18.320225],[109.24684,18.320375],[109.247725,18.320542],[109.248723,18.320731],[109.249229,18.320808],[109.253737,18.321866],[109.253985,18.321919],[109.25607,18.322364],[109.257359,18.322556],[109.258292,18.322647],[109.259552,18.322636],[109.260651,18.322506],[109.261792,18.322245],[109.262836,18.321865],[109.264062,18.321223],[109.265249,18.320357],[109.266861,18.318919],[109.268704,18.317077],[109.271229,18.314609],[109.272519,18.313508],[109.273523,18.312907],[109.273587,18.312876],[109.273976,18.312692],[109.274417,18.312482],[109.275304,18.312191],[109.276202,18.312015],[109.277032,18.311942],[109.277886,18.311942],[109.278902,18.312077],[109.280367,18.312448],[109.282318,18.313164],[109.285719,18.314488],[109.290173,18.316255],[109.292012,18.316957],[109.292647,18.317193],[109.293167,18.317376],[109.296037,18.31843],[109.300073,18.319886],[109.302847,18.320882],[109.304534,18.321409],[109.305936,18.321722],[109.307294,18.321883],[109.308738,18.321913],[109.309873,18.321833],[109.31135,18.321611],[109.312967,18.321177],[109.315787,18.320307],[109.319268,18.318938],[109.32191,18.317949],[109.323389,18.317488],[109.324895,18.317118],[109.326341,18.316973],[109.327554,18.316981],[109.328254,18.317069],[109.328942,18.317158],[109.329659,18.317294],[109.330351,18.317475],[109.331679,18.317908],[109.331874,18.317982],[109.333436,18.318585],[109.336332,18.319731],[109.339905,18.321146],[109.343979,18.322749],[109.347554,18.324172],[109.348767,18.324492],[109.349818,18.324592],[109.350707,18.324572],[109.351728,18.324362],[109.352876,18.324022],[109.35385,18.323495],[109.354711,18.322847],[109.355631,18.321884],[109.356624,18.320562],[109.357351,18.319596],[109.358209,18.318498],[109.359897,18.316219],[109.360326,18.31572],[109.361243,18.314685],[109.362132,18.313863],[109.362792,18.313386],[109.363429,18.313057],[109.364134,18.312735],[109.365114,18.312383],[109.365709,18.312203],[109.366362,18.312052],[109.36735,18.311925],[109.367941,18.311896],[109.36827,18.311898],[109.368898,18.311945],[109.3699,18.312079],[109.370665,18.312252],[109.371391,18.312466],[109.371993,18.312722],[109.372692,18.313051],[109.373287,18.313405],[109.373868,18.31378],[109.37458,18.314279],[109.375736,18.3151],[109.379393,18.317666],[109.379714,18.317891],[109.380565,18.318443],[109.381415,18.318961],[109.382349,18.319421],[109.383214,18.319815],[109.384203,18.320229],[109.38508,18.32055],[109.385619,18.320716],[109.38632,18.320912],[109.386998,18.321063],[109.387566,18.321175],[109.388188,18.321286],[109.388873,18.321352],[109.389579,18.321418],[109.390326,18.321457],[109.391357,18.321457],[109.392463,18.321406],[109.392913,18.321372],[109.393591,18.321293],[109.394172,18.321208],[109.394836,18.321083],[109.395853,18.320813],[109.397861,18.320288],[109.399756,18.319684],[109.404907,18.318055],[109.406108,18.317743],[109.407393,18.317468],[109.410588,18.316896],[109.413397,18.31668],[109.415088,18.316621],[109.416487,18.316638],[109.417757,18.31669],[109.422103,18.31694],[109.427089,18.317224],[109.427942,18.317204],[109.428811,18.317129],[109.429633,18.31706],[109.430463,18.316955],[109.431244,18.316848],[109.434505,18.31635],[109.435364,18.31624],[109.436118,18.316199],[109.436574,18.31617],[109.437031,18.316148],[109.437491,18.316139],[109.437952,18.316136],[109.438372,18.316138],[109.438798,18.316152],[109.43922,18.316172],[109.439639,18.316198],[109.439995,18.316224],[109.440354,18.316259],[109.44071,18.316295],[109.441068,18.316337],[109.441686,18.316421],[109.442269,18.316521],[109.442843,18.316629],[109.443451,18.316759],[109.444056,18.316907],[109.444554,18.317039],[109.445043,18.317182],[109.445854,18.317441],[109.446658,18.317725],[109.446689,18.317719],[109.448039,18.318301],[109.457148,18.322374],[109.457833,18.322679],[109.458678,18.32303],[109.459087,18.323209],[109.460009,18.323604],[109.460955,18.323958],[109.46236,18.324377],[109.463933,18.32472],[109.465363,18.324873],[109.466361,18.324924],[109.466891,18.324951],[109.467776,18.324976],[109.468932,18.324932],[109.470239,18.324867],[109.472057,18.324771],[109.47399,18.324662],[109.475344,18.324587],[109.47645,18.324521],[109.477652,18.324457],[109.47901,18.324387],[109.480222,18.324323],[109.481574,18.324266],[109.483291,18.324164],[109.483903,18.324118],[109.484204,18.324099],[109.485121,18.324048],[109.485542,18.324027],[109.48747,18.323947],[109.4883,18.323926],[109.489098,18.323941],[109.48943,18.323944],[109.489796,18.323966],[109.490071,18.323984],[109.490423,18.32401],[109.492171,18.324248],[109.493137,18.324404],[109.49407,18.324579],[109.494414,18.324641],[109.495458,18.324822],[109.49923,18.325557],[109.501926,18.326039],[109.503579,18.326217],[109.505177,18.326234],[109.506553,18.326094],[109.507419,18.325904],[109.508529,18.32558],[109.509312,18.325365],[109.51049,18.324865],[109.51169,18.324205],[109.512297,18.323792],[109.512845,18.32341],[109.513171,18.323164],[109.513412,18.322968],[109.513889,18.322554],[109.515216,18.321219],[109.516205,18.320248],[109.517008,18.31951],[109.518234,18.318578],[109.519277,18.317913],[109.520567,18.317213],[109.521534,18.316775],[109.522661,18.316365],[109.523507,18.316131],[109.525039,18.315786],[109.526097,18.315638],[109.52703,18.315547],[109.527632,18.31552],[109.52821,18.315515],[109.528789,18.315531],[109.528933,18.31554],[109.530259,18.315605],[109.531629,18.315728],[109.532732,18.31581],[109.536192,18.316077],[109.53748,18.31617],[109.539414,18.316298],[109.541373,18.316434],[109.542684,18.316538],[109.543078,18.316601],[109.543538,18.316665],[109.544532,18.316829],[109.545881,18.317093],[109.547246,18.317503],[109.548924,18.318073],[109.55002,18.318534],[109.551248,18.319026],[109.552424,18.31946],[109.553757,18.320006],[109.554774,18.320355],[109.555615,18.320662],[109.556331,18.320853],[109.556896,18.32098],[109.557673,18.321114],[109.558571,18.321196],[109.559182,18.321235],[109.560189,18.321281],[109.560816,18.321278],[109.561989,18.321175],[109.56275,18.321071],[109.563654,18.320895],[109.564383,18.320729],[109.565524,18.320404],[109.566822,18.320043],[109.567992,18.319727],[109.568714,18.319575],[109.569661,18.319442],[109.57029,18.319384],[109.571425,18.319333],[109.572314,18.319351],[109.573522,18.319415],[109.574708,18.319515],[109.575919,18.319618],[109.576266,18.319649],[109.578105,18.319788],[109.578886,18.319848],[109.579568,18.319898],[109.580916,18.319997],[109.581821,18.320056],[109.584544,18.320231],[109.587491,18.320467],[109.589462,18.320626],[109.590382,18.320713],[109.590891,18.320768],[109.591569,18.320914],[109.592794,18.321162],[109.593906,18.321479],[109.595235,18.321883],[109.596827,18.322493],[109.598025,18.322948],[109.599128,18.323338],[109.602631,18.324321],[109.604602,18.324836],[109.606487,18.325319],[109.607347,18.325494],[109.608242,18.325611],[109.608875,18.325669],[109.609535,18.325657],[109.610871,18.325537],[109.611734,18.325385],[109.612419,18.325197],[109.61303,18.325042],[109.613633,18.324839],[109.613884,18.324748],[109.614432,18.32453],[109.615861,18.324061],[109.616901,18.323663],[109.619419,18.322806],[109.619731,18.32272],[109.620044,18.322635],[109.62075,18.322479],[109.621279,18.322414],[109.621705,18.322386],[109.622171,18.32239],[109.622611,18.322387],[109.623015,18.322405],[109.623499,18.322447],[109.62393,18.322507],[109.624421,18.322597],[109.624848,18.32269],[109.625696,18.322961],[109.626307,18.323193],[109.626871,18.32347],[109.627831,18.323999],[109.629383,18.324924],[109.63085,18.325744],[109.632893,18.32672],[109.63534,18.327698],[109.638215,18.328523],[109.644581,18.330354],[109.645505,18.330625],[109.64611,18.330741],[109.646592,18.330803],[109.647085,18.330834],[109.647409,18.330834],[109.647943,18.330818],[109.648454,18.330767],[109.649012,18.330674],[109.649506,18.330574],[109.650052,18.330428],[109.650439,18.3303],[109.651036,18.330059],[109.65147,18.329853],[109.652137,18.329494],[109.652942,18.329042],[109.653243,18.328852],[109.662631,18.323588],[109.662907,18.323442],[109.663569,18.323079],[109.664514,18.322565],[109.665097,18.322271],[109.665944,18.321881],[109.66649,18.321688],[109.667367,18.321434],[109.668018,18.321283],[109.668788,18.32113],[109.669445,18.32105],[109.670049,18.321004],[109.670599,18.320982],[109.671144,18.320984],[109.672231,18.321028],[109.673152,18.321152],[109.67426,18.321391],[109.675434,18.321744],[109.676467,18.322167],[109.677487,18.322665],[109.678508,18.323314],[109.679183,18.323825],[109.67957,18.324144],[109.679767,18.324343],[109.681846,18.326154],[109.685043,18.329132],[109.685903,18.329795],[109.686179,18.329981],[109.686333,18.330068],[109.686499,18.33014],[109.686661,18.330199],[109.686843,18.330242],[109.686953,18.330262],[109.687117,18.330272],[109.687299,18.330272],[109.687454,18.330248],[109.687645,18.330199],[109.687826,18.330115],[109.688025,18.329998],[109.688163,18.329909],[109.688325,18.329782],[109.689902,18.328185],[109.690108,18.327941],[109.690376,18.327584],[109.690627,18.327198],[109.690817,18.326854],[109.690962,18.326539],[109.691031,18.326369],[109.691192,18.326365],[109.69133,18.326424],[109.69153,18.326501],[109.691719,18.326554],[109.691832,18.326577],[109.691917,18.326595],[109.692028,18.326606],[109.692211,18.326613],[109.692412,18.326595],[109.69258,18.326566],[109.692757,18.326529],[109.693191,18.326412],[109.693643,18.326288],[109.694081,18.326176],[109.700107,18.324665],[109.70127,18.32438],[109.701818,18.324243],[109.70219,18.324153],[109.702271,18.324136],[109.702417,18.3241],[109.702952,18.323988],[109.702999,18.323971],[109.703516,18.323822],[109.704108,18.323654],[109.704554,18.323509],[109.70492,18.323369],[109.705201,18.323231],[109.70641,18.32262],[109.707227,18.322283],[109.707784,18.322127],[109.708346,18.322014],[109.709052,18.321912],[109.712038,18.321763],[109.712352,18.321747],[109.712871,18.321721],[109.713017,18.321711],[109.713544,18.321673],[109.7139,18.32166],[109.714376,18.32163],[109.715103,18.321549],[109.715493,18.321487],[109.715908,18.321396],[109.716745,18.321154],[109.717704,18.320779],[109.719596,18.319958],[109.720278,18.31975],[109.720916,18.319592],[109.722566,18.319144],[109.724494,18.31861],[109.72458,18.318591],[109.724743,18.318554],[109.724901,18.31851],[109.725307,18.318397],[109.725732,18.318279],[109.725914,18.318229],[109.726034,18.3182],[109.726067,18.318337],[109.726088,18.318444],[109.726138,18.318901],[109.726229,18.319714],[109.726283,18.320213],[109.7264,18.321311],[109.726506,18.322332],[109.726569,18.322938],[109.726677,18.323912],[109.726746,18.324626],[109.726756,18.324733],[109.726826,18.325471],[109.726892,18.326072],[109.727102,18.327993],[109.727161,18.328582],[109.727247,18.329058],[109.727499,18.329927],[109.727811,18.330533],[109.72808,18.330984],[109.728495,18.331676],[109.728839,18.332142],[109.729225,18.332572],[109.729423,18.332803],[109.729503,18.332897],[109.729623,18.333038],[109.729951,18.333424],[109.730067,18.333571],[109.730166,18.333697],[109.73039,18.334112],[109.730573,18.334456],[109.730717,18.334818],[109.73084,18.3352],[109.730847,18.33522],[109.730899,18.335472],[109.730952,18.335737],[109.730974,18.336025],[109.730957,18.336469],[109.730952,18.336738],[109.730946,18.337049],[109.730933,18.337557],[109.730924,18.337918],[109.730918,18.338566],[109.730918,18.338806],[109.730918,18.33911],[109.730947,18.339626],[109.730955,18.339972],[109.730961,18.340264],[109.730962,18.340294],[109.730969,18.34074],[109.731028,18.341148],[109.731121,18.341571],[109.731272,18.342184],[109.731497,18.342897],[109.731613,18.343177],[109.731689,18.343359],[109.73181,18.34365],[109.732203,18.344532],[109.732543,18.345298],[109.732573,18.345367],[109.732821,18.345915],[109.733221,18.346804],[109.733348,18.346857],[109.733385,18.346873],[109.73361,18.346949],[109.733693,18.346985],[109.733725,18.347025],[109.733951,18.34698],[109.734179,18.34697],[109.734377,18.346957],[109.734471,18.346883],[109.734492,18.346814],[109.734575,18.346814],[109.734668,18.346785],[109.734769,18.346677],[109.734817,18.346537],[109.734872,18.346494],[109.734974,18.346536],[109.735058,18.346621],[109.735123,18.346702],[109.735217,18.346721],[109.735367,18.346702],[109.735477,18.346693],[109.7356,18.346734],[109.735635,18.346863],[109.735759,18.346804],[109.735914,18.34673],[109.736314,18.346486],[109.7357906,18.3458391]]}},{"type":"Feature","properties":{"dayId":6,"legId":"D6-drive","mode":"drive","label":"海棠湾—大东海—鹿回头—三亚湾—海棠湾","distanceKm":88.2,"durationHours":1.6,"source":"OSRM / OpenStreetMap, fetched 2026-08-11"},"geometry":{"type":"LineString","coordinates":[[109.7357906,18.3458391],[109.736314,18.346486],[109.735914,18.34673],[109.735759,18.346804],[109.735635,18.346863],[109.7356,18.346734],[109.735477,18.346693],[109.735367,18.346702],[109.735217,18.346721],[109.735123,18.346702],[109.735058,18.346621],[109.734974,18.346536],[109.734872,18.346494],[109.734817,18.346537],[109.734769,18.346677],[109.734668,18.346785],[109.734575,18.346814],[109.734492,18.346814],[109.734471,18.346883],[109.734377,18.346957],[109.734179,18.34697],[109.733951,18.34698],[109.733725,18.347025],[109.733693,18.346985],[109.733511,18.347178],[109.73349,18.347238],[109.733458,18.347329],[109.733517,18.347458],[109.734015,18.348872],[109.734044,18.348952],[109.734109,18.349138],[109.73466,18.350879],[109.734785,18.351254],[109.73494,18.351722],[109.734809,18.35176],[109.734664,18.351324],[109.734529,18.350917],[109.733978,18.349178],[109.733388,18.347505],[109.732694,18.345966],[109.732447,18.345418],[109.731683,18.3437],[109.731399,18.343031],[109.731153,18.342353],[109.731084,18.34216],[109.730848,18.341402],[109.730696,18.340844],[109.730576,18.339977],[109.730498,18.339544],[109.730475,18.339327],[109.73046,18.339186],[109.730438,18.338827],[109.730417,18.338277],[109.730425,18.337567],[109.730432,18.337039],[109.730442,18.335849],[109.730421,18.3355],[109.730376,18.335147],[109.730271,18.334718],[109.730146,18.334313],[109.729984,18.333941],[109.729798,18.333577],[109.729477,18.333109],[109.729121,18.332657],[109.728731,18.332222],[109.728379,18.331746],[109.727689,18.330594],[109.72737,18.329973],[109.727112,18.329087],[109.727024,18.328599],[109.726965,18.328006],[109.72669,18.325483],[109.726541,18.323924],[109.726433,18.322951],[109.726399,18.322622],[109.72636,18.322251],[109.726263,18.321324],[109.726093,18.319727],[109.726023,18.31902],[109.725948,18.318374],[109.725755,18.318434],[109.725351,18.31856],[109.725252,18.318592],[109.725008,18.318657],[109.722604,18.319295],[109.720951,18.319733],[109.72032,18.319889],[109.719651,18.320092],[109.717765,18.32091],[109.716796,18.32129],[109.715942,18.321536],[109.715529,18.321629],[109.715114,18.321691],[109.714368,18.321764],[109.71391,18.321794],[109.713659,18.321812],[109.713034,18.321853],[109.712903,18.321862],[109.712361,18.321889],[109.712073,18.321904],[109.709068,18.322055],[109.708373,18.322155],[109.707821,18.322266],[109.707279,18.322419],[109.706476,18.322749],[109.705168,18.323416],[109.704365,18.323736],[109.702957,18.324124],[109.702464,18.324253],[109.702309,18.324293],[109.701815,18.324423],[109.699635,18.324961],[109.696642,18.325716],[109.694053,18.326372],[109.693627,18.326474],[109.692807,18.32668],[109.692449,18.326726],[109.692123,18.326728],[109.691905,18.326703],[109.6917,18.326664],[109.691497,18.326605],[109.691286,18.326523],[109.69116,18.326466],[109.691097,18.326577],[109.690926,18.326919],[109.690733,18.327247],[109.69051,18.327577],[109.690317,18.327852],[109.690177,18.328049],[109.68999,18.328246],[109.688386,18.329841],[109.687755,18.330444],[109.687316,18.330888],[109.686834,18.331358],[109.68665,18.331574],[109.68658,18.331663],[109.686524,18.331774],[109.686492,18.331886],[109.686481,18.331985],[109.68649,18.332081],[109.686522,18.332179],[109.686567,18.332256],[109.686667,18.332354],[109.68675,18.332408],[109.68684,18.332449],[109.686934,18.332469],[109.68704,18.332475],[109.687141,18.332466],[109.687244,18.332447],[109.687359,18.332383],[109.687446,18.332304],[109.68752,18.332199],[109.687564,18.332073],[109.687581,18.331935],[109.687554,18.331831],[109.687495,18.331684],[109.687398,18.331541],[109.686932,18.331065],[109.681749,18.326252],[109.679671,18.324442],[109.679399,18.324205],[109.678346,18.323526],[109.677124,18.322884],[109.675871,18.322392],[109.674483,18.321997],[109.673516,18.321797],[109.672416,18.321668],[109.671596,18.32164],[109.67068,18.321639],[109.669821,18.321715],[109.668897,18.321853],[109.667709,18.322129],[109.666556,18.322489],[109.665717,18.32283],[109.664879,18.323256],[109.663133,18.324178],[109.660722,18.325515],[109.654202,18.329199],[109.652578,18.330085],[109.651333,18.33056],[109.650228,18.330917],[109.649037,18.331053],[109.648061,18.331093],[109.646892,18.331042],[109.645411,18.330723],[109.644129,18.330362],[109.635154,18.327789],[109.632819,18.326861],[109.631005,18.325963],[109.63033,18.325611],[109.629889,18.325445],[109.628355,18.324613],[109.627335,18.324069],[109.626933,18.323908],[109.62653,18.323802],[109.626211,18.323748],[109.626014,18.323731],[109.625275,18.323714],[109.623449,18.323751],[109.622649,18.323762],[109.622305,18.323731],[109.622105,18.323674],[109.621915,18.323607],[109.621708,18.32349],[109.621538,18.323378],[109.62136,18.323222],[109.62121,18.323044],[109.621052,18.322784],[109.62094,18.322512],[109.620873,18.322273],[109.620836,18.32202],[109.620835,18.321853],[109.620863,18.32156],[109.620938,18.321237],[109.621178,18.320511],[109.621237,18.320205],[109.62125,18.319898],[109.621224,18.319539],[109.621018,18.318645],[109.620538,18.31769],[109.62036,18.317394],[109.620249,18.317315],[109.619622,18.316866],[109.619208,18.316573],[109.618669,18.316188],[109.618127,18.315807],[109.616345,18.314612],[109.61589,18.314342],[109.614601,18.313506],[109.611731,18.311641],[109.611658,18.311591],[109.611609,18.311561],[109.611498,18.311487],[109.609585,18.31024],[109.608666,18.309595],[109.607769,18.308935],[109.607334,18.308588],[109.607295,18.308557],[109.60639,18.307835],[109.606019,18.30751],[109.605066,18.306674],[109.604591,18.306216],[109.603873,18.305523],[109.60268,18.304284],[109.601579,18.302951],[109.601371,18.302711],[109.601331,18.302675],[109.601256,18.302605],[109.599764,18.300743],[109.598576,18.299254],[109.598533,18.2992],[109.595606,18.295571],[109.594303,18.294058],[109.593818,18.293503],[109.593033,18.292692],[109.592159,18.291828],[109.590821,18.290563],[109.588026,18.288124],[109.587852,18.287977],[109.586814,18.287093],[109.585614,18.285975],[109.585387,18.28578],[109.583216,18.283963],[109.583047,18.283822],[109.582508,18.28337],[109.582168,18.283064],[109.581842,18.282771],[109.581556,18.282533],[109.581074,18.282092],[109.580948,18.281961],[109.580896,18.281893],[109.580861,18.281857],[109.580012,18.281127],[109.579775,18.280933],[109.57914,18.28039],[109.578077,18.279477],[109.578008,18.279424],[109.5772,18.27873],[109.576932,18.278542],[109.576595,18.278342],[109.5762,18.278166],[109.576124,18.278136],[109.574904,18.277662],[109.573992,18.27732],[109.572703,18.276836],[109.572591,18.276779],[109.57229,18.276619],[109.572061,18.27647],[109.571878,18.276321],[109.571683,18.276121],[109.571469,18.275824],[109.571155,18.275265],[109.570752,18.274336],[109.570257,18.273222],[109.570194,18.273127],[109.570157,18.27305],[109.569564,18.271659],[109.569542,18.271611],[109.569353,18.271169],[109.568994,18.270361],[109.568589,18.269451],[109.568013,18.268157],[109.567639,18.267318],[109.567394,18.266781],[109.566701,18.265257],[109.564465,18.260429],[109.564023,18.259417],[109.563851,18.258969],[109.5637,18.258575],[109.563629,18.25839],[109.563457,18.25789],[109.563403,18.257706],[109.563306,18.257374],[109.563171,18.25687],[109.563036,18.256357],[109.561607,18.251033],[109.561559,18.250864],[109.561082,18.249209],[109.560941,18.248719],[109.560877,18.248497],[109.56061,18.247564],[109.560459,18.247009],[109.560223,18.24649],[109.55995,18.246033],[109.559616,18.245648],[109.559249,18.245325],[109.558848,18.245045],[109.558065,18.244605],[109.557538,18.244309],[109.555613,18.243379],[109.552723,18.241979],[109.552659,18.241948],[109.552556,18.241899],[109.552145,18.241702],[109.551129,18.241215],[109.550787,18.240992],[109.550581,18.240821],[109.550512,18.240763],[109.549821,18.240073],[109.548541,18.238915],[109.547705,18.238264],[109.547389,18.237965],[109.54726,18.23786],[109.547096,18.237726],[109.546789,18.237555],[109.546489,18.237411],[109.546168,18.237293],[109.545901,18.237241],[109.545507,18.237199],[109.544885,18.237143],[109.542998,18.236986],[109.542832,18.236943],[109.542395,18.236862],[109.541331,18.236556],[109.539933,18.236122],[109.538994,18.235803],[109.538714,18.235714],[109.538265,18.235571],[109.538104,18.23549],[109.537973,18.235424],[109.537705,18.235247],[109.537473,18.235045],[109.537273,18.234808],[109.53703,18.23453],[109.536709,18.234164],[109.53614,18.23356],[109.535917,18.233343],[109.535695,18.233144],[109.53545,18.232979],[109.535187,18.232857],[109.534919,18.232748],[109.534649,18.232656],[109.53418,18.232505],[109.533253,18.232145],[109.532971,18.232037],[109.532708,18.231888],[109.532466,18.231707],[109.532249,18.231512],[109.530739,18.230166],[109.529474,18.229038],[109.529312,18.228892],[109.526967,18.226791],[109.525659,18.225614],[109.525499,18.225499],[109.525329,18.225416],[109.525167,18.225351],[109.525117,18.225342],[109.524931,18.225309],[109.524683,18.225314],[109.522869,18.2253],[109.522729,18.225303],[109.522731,18.225206],[109.522874,18.225203],[109.52451,18.225215],[109.52467,18.225215],[109.524843,18.225215],[109.525031,18.225237],[109.525066,18.225241],[109.525935,18.225272],[109.52638,18.225274],[109.526396,18.225201],[109.526441,18.225138],[109.526508,18.225098],[109.526586,18.225084],[109.526569,18.223709],[109.526585,18.22338],[109.526607,18.222939],[109.526664,18.222369],[109.526704,18.221976],[109.526779,18.22135],[109.526961,18.220356],[109.527013,18.220097],[109.527038,18.219993],[109.527098,18.219613],[109.526836,18.219624],[109.526544,18.219656],[109.526411,18.219667],[109.526284,18.219661],[109.526217,18.219649],[109.526203,18.219696],[109.526051,18.219925],[109.525814,18.220257],[109.525773,18.22032],[109.525739,18.220384],[109.525596,18.220741],[109.525462,18.221074],[109.525347,18.22136],[109.525291,18.221483],[109.525237,18.221584],[109.525214,18.221623],[109.525202,18.221643],[109.525146,18.221709],[109.525001,18.221851],[109.524309,18.222458],[109.524255,18.222534],[109.524183,18.222647],[109.524092,18.222824],[109.52407,18.222925],[109.52407,18.223008],[109.524094,18.223105],[109.524127,18.223201],[109.524137,18.22325],[109.524137,18.223279],[109.524105,18.223334],[109.524022,18.223428],[109.523789,18.22364],[109.523577,18.22377],[109.523421,18.223847],[109.522842,18.224091],[109.522802,18.224114],[109.522771,18.224142],[109.522769,18.224172],[109.522764,18.224231],[109.522732,18.225052],[109.522731,18.225206],[109.522729,18.225303],[109.521642,18.225293],[109.521332,18.225342],[109.521044,18.225449],[109.520948,18.225492],[109.520394,18.225743],[109.520373,18.22575],[109.519738,18.226025],[109.519599,18.226084],[109.517905,18.226885],[109.517517,18.227068],[109.517336,18.227144],[109.516896,18.227348],[109.515789,18.227861],[109.515613,18.228005],[109.515403,18.228214],[109.515262,18.228404],[109.515154,18.228582],[109.515092,18.228763],[109.515068,18.228878],[109.515045,18.229029],[109.515031,18.229182],[109.515002,18.229432],[109.515029,18.229737],[109.515078,18.230083],[109.515324,18.231608],[109.515411,18.232155],[109.515419,18.232494],[109.515301,18.232755],[109.515189,18.233119],[109.515077,18.233392],[109.514986,18.233499],[109.514898,18.233569],[109.514788,18.233633],[109.514664,18.233692],[109.514546,18.233747],[109.514102,18.233934],[109.513895,18.233803],[109.513802,18.233714],[109.513672,18.233522],[109.513591,18.233043],[109.513583,18.232689],[109.513612,18.232452],[109.513634,18.232335],[109.51365,18.232254],[109.513806,18.231835],[109.513907,18.23153],[109.513985,18.231221],[109.514043,18.230899],[109.514125,18.230442],[109.51417,18.229927],[109.514157,18.229532],[109.514068,18.229186],[109.514047,18.229071],[109.513977,18.228988],[109.513791,18.228831],[109.513615,18.228824],[109.513444,18.22879],[109.513334,18.228764],[109.513195,18.228704],[109.513024,18.228607],[109.512898,18.228482],[109.512052,18.22736],[109.511721,18.227034],[109.511511,18.226854],[109.510887,18.226554],[109.510008,18.226376],[109.509151,18.226236],[109.508054,18.225975],[109.507821,18.225981],[109.507491,18.226021],[109.507161,18.226106],[109.506753,18.226227],[109.50649,18.226279],[109.506234,18.226298],[109.505927,18.226312],[109.5054,18.22632],[109.50537,18.226062],[109.505324,18.225912],[109.505236,18.225757],[109.505067,18.225576],[109.504562,18.2252],[109.504155,18.224866],[109.504007,18.224705],[109.503578,18.22434],[109.503495,18.224246],[109.503466,18.224149],[109.503452,18.224054],[109.50347,18.223921],[109.503653,18.223617],[109.503707,18.223386],[109.503588,18.223138],[109.503553,18.223078],[109.503422,18.22286],[109.503346,18.222733],[109.503116,18.222372],[109.502982,18.222085],[109.502969,18.222042],[109.50297,18.222004],[109.502974,18.22198],[109.502986,18.221946],[109.503007,18.221914],[109.503304,18.221674],[109.503415,18.221582],[109.503481,18.221523],[109.503511,18.221486],[109.503525,18.221457],[109.503536,18.221413],[109.502705,18.221861],[109.502416,18.222017],[109.502165,18.222157],[109.502119,18.222169],[109.501955,18.222468],[109.501911,18.222617],[109.501925,18.22274],[109.502243,18.22318],[109.502224,18.223196],[109.502196,18.223259],[109.502178,18.223412],[109.502073,18.223533],[109.50179,18.223922],[109.501651,18.22459],[109.500344,18.224816],[109.500261,18.224961],[109.500225,18.225164],[109.500525,18.226016],[109.500569,18.226166],[109.500583,18.226227],[109.50059,18.226279],[109.500592,18.226334],[109.500591,18.226403],[109.500588,18.226538],[109.500592,18.226671],[109.500595,18.226717],[109.500601,18.22677],[109.500631,18.226951],[109.500636,18.22701],[109.500635,18.227079],[109.500629,18.227146],[109.500619,18.227187],[109.500608,18.227225],[109.500586,18.227267],[109.500553,18.227309],[109.500511,18.227348],[109.500469,18.22737],[109.500368,18.227413],[109.500327,18.227432],[109.500286,18.227456],[109.50026,18.227477],[109.500234,18.227502],[109.500199,18.227559],[109.500175,18.227604],[109.500138,18.227681],[109.500019,18.227931],[109.499999,18.227975],[109.499971,18.22802],[109.499929,18.228069],[109.499898,18.228097],[109.499864,18.228126],[109.499811,18.228163],[109.499774,18.228186],[109.499738,18.228204],[109.499701,18.228216],[109.499654,18.228224],[109.499617,18.228229],[109.499588,18.228227],[109.499551,18.228215],[109.499514,18.228193],[109.499486,18.22817],[109.499459,18.228144],[109.499256,18.227926],[109.499199,18.227892],[109.499136,18.227872],[109.499072,18.227866],[109.499002,18.227877],[109.498946,18.227887],[109.498884,18.227907],[109.49881,18.227944],[109.498737,18.227977],[109.498655,18.227999],[109.498473,18.228048],[109.498368,18.228063],[109.498277,18.22807],[109.498179,18.228075],[109.498107,18.228073],[109.498066,18.228068],[109.498033,18.228062],[109.497799,18.227998],[109.497727,18.227988],[109.497673,18.22799],[109.497624,18.227999],[109.497562,18.228019],[109.497372,18.228106],[109.497314,18.228121],[109.497245,18.228125],[109.497172,18.228123],[109.497085,18.228106],[109.497028,18.228064],[109.497007,18.228026],[109.496997,18.227993],[109.496983,18.227927],[109.496988,18.227836],[109.496998,18.227765],[109.497014,18.227694],[109.497035,18.227628],[109.497061,18.227558],[109.497112,18.22746],[109.497159,18.227376],[109.497207,18.227305],[109.497413,18.227048],[109.497499,18.22694],[109.49769,18.226773],[109.497711,18.226759],[109.497732,18.226749],[109.497764,18.226741],[109.497796,18.226737],[109.497829,18.226738],[109.497866,18.226744],[109.498436,18.226861],[109.498596,18.22685],[109.498907,18.226763],[109.499193,18.226651],[109.499336,18.226613],[109.499437,18.226638],[109.499503,18.226688],[109.49949,18.226804],[109.499349,18.226925],[109.499325,18.226937],[109.499168,18.227018],[109.499201,18.227071],[109.499238,18.227129],[109.499413,18.227034],[109.499349,18.226925],[109.49949,18.226804],[109.499503,18.226688],[109.499437,18.226638],[109.499336,18.226613],[109.499193,18.226651],[109.498907,18.226763],[109.498596,18.22685],[109.498436,18.226861],[109.497866,18.226744],[109.497829,18.226738],[109.497796,18.226737],[109.497764,18.226741],[109.497732,18.226749],[109.497711,18.226759],[109.49769,18.226773],[109.497499,18.22694],[109.497413,18.227048],[109.497207,18.227305],[109.497159,18.227376],[109.497112,18.22746],[109.497076,18.22753],[109.497061,18.227558],[109.497035,18.227628],[109.497014,18.227694],[109.496998,18.227765],[109.496988,18.227836],[109.496983,18.227927],[109.496997,18.227993],[109.497007,18.228026],[109.497028,18.228064],[109.497085,18.228106],[109.497172,18.228123],[109.497245,18.228125],[109.497314,18.228121],[109.497372,18.228106],[109.497562,18.228019],[109.497624,18.227999],[109.497673,18.22799],[109.497727,18.227988],[109.497799,18.227998],[109.498033,18.228062],[109.498066,18.228068],[109.498107,18.228073],[109.498179,18.228075],[109.498277,18.22807],[109.498368,18.228063],[109.498473,18.228048],[109.498655,18.227999],[109.498737,18.227977],[109.49881,18.227944],[109.498884,18.227907],[109.498946,18.227887],[109.499002,18.227877],[109.499072,18.227866],[109.499136,18.227872],[109.499199,18.227892],[109.499256,18.227926],[109.499459,18.228144],[109.499486,18.22817],[109.499514,18.228193],[109.499551,18.228215],[109.499588,18.228227],[109.499617,18.228229],[109.499654,18.228224],[109.499701,18.228216],[109.499738,18.228204],[109.499774,18.228186],[109.499811,18.228163],[109.499864,18.228126],[109.499898,18.228097],[109.499929,18.228069],[109.499971,18.22802],[109.499999,18.227975],[109.500019,18.227931],[109.500138,18.227681],[109.500175,18.227604],[109.500199,18.227559],[109.500234,18.227502],[109.50026,18.227477],[109.500286,18.227456],[109.500327,18.227432],[109.500368,18.227413],[109.500469,18.22737],[109.500511,18.227348],[109.500553,18.227309],[109.500586,18.227267],[109.500608,18.227225],[109.500619,18.227187],[109.500629,18.227146],[109.500635,18.227079],[109.500636,18.22701],[109.500631,18.226951],[109.500601,18.22677],[109.500595,18.226717],[109.500592,18.226671],[109.500588,18.226538],[109.500591,18.226403],[109.500592,18.226334],[109.50059,18.226279],[109.500583,18.226227],[109.500569,18.226166],[109.500525,18.226016],[109.500225,18.225164],[109.500261,18.224961],[109.500344,18.224816],[109.501651,18.22459],[109.50179,18.223922],[109.502073,18.223533],[109.502178,18.223412],[109.502196,18.223259],[109.502224,18.223196],[109.502243,18.22318],[109.501925,18.22274],[109.501911,18.222617],[109.501955,18.222468],[109.502119,18.222169],[109.502165,18.222157],[109.502416,18.222017],[109.502705,18.221861],[109.503536,18.221413],[109.503525,18.221457],[109.503511,18.221486],[109.503481,18.221523],[109.503415,18.221582],[109.503304,18.221674],[109.503007,18.221914],[109.502986,18.221946],[109.502974,18.22198],[109.50297,18.222004],[109.502969,18.222042],[109.502982,18.222085],[109.503116,18.222372],[109.503346,18.222733],[109.503422,18.22286],[109.503553,18.223078],[109.503588,18.223138],[109.503707,18.223386],[109.503653,18.223617],[109.50347,18.223921],[109.503452,18.224054],[109.503466,18.224149],[109.503495,18.224246],[109.503578,18.22434],[109.504007,18.224705],[109.504155,18.224866],[109.504562,18.2252],[109.505067,18.225576],[109.505236,18.225757],[109.505324,18.225912],[109.50537,18.226062],[109.5054,18.22632],[109.505927,18.226312],[109.506234,18.226298],[109.50649,18.226279],[109.506753,18.226227],[109.507161,18.226106],[109.507491,18.226021],[109.507821,18.225981],[109.508054,18.225975],[109.509151,18.226236],[109.510008,18.226376],[109.510887,18.226554],[109.511511,18.226854],[109.511721,18.227034],[109.512052,18.22736],[109.512898,18.228482],[109.513024,18.228607],[109.513195,18.228704],[109.513334,18.228764],[109.513444,18.22879],[109.513615,18.228824],[109.513791,18.228831],[109.513952,18.228835],[109.514129,18.228866],[109.514186,18.228881],[109.514387,18.228931],[109.514649,18.229056],[109.514785,18.229137],[109.514861,18.229207],[109.515002,18.229432],[109.515029,18.229737],[109.515078,18.230083],[109.515324,18.231608],[109.515411,18.232155],[109.515419,18.232494],[109.515301,18.232755],[109.515189,18.233119],[109.515077,18.233392],[109.514986,18.233499],[109.514898,18.233569],[109.514788,18.233633],[109.514664,18.233692],[109.514546,18.233747],[109.514102,18.233934],[109.512536,18.234579],[109.512389,18.234639],[109.511048,18.235185],[109.510796,18.235288],[109.508223,18.236333],[109.508032,18.23641],[109.505906,18.237217],[109.505534,18.237358],[109.505477,18.237379],[109.504112,18.237917],[109.503666,18.238091],[109.50363,18.238108],[109.503583,18.238141],[109.503552,18.238173],[109.503519,18.238219],[109.503507,18.238252],[109.503497,18.238291],[109.503483,18.238354],[109.503456,18.23848],[109.503437,18.238569],[109.503239,18.239481],[109.503227,18.239537],[109.503204,18.239644],[109.503038,18.24042],[109.502954,18.240813],[109.502562,18.242677],[109.502277,18.244012],[109.502043,18.245119],[109.501993,18.245381],[109.501956,18.245569],[109.501657,18.24699],[109.501362,18.248406],[109.501337,18.248528],[109.501326,18.248582],[109.501236,18.249003],[109.500506,18.252523],[109.500463,18.252754],[109.500448,18.252848],[109.500384,18.253142],[109.500195,18.253998],[109.500036,18.254722],[109.500018,18.254802],[109.499836,18.255737],[109.499795,18.255942],[109.499757,18.256143],[109.49939,18.257931],[109.49936,18.258077],[109.499346,18.258145],[109.499334,18.258206],[109.499132,18.259189],[109.499031,18.259683],[109.498952,18.260069],[109.498645,18.261437],[109.498579,18.261684],[109.498553,18.261779],[109.49842,18.261992],[109.497908,18.262613],[109.495482,18.265158],[109.495296,18.265368],[109.495217,18.26546],[109.495031,18.265679],[109.495012,18.265698],[109.494954,18.265758],[109.494802,18.265912],[109.494641,18.266061],[109.493843,18.266826],[109.492125,18.268468],[109.492072,18.268519],[109.490783,18.269742],[109.48987,18.270608],[109.489162,18.27128],[109.48785,18.272524],[109.487807,18.272565],[109.487691,18.272679],[109.487649,18.272721],[109.487615,18.272755],[109.487565,18.272806],[109.487494,18.272735],[109.487344,18.272586],[109.48666,18.271842],[109.485877,18.271027],[109.485785,18.270931],[109.485731,18.270875],[109.483252,18.268296],[109.48317,18.268209],[109.483062,18.268266],[109.482189,18.269007],[109.480275,18.270587],[109.480253,18.270605],[109.479378,18.271321],[109.479255,18.27142],[109.477202,18.273091],[109.475595,18.274072],[109.475577,18.274083],[109.473389,18.275437],[109.473384,18.275366],[109.473654,18.275196],[109.4755,18.274067],[109.476486,18.273467],[109.477179,18.273022],[109.478957,18.271577],[109.479251,18.271337],[109.480163,18.270592],[109.482022,18.269067],[109.482142,18.268961],[109.48297,18.268233],[109.483117,18.268131],[109.483191,18.268036],[109.48334,18.267893],[109.483774,18.267479],[109.487348,18.264003],[109.4874,18.263951],[109.489881,18.261653],[109.490158,18.261393],[109.490241,18.261313],[109.490354,18.261208],[109.490391,18.261243],[109.490667,18.261426],[109.492626,18.263073],[109.492903,18.263311],[109.493173,18.263549],[109.493232,18.263601],[109.49326,18.263625],[109.493308,18.263668],[109.493523,18.263856],[109.495094,18.265194],[109.495239,18.265319],[109.495296,18.265368],[109.495556,18.265585],[109.496916,18.266761],[109.497314,18.267094],[109.497727,18.267443],[109.499349,18.268808],[109.499581,18.269004],[109.499642,18.269061],[109.499724,18.269137],[109.499835,18.269229],[109.50041,18.269692],[109.501095,18.270283],[109.501557,18.270674],[109.503001,18.271898],[109.503824,18.272597],[109.504469,18.273147],[109.504916,18.273528],[109.506056,18.2745],[109.50613,18.274563],[109.508557,18.276628],[109.508978,18.276986],[109.509069,18.277063],[109.509531,18.277451],[109.510102,18.277932],[109.510776,18.278497],[109.511888,18.27946],[109.512051,18.27961],[109.512359,18.279865],[109.512483,18.279964],[109.512713,18.28016],[109.513699,18.280996],[109.513724,18.281017],[109.514392,18.281583],[109.514681,18.281832],[109.514823,18.281954],[109.516969,18.28378],[109.517498,18.284229],[109.519527,18.28597],[109.519903,18.286293],[109.519947,18.286331],[109.52024,18.286582],[109.521154,18.28737],[109.524292,18.289785],[109.524647,18.290037],[109.524728,18.290094],[109.524774,18.290127],[109.524801,18.290147],[109.526104,18.290972],[109.526939,18.291451],[109.527728,18.291853],[109.528892,18.292365],[109.529388,18.292547],[109.529592,18.292621],[109.529924,18.292743],[109.530917,18.293065],[109.531866,18.293303],[109.532716,18.293486],[109.533382,18.293601],[109.533958,18.293692],[109.535003,18.293793],[109.535563,18.293833],[109.535778,18.293843],[109.536186,18.29386],[109.536346,18.29386],[109.537004,18.29386],[109.537297,18.293849],[109.537359,18.293847],[109.537393,18.293847],[109.537657,18.293836],[109.537884,18.293828],[109.537955,18.293825],[109.538143,18.293807],[109.538531,18.29377],[109.538895,18.29373],[109.53926,18.29369],[109.539424,18.293667],[109.540013,18.293587],[109.54094,18.29341],[109.541633,18.293256],[109.542431,18.293045],[109.543352,18.292759],[109.544086,18.292487],[109.544432,18.292359],[109.544795,18.292219],[109.54523,18.292051],[109.545619,18.29188],[109.546634,18.291418],[109.54793,18.290785],[109.548816,18.290325],[109.550904,18.28922],[109.551473,18.28893],[109.552178,18.288569],[109.552659,18.288343],[109.553201,18.288087],[109.554211,18.287647],[109.555126,18.287282],[109.555964,18.286981],[109.556167,18.286908],[109.557015,18.28662],[109.557472,18.286469],[109.55759,18.28643],[109.557718,18.286388],[109.558655,18.286135],[109.55971,18.28585],[109.561311,18.285435],[109.56215,18.285222],[109.564726,18.284566],[109.566018,18.284233],[109.566163,18.284195],[109.566346,18.284148],[109.567255,18.283913],[109.570385,18.283116],[109.57064,18.283051],[109.572328,18.282619],[109.573035,18.282438],[109.574574,18.282053],[109.574858,18.281982],[109.575054,18.281932],[109.575371,18.281853],[109.575692,18.281781],[109.575935,18.281726],[109.576477,18.281638],[109.577005,18.281568],[109.577689,18.281565],[109.578118,18.281588],[109.578584,18.281658],[109.579048,18.281751],[109.579481,18.281862],[109.579622,18.281898],[109.58051,18.282139],[109.580774,18.28223],[109.581008,18.282299],[109.581556,18.282533],[109.581856,18.282619],[109.582144,18.282837],[109.582463,18.283057],[109.582759,18.283345],[109.582905,18.283488],[109.582974,18.283546],[109.585618,18.285752],[109.585767,18.285883],[109.587192,18.287131],[109.587988,18.287834],[109.588397,18.288195],[109.589486,18.289112],[109.59093,18.29044],[109.592265,18.291679],[109.593794,18.293265],[109.593938,18.293413],[109.594433,18.293948],[109.597179,18.297283],[109.597986,18.298264],[109.598686,18.299132],[109.599869,18.300611],[109.601362,18.302468],[109.601434,18.302516],[109.601715,18.302853],[109.60281,18.30418],[109.603997,18.305412],[109.605185,18.306558],[109.606502,18.307714],[109.607523,18.308572],[109.608769,18.309466],[109.609684,18.310108],[109.611561,18.311327],[109.611704,18.311426],[109.611751,18.31146],[109.61252,18.311984],[109.613772,18.312803],[109.616409,18.31452],[109.617685,18.315317],[109.618535,18.315899],[109.619351,18.316497],[109.620055,18.316991],[109.620359,18.317212],[109.620849,18.317679],[109.621372,18.318117],[109.622008,18.318669],[109.622584,18.31912],[109.624402,18.320842],[109.625698,18.322085],[109.627069,18.323363],[109.627983,18.324016],[109.628929,18.32459],[109.629383,18.324924],[109.63085,18.325744],[109.632893,18.32672],[109.63534,18.327698],[109.638215,18.328523],[109.644581,18.330354],[109.645505,18.330625],[109.64611,18.330741],[109.646592,18.330803],[109.647085,18.330834],[109.647409,18.330834],[109.647943,18.330818],[109.648454,18.330767],[109.649012,18.330674],[109.649506,18.330574],[109.650052,18.330428],[109.650439,18.3303],[109.651036,18.330059],[109.65147,18.329853],[109.652137,18.329494],[109.652942,18.329042],[109.653243,18.328852],[109.662631,18.323588],[109.662907,18.323442],[109.663569,18.323079],[109.664514,18.322565],[109.665097,18.322271],[109.665944,18.321881],[109.66649,18.321688],[109.667367,18.321434],[109.668018,18.321283],[109.668788,18.32113],[109.669445,18.32105],[109.670049,18.321004],[109.670599,18.320982],[109.671144,18.320984],[109.672231,18.321028],[109.673152,18.321152],[109.67426,18.321391],[109.675434,18.321744],[109.676467,18.322167],[109.677487,18.322665],[109.678508,18.323314],[109.679183,18.323825],[109.67957,18.324144],[109.679767,18.324343],[109.681846,18.326154],[109.685043,18.329132],[109.685903,18.329795],[109.686179,18.329981],[109.686333,18.330068],[109.686499,18.33014],[109.686661,18.330199],[109.686843,18.330242],[109.686953,18.330262],[109.687117,18.330272],[109.687299,18.330272],[109.687454,18.330248],[109.687645,18.330199],[109.687826,18.330115],[109.688025,18.329998],[109.688163,18.329909],[109.688325,18.329782],[109.689902,18.328185],[109.690108,18.327941],[109.690376,18.327584],[109.690627,18.327198],[109.690817,18.326854],[109.690962,18.326539],[109.691031,18.326369],[109.691192,18.326365],[109.69133,18.326424],[109.69153,18.326501],[109.691719,18.326554],[109.691832,18.326577],[109.691917,18.326595],[109.692028,18.326606],[109.692211,18.326613],[109.692412,18.326595],[109.69258,18.326566],[109.692757,18.326529],[109.693191,18.326412],[109.693643,18.326288],[109.694081,18.326176],[109.700107,18.324665],[109.70127,18.32438],[109.701818,18.324243],[109.70219,18.324153],[109.702271,18.324136],[109.702417,18.3241],[109.702952,18.323988],[109.702999,18.323971],[109.703516,18.323822],[109.704108,18.323654],[109.704554,18.323509],[109.70492,18.323369],[109.705201,18.323231],[109.70641,18.32262],[109.707227,18.322283],[109.707784,18.322127],[109.708346,18.322014],[109.709052,18.321912],[109.712038,18.321763],[109.712352,18.321747],[109.712871,18.321721],[109.713017,18.321711],[109.713544,18.321673],[109.7139,18.32166],[109.714376,18.32163],[109.715103,18.321549],[109.715493,18.321487],[109.715908,18.321396],[109.716745,18.321154],[109.717704,18.320779],[109.719596,18.319958],[109.720278,18.31975],[109.720916,18.319592],[109.722566,18.319144],[109.724494,18.31861],[109.72458,18.318591],[109.724743,18.318554],[109.724901,18.31851],[109.725307,18.318397],[109.725732,18.318279],[109.725914,18.318229],[109.726034,18.3182],[109.726067,18.318337],[109.726088,18.318444],[109.726138,18.318901],[109.726229,18.319714],[109.726283,18.320213],[109.7264,18.321311],[109.726506,18.322332],[109.726569,18.322938],[109.726677,18.323912],[109.726746,18.324626],[109.726756,18.324733],[109.726826,18.325471],[109.726892,18.326072],[109.727102,18.327993],[109.727161,18.328582],[109.727247,18.329058],[109.727499,18.329927],[109.727811,18.330533],[109.72808,18.330984],[109.728495,18.331676],[109.728839,18.332142],[109.729225,18.332572],[109.729423,18.332803],[109.729503,18.332897],[109.729623,18.333038],[109.729951,18.333424],[109.730067,18.333571],[109.730166,18.333697],[109.73039,18.334112],[109.730573,18.334456],[109.730717,18.334818],[109.73084,18.3352],[109.730847,18.33522],[109.730899,18.335472],[109.730952,18.335737],[109.730974,18.336025],[109.730957,18.336469],[109.730952,18.336738],[109.730946,18.337049],[109.730933,18.337557],[109.730924,18.337918],[109.730918,18.338566],[109.730918,18.338806],[109.730918,18.33911],[109.730947,18.339626],[109.730955,18.339972],[109.730961,18.340264],[109.730962,18.340294],[109.730969,18.34074],[109.731028,18.341148],[109.731121,18.341571],[109.731272,18.342184],[109.731497,18.342897],[109.731613,18.343177],[109.731689,18.343359],[109.73181,18.34365],[109.732203,18.344532],[109.732543,18.345298],[109.732573,18.345367],[109.732821,18.345915],[109.733221,18.346804],[109.733348,18.346857],[109.733385,18.346873],[109.73361,18.346949],[109.733693,18.346985],[109.733725,18.347025],[109.733951,18.34698],[109.734179,18.34697],[109.734377,18.346957],[109.734471,18.346883],[109.734492,18.346814],[109.734575,18.346814],[109.734668,18.346785],[109.734769,18.346677],[109.734817,18.346537],[109.734872,18.346494],[109.734974,18.346536],[109.735058,18.346621],[109.735123,18.346702],[109.735217,18.346721],[109.735367,18.346702],[109.735477,18.346693],[109.7356,18.346734],[109.735635,18.346863],[109.735759,18.346804],[109.735914,18.34673],[109.736314,18.346486],[109.7357906,18.3458391]]}},{"type":"Feature","properties":{"dayId":7,"legId":"D7-drive","mode":"drive","label":"海棠湾 → 三亚凤凰机场","distanceKm":42.9,"durationHours":0.6,"source":"OSRM / OpenStreetMap, fetched 2026-08-11"},"geometry":{"type":"LineString","coordinates":[[109.7357906,18.3458391],[109.736314,18.346486],[109.735914,18.34673],[109.735759,18.346804],[109.735635,18.346863],[109.7356,18.346734],[109.735477,18.346693],[109.735367,18.346702],[109.735217,18.346721],[109.735123,18.346702],[109.735058,18.346621],[109.734974,18.346536],[109.734872,18.346494],[109.734817,18.346537],[109.734769,18.346677],[109.734668,18.346785],[109.734575,18.346814],[109.734492,18.346814],[109.734471,18.346883],[109.734377,18.346957],[109.734179,18.34697],[109.733951,18.34698],[109.733725,18.347025],[109.733693,18.346985],[109.733511,18.347178],[109.73349,18.347238],[109.733458,18.347329],[109.733517,18.347458],[109.734015,18.348872],[109.734044,18.348952],[109.734109,18.349138],[109.73466,18.350879],[109.734785,18.351254],[109.73494,18.351722],[109.734809,18.35176],[109.734664,18.351324],[109.734529,18.350917],[109.733978,18.349178],[109.733388,18.347505],[109.732694,18.345966],[109.732447,18.345418],[109.731683,18.3437],[109.731399,18.343031],[109.731153,18.342353],[109.731084,18.34216],[109.730848,18.341402],[109.730696,18.340844],[109.730576,18.339977],[109.730498,18.339544],[109.730475,18.339327],[109.73046,18.339186],[109.730438,18.338827],[109.730417,18.338277],[109.730425,18.337567],[109.730432,18.337039],[109.730442,18.335849],[109.730421,18.3355],[109.730376,18.335147],[109.730271,18.334718],[109.730146,18.334313],[109.729984,18.333941],[109.729798,18.333577],[109.729477,18.333109],[109.729121,18.332657],[109.728731,18.332222],[109.728379,18.331746],[109.727689,18.330594],[109.72737,18.329973],[109.727112,18.329087],[109.727024,18.328599],[109.726965,18.328006],[109.72669,18.325483],[109.726541,18.323924],[109.726433,18.322951],[109.726399,18.322622],[109.72636,18.322251],[109.726263,18.321324],[109.726093,18.319727],[109.726023,18.31902],[109.725948,18.318374],[109.725755,18.318434],[109.725351,18.31856],[109.725252,18.318592],[109.725008,18.318657],[109.722604,18.319295],[109.720951,18.319733],[109.72032,18.319889],[109.719651,18.320092],[109.717765,18.32091],[109.716796,18.32129],[109.715942,18.321536],[109.715529,18.321629],[109.715114,18.321691],[109.714368,18.321764],[109.71391,18.321794],[109.713659,18.321812],[109.713034,18.321853],[109.712903,18.321862],[109.712361,18.321889],[109.712073,18.321904],[109.709068,18.322055],[109.708373,18.322155],[109.707821,18.322266],[109.707279,18.322419],[109.706476,18.322749],[109.705168,18.323416],[109.704365,18.323736],[109.702957,18.324124],[109.702464,18.324253],[109.702309,18.324293],[109.701815,18.324423],[109.699635,18.324961],[109.696642,18.325716],[109.694053,18.326372],[109.693627,18.326474],[109.692807,18.32668],[109.692449,18.326726],[109.692123,18.326728],[109.691905,18.326703],[109.6917,18.326664],[109.691497,18.326605],[109.691286,18.326523],[109.69116,18.326466],[109.691097,18.326577],[109.690926,18.326919],[109.690733,18.327247],[109.69051,18.327577],[109.690317,18.327852],[109.690177,18.328049],[109.68999,18.328246],[109.688386,18.329841],[109.687755,18.330444],[109.687316,18.330888],[109.686834,18.331358],[109.68665,18.331574],[109.68658,18.331663],[109.686524,18.331774],[109.686492,18.331886],[109.686481,18.331985],[109.68649,18.332081],[109.686522,18.332179],[109.686567,18.332256],[109.686667,18.332354],[109.68675,18.332408],[109.68684,18.332449],[109.686934,18.332469],[109.68704,18.332475],[109.687141,18.332466],[109.687244,18.332447],[109.687359,18.332383],[109.687446,18.332304],[109.68752,18.332199],[109.687564,18.332073],[109.687581,18.331935],[109.687554,18.331831],[109.687495,18.331684],[109.687398,18.331541],[109.686932,18.331065],[109.681749,18.326252],[109.679671,18.324442],[109.679399,18.324205],[109.678346,18.323526],[109.677124,18.322884],[109.675871,18.322392],[109.674483,18.321997],[109.673516,18.321797],[109.672416,18.321668],[109.671596,18.32164],[109.67068,18.321639],[109.669821,18.321715],[109.668897,18.321853],[109.667709,18.322129],[109.666556,18.322489],[109.665717,18.32283],[109.664879,18.323256],[109.663133,18.324178],[109.660722,18.325515],[109.654202,18.329199],[109.652578,18.330085],[109.651333,18.33056],[109.650228,18.330917],[109.649037,18.331053],[109.648061,18.331093],[109.646892,18.331042],[109.645411,18.330723],[109.644129,18.330362],[109.635154,18.327789],[109.632819,18.326861],[109.631005,18.325963],[109.63033,18.325611],[109.629759,18.325296],[109.629177,18.32491],[109.628567,18.324534],[109.627722,18.324049],[109.626818,18.323555],[109.626231,18.323276],[109.625544,18.323012],[109.624817,18.3228],[109.624396,18.322709],[109.62391,18.322619],[109.623485,18.32256],[109.623007,18.322519],[109.622608,18.322501],[109.622175,18.322504],[109.621705,18.322489],[109.621199,18.322523],[109.620602,18.322623],[109.620071,18.322747],[109.619758,18.322845],[109.619391,18.322954],[109.61813,18.323406],[109.616892,18.323912],[109.615977,18.324282],[109.61458,18.324816],[109.614104,18.324976],[109.61385,18.325068],[109.613241,18.325273],[109.612337,18.325568],[109.611719,18.325734],[109.610967,18.325898],[109.609586,18.326092],[109.608705,18.32608],[109.608032,18.326059],[109.607251,18.325978],[109.606296,18.325798],[109.604609,18.325382],[109.602615,18.324848],[109.600834,18.324305],[109.598628,18.323584],[109.597741,18.323254],[109.596528,18.322799],[109.595122,18.322253],[109.593726,18.321783],[109.592692,18.321426],[109.591504,18.321103],[109.590808,18.320962],[109.590337,18.320898],[109.589451,18.320774],[109.587481,18.320581],[109.584535,18.320345],[109.580907,18.320111],[109.580212,18.320056],[109.579478,18.319996],[109.578793,18.319945],[109.578096,18.319891],[109.575879,18.319722],[109.5747,18.319628],[109.573514,18.319528],[109.572309,18.319465],[109.571427,18.319447],[109.570299,18.319498],[109.569675,18.319555],[109.568736,18.319687],[109.568021,18.319838],[109.566855,18.320152],[109.565558,18.320513],[109.564414,18.320838],[109.56368,18.321007],[109.56277,18.321184],[109.562003,18.321288],[109.560821,18.321392],[109.560186,18.321395],[109.559175,18.321349],[109.558562,18.321309],[109.557657,18.321227],[109.556872,18.321092],[109.5563,18.320963],[109.555578,18.32077],[109.554732,18.320462],[109.553713,18.320112],[109.552379,18.319565],[109.551203,18.319132],[109.549973,18.318639],[109.548879,18.318179],[109.547207,18.317611],[109.54585,18.317203],[109.544509,18.316941],[109.543519,18.316778],[109.543059,18.316713],[109.542669,18.316651],[109.541364,18.316548],[109.539405,18.316412],[109.537472,18.316284],[109.536183,18.31619],[109.532724,18.31591],[109.532188,18.315864],[109.531645,18.315823],[109.5306,18.31573],[109.530159,18.315691],[109.528906,18.315629],[109.52883,18.315625],[109.528264,18.315612],[109.527917,18.315616],[109.527047,18.315728],[109.526135,18.315843],[109.525826,18.3159],[109.525547,18.316001],[109.525405,18.316117],[109.525295,18.31625],[109.525262,18.31641],[109.525259,18.316577],[109.525302,18.316703],[109.525375,18.316817],[109.525471,18.316911],[109.525624,18.316974],[109.525809,18.317002],[109.526045,18.316943],[109.526197,18.316839],[109.526317,18.316678],[109.52639,18.316478],[109.526485,18.315957],[109.526522,18.315401],[109.526559,18.314429],[109.526569,18.314176],[109.526578,18.313938],[109.52662,18.312816],[109.526819,18.307555],[109.526825,18.307425],[109.526919,18.306096],[109.526968,18.305085],[109.527057,18.303445],[109.52708,18.303015],[109.527068,18.300955],[109.527127,18.300418],[109.52721,18.299953],[109.527239,18.299776],[109.526556,18.299553],[109.52328,18.298483],[109.521901,18.298033],[109.521213,18.297808],[109.52021,18.297481],[109.519057,18.297104],[109.513949,18.295237],[109.513514,18.295076],[109.512167,18.29452],[109.511717,18.294334],[109.505722,18.29186],[109.505643,18.291828],[109.505332,18.291699],[109.505173,18.291626],[109.504757,18.291434],[109.503736,18.290856],[109.50349,18.290705],[109.5034,18.290638],[109.502751,18.290126],[109.502439,18.289857],[109.50005,18.287792],[109.499749,18.287552],[109.499612,18.287442],[109.499444,18.287641],[109.49934,18.287756],[109.499191,18.287918],[109.499131,18.287984],[109.498737,18.288337],[109.49835,18.288641],[109.498097,18.28881],[109.497879,18.288934],[109.497555,18.289043],[109.497219,18.289126],[109.49678,18.289193],[109.496325,18.28922],[109.495482,18.289226],[109.495331,18.289227],[109.494746,18.289236],[109.493272,18.289238],[109.488574,18.289329],[109.487383,18.28935],[109.486036,18.289374],[109.484928,18.289403],[109.484742,18.289408],[109.484657,18.28941],[109.484619,18.289411],[109.48453,18.289413],[109.483179,18.289459],[109.482181,18.289468],[109.478575,18.289519],[109.477769,18.289534],[109.477155,18.289546],[109.476913,18.289565],[109.476696,18.289591],[109.476281,18.289663],[109.475854,18.289757],[109.475268,18.289906],[109.474518,18.290151],[109.473971,18.290373],[109.473751,18.290466],[109.473232,18.290725],[109.472643,18.291074],[109.470527,18.292728],[109.465966,18.295993],[109.465459,18.296326],[109.464786,18.29671],[109.464435,18.296872],[109.464083,18.297035],[109.463718,18.297181],[109.46334,18.297314],[109.462958,18.297413],[109.462573,18.297508],[109.462054,18.297613],[109.461682,18.29767],[109.461317,18.297718],[109.456191,18.298023],[109.455888,18.298061],[109.45557,18.2981],[109.455379,18.298134],[109.455201,18.298163],[109.454796,18.29826],[109.454556,18.298299],[109.454307,18.298368],[109.453867,18.298539],[109.453441,18.29874],[109.452647,18.299177],[109.451679,18.299758],[109.451056,18.300107],[109.450518,18.300346],[109.449517,18.300696],[109.448887,18.300917],[109.448797,18.300949],[109.448759,18.300962],[109.448538,18.30104],[109.448053,18.301178],[109.447526,18.301279],[109.445285,18.301558],[109.44387,18.301734],[109.443666,18.301751],[109.443082,18.3018],[109.441961,18.301895],[109.439225,18.302119],[109.438922,18.302144],[109.438215,18.302217],[109.438046,18.302234],[109.437921,18.302247],[109.437826,18.302257],[109.437327,18.302252],[109.436984,18.302217],[109.43494,18.301804],[109.433362,18.301485],[109.432339,18.301273],[109.431377,18.301073],[109.43114,18.301024],[109.430953,18.30099],[109.429799,18.300782],[109.428122,18.30053],[109.427168,18.300448],[109.426272,18.300391],[109.424467,18.300344],[109.423326,18.300336],[109.422249,18.300336],[109.421843,18.300348],[109.420377,18.300359],[109.419498,18.300383],[109.416968,18.300406],[109.416891,18.300406],[109.414282,18.300459],[109.4125351,18.3051519]]}},{"type":"Feature","properties":{"dayId":7,"legId":"D7-flight","mode":"flight","label":"三亚凤凰 → 武汉天河","distanceKm":null,"durationHours":null,"source":"Verified flight and road endpoints, connected by travel mode"},"geometry":{"type":"LineString","coordinates":[[109.4125351,18.3051519],[114.2171149,30.7756632]]}}]}
