{"type":"FeatureCollection","features":[{"type":"Feature","properties":{"dayId":1,"legId":"A-D1-flight","mode":"flight","label":"武汉天河 → 海口美兰","distanceKm":null,"durationMinutes":null,"durationHours":null,"routeLegs":[],"source":"Verified endpoints, connected by declared travel mode"},"geometry":{"type":"LineString","coordinates":[[114.2171149,30.7756632],[110.4592869,19.9442567]]}},{"type":"Feature","properties":{"dayId":1,"legId":"A-D1-drive","mode":"drive","label":"海口美兰 → 海口万豪","distanceKm":38.1,"durationMinutes":29,"durationHours":0.5,"routeLegs":[{"index":0,"distanceKm":38.1,"durationMinutes":29}],"source":"OSRM / OpenStreetMap, fetched 2026-08-12"},"geometry":{"type":"LineString","coordinates":[[110.4592869,19.9442567],[110.458774,19.944082],[110.458365,19.944126],[110.45807,19.944133],[110.457801,19.944114],[110.457509,19.944076],[110.456217,19.943851],[110.45596,19.943818],[110.455669,19.94381],[110.453824,19.943797],[110.452423,19.943846],[110.452064,19.943851],[110.451872,19.943849],[110.451549,19.943846],[110.451198,19.943842],[110.450413,19.94384],[110.450187,19.943839],[110.44956,19.943837],[110.449079,19.94384],[110.448845,19.943841],[110.44734,19.94385],[110.447101,19.943866],[110.445203,19.943871],[110.439202,19.943839],[110.438499,19.943868],[110.438274,19.943908],[110.438045,19.943967],[110.43755,19.944112],[110.437207,19.94424],[110.436883,19.944382],[110.436601,19.944525],[110.436337,19.944674],[110.436098,19.944836],[110.435817,19.94504],[110.435492,19.945332],[110.435247,19.945573],[110.43506,19.945781],[110.434887,19.945998],[110.434569,19.946474],[110.43445,19.946684],[110.434344,19.946888],[110.434204,19.947195],[110.434087,19.947528],[110.433889,19.948194],[110.433788,19.948551],[110.43371,19.948822],[110.433498,19.949661],[110.431482,19.957455],[110.431338,19.958012],[110.431173,19.958649],[110.429749,19.964116],[110.429381,19.965485],[110.429085,19.966444],[110.428859,19.967067],[110.427946,19.969487],[110.427838,19.969721],[110.427628,19.970131],[110.427603,19.970167],[110.427406,19.970437],[110.427231,19.97059],[110.427029,19.970724],[110.426556,19.970962],[110.426336,19.971075],[110.424209,19.972215],[110.4237,19.972474],[110.422058,19.97331],[110.421692,19.973455],[110.421165,19.973572],[110.42101,19.973596],[110.420746,19.973625],[110.420296,19.973614],[110.420009,19.973596],[110.418983,19.97353],[110.415408,19.97328],[110.40797,19.972784],[110.407638,19.972758],[110.406269,19.972661],[110.405928,19.972642],[110.405794,19.972635],[110.405458,19.972616],[110.403742,19.97252],[110.403435,19.972503],[110.403026,19.972482],[110.402606,19.972468],[110.402303,19.972459],[110.401922,19.972446],[110.401814,19.97244],[110.401414,19.972418],[110.396433,19.972149],[110.396261,19.972139],[110.396225,19.972137],[110.39617,19.972134],[110.395851,19.972117],[110.395418,19.972094],[110.395382,19.972092],[110.395297,19.972087],[110.393549,19.971997],[110.392813,19.971892],[110.392528,19.971855],[110.391889,19.971771],[110.387328,19.971132],[110.386874,19.971086],[110.386796,19.971083],[110.386385,19.971052],[110.385446,19.97105],[110.383555,19.971065],[110.381984,19.971091],[110.381631,19.971147],[110.381284,19.971222],[110.381002,19.971326],[110.380892,19.971366],[110.380508,19.971585],[110.380141,19.97189],[110.379842,19.972232],[110.379605,19.972637],[110.379444,19.97309],[110.379344,19.973604],[110.37922,19.974358],[110.379145,19.974788],[110.379128,19.974886],[110.378998,19.975637],[110.378901,19.976211],[110.378789,19.976871],[110.378724,19.977271],[110.37864,19.977665],[110.378591,19.977824],[110.378567,19.977902],[110.378503,19.978044],[110.378321,19.978382],[110.378161,19.978652],[110.377524,19.979722],[110.37706,19.98053],[110.376905,19.980801],[110.37683,19.980926],[110.376725,19.981105],[110.376597,19.98104],[110.376197,19.980843],[110.37597,19.980731],[110.375558,19.980578],[110.375142,19.980491],[110.374708,19.98042],[110.374229,19.980405],[110.372979,19.980407],[110.371668,19.980413],[110.371198,19.980388],[110.368635,19.980364],[110.367515,19.980362],[110.367275,19.980362],[110.365306,19.980358],[110.363618,19.980372],[110.362168,19.980383],[110.361209,19.980391],[110.359184,19.980396],[110.35755,19.980387],[110.357459,19.980386],[110.357366,19.980385],[110.355835,19.98039],[110.352596,19.980393],[110.349483,19.9804],[110.347693,19.980405],[110.346121,19.980408],[110.344502,19.980422],[110.344347,19.980433],[110.343889,19.980444],[110.342508,19.980525],[110.340395,19.980655],[110.339301,19.980708],[110.339111,19.980717],[110.338584,19.980757],[110.338467,19.980765],[110.338243,19.98076],[110.338147,19.980755],[110.337489,19.980704],[110.337445,19.9807],[110.334878,19.980543],[110.33342,19.980419],[110.332305,19.980251],[110.332246,19.980242],[110.332224,19.980239],[110.327528,19.979528],[110.327447,19.979515],[110.321743,19.978605],[110.319629,19.978296],[110.318935,19.978194],[110.318823,19.978179],[110.318242,19.978179],[110.317567,19.978181],[110.310439,19.97816],[110.310194,19.978159],[110.309958,19.97816],[110.307646,19.978165],[110.305356,19.978163],[110.29979,19.978209],[110.299734,19.978209],[110.299716,19.978209],[110.298372,19.978208],[110.290179,19.978157],[110.29018,19.978282],[110.29019,19.979401],[110.29019,19.979821],[110.290189,19.980147],[110.290185,19.981501],[110.29018,19.983223],[110.29018,19.983268],[110.290181,19.983386],[110.290184,19.983553],[110.290176,19.988272],[110.290175,19.988546],[110.290172,19.991156],[110.29017,19.992707],[110.29017,19.993591],[110.29017,19.993658],[110.290169,19.99761],[110.290163,19.997833],[110.290166,19.99982],[110.290169,20.001403],[110.29017,20.001883],[110.290164,20.002799],[110.290174,20.003142],[110.290176,20.003326],[110.290176,20.003402],[110.29018,20.003556],[110.290183,20.003829],[110.29018,20.005264],[110.290175,20.00726],[110.290176,20.007708],[110.29019,20.008837],[110.290195,20.009274],[110.290195,20.009341],[110.290193,20.011294],[110.290196,20.012195],[110.290193,20.012353],[110.290197,20.012853],[110.29019,20.014405],[110.290193,20.014855],[110.290189,20.015727],[110.290188,20.01581],[110.29017,20.016478],[110.290163,20.017535],[110.290173,20.018166],[110.29017,20.018577],[110.290202,20.019045],[110.290202,20.019083],[110.290177,20.020248],[110.290174,20.0204],[110.290186,20.02135],[110.290191,20.022092],[110.290166,20.023012],[110.290165,20.023153],[110.290152,20.023297],[110.290095,20.02328],[110.290006,20.023258],[110.289768,20.023201],[110.288654,20.022928],[110.286299,20.022331],[110.285898,20.022191],[110.285546,20.022029],[110.284649,20.021581],[110.283983,20.021279],[110.283836,20.021213],[110.283726,20.021163],[110.283669,20.021138],[110.283252,20.020985],[110.282834,20.020873],[110.2822,20.020798],[110.281586,20.020863],[110.281033,20.020976],[110.280509,20.021132],[110.280384,20.021175],[110.2803,20.021208],[110.280237,20.021233],[110.279991,20.021312],[110.279917,20.021338],[110.278389,20.021847],[110.278291,20.021874],[110.27814,20.021909],[110.277174,20.022105],[110.27615,20.022309],[110.275943,20.022347],[110.274634,20.022614],[110.273372,20.02287],[110.272085,20.023157],[110.271443,20.023326],[110.270804,20.023516],[110.27055,20.023587],[110.270445,20.023622],[110.270291,20.023674],[110.268178,20.024376],[110.267758,20.024518],[110.267527,20.024604],[110.266893,20.02483],[110.266001,20.025072],[110.264827,20.025182],[110.262127,20.025232],[110.261956,20.025236],[110.260518,20.025262],[110.259529,20.025373],[110.258652,20.025579],[110.258485,20.025625],[110.258395,20.025656],[110.257906,20.02588],[110.257462,20.026084],[110.255298,20.027194],[110.254688,20.027508],[110.254325,20.027694],[110.252976,20.028386],[110.252138,20.028838],[110.251254,20.029244],[110.250314,20.029612],[110.25023,20.029644],[110.24654,20.030977],[110.245114,20.031466],[110.242986,20.032264],[110.242835,20.03232],[110.241758,20.032824],[110.239418,20.034216],[110.23662,20.035967],[110.235128,20.036917],[110.234989,20.037006],[110.233734,20.037805],[110.22619,20.04272],[110.22526,20.043398],[110.223843,20.044467],[110.222608,20.045413],[110.222139,20.045773],[110.220841,20.046747],[110.216279,20.050166],[110.215603,20.050672],[110.215163,20.051003],[110.214494,20.051392],[110.214203,20.051543],[110.213801,20.051753],[110.213185,20.052009],[110.21284,20.052132],[110.212773,20.052156],[110.212364,20.05228],[110.210631,20.052713],[110.21055,20.052733],[110.210419,20.052766],[110.210339,20.052785],[110.207282,20.053549],[110.206058,20.053857],[110.205448,20.054015],[110.205081,20.054103],[110.204677,20.054201],[110.204396,20.054271],[110.204122,20.054331],[110.203844,20.054387],[110.203565,20.054436],[110.203291,20.054477],[110.203005,20.054513],[110.20272,20.054545],[110.202402,20.054588],[110.202158,20.05462],[110.201931,20.054622],[110.201642,20.05466],[110.2015,20.05468],[110.20143,20.054691],[110.201235,20.054722],[110.200839,20.054787],[110.200555,20.054838],[110.200276,20.054895],[110.199999,20.054962],[110.199731,20.055033],[110.199458,20.055112],[110.199184,20.055198],[110.198914,20.055281],[110.198735,20.055337],[110.198481,20.055416],[110.198263,20.055483],[110.19818,20.055509],[110.197773,20.055636],[110.197366,20.055763],[110.196955,20.05589],[110.196548,20.056016],[110.196145,20.05614],[110.195803,20.056245],[110.195381,20.056376],[110.195347,20.056386],[110.194971,20.056496],[110.194774,20.056552],[110.194657,20.056581],[110.1945,20.056619],[110.194221,20.056682],[110.193942,20.056738],[110.193659,20.056788],[110.193372,20.056832],[110.193093,20.056868],[110.192809,20.056898],[110.192523,20.056923],[110.192236,20.056938],[110.191953,20.056947],[110.191663,20.05695],[110.191381,20.056951],[110.191276,20.056951],[110.191207,20.05701],[110.191169,20.057043],[110.191139,20.057081],[110.191116,20.057118],[110.191106,20.057156],[110.191102,20.057191],[110.191103,20.057229],[110.191109,20.057272],[110.191124,20.057341],[110.191147,20.057423],[110.19117,20.057515],[110.191216,20.057686],[110.191261,20.057862],[110.191283,20.05795],[110.191326,20.058125],[110.191356,20.058249],[110.191365,20.058343],[110.191399,20.058476],[110.191409,20.058513],[110.191435,20.058613],[110.191459,20.058712],[110.191481,20.058794],[110.191499,20.058858],[110.191521,20.05894],[110.191538,20.059003],[110.191563,20.059086],[110.191589,20.059174],[110.191616,20.059266],[110.191663,20.059403],[110.191685,20.059469],[110.191712,20.059545],[110.191741,20.05963],[110.191764,20.059686],[110.19179,20.05975],[110.191857,20.059922],[110.191897,20.06002],[110.191933,20.060101],[110.191949,20.060141],[110.191977,20.060205],[110.192011,20.060281],[110.191932,20.060281],[110.19178,20.06028],[110.191641,20.060279],[110.191407,20.060282],[110.191268,20.060284],[110.190784,20.06028],[110.190286,20.060277],[110.18999,20.060276],[110.189439,20.060281],[110.189085,20.060275],[110.188978,20.060281],[110.188919,20.060286],[110.188874,20.060301],[110.188854,20.060311],[110.188837,20.060326],[110.18876,20.060373],[110.188733,20.060388],[110.188727,20.060392],[110.188704,20.060403],[110.188695,20.060407],[110.188664,20.060419],[110.188635,20.060427],[110.18861,20.060432],[110.188566,20.060436],[110.188474,20.060436],[110.188361,20.060436],[110.188243,20.060436],[110.188135,20.060436],[110.187942,20.060436],[110.187756,20.060435],[110.187608,20.060434],[110.187515,20.060434],[110.187263,20.060434],[110.187143,20.060434],[110.187137,20.060716],[110.187137,20.060939],[110.18717,20.06123],[110.187061,20.061243],[110.186968,20.061255],[110.186978,20.061338],[110.1870672,20.0618533]]}},{"type":"Feature","properties":{"dayId":1,"legId":"A-D1-walk","mode":"walk","label":"海口万豪 → 西海岸 → 海口万豪","distanceKm":1.2,"durationMinutes":18,"durationHours":0.3,"routeLegs":[],"source":"Verified endpoints, connected by declared travel mode"},"geometry":{"type":"LineString","coordinates":[[110.1870672,20.0618533],[110.1892,20.0591],[110.1870672,20.0618533]]}},{"type":"Feature","properties":{"dayId":2,"legId":"A-D2-drive","mode":"drive","label":"海口西海岸 → 万宁神州半岛君悦","distanceKm":187.9,"durationMinutes":134,"durationHours":2.2,"routeLegs":[{"index":0,"distanceKm":187.9,"durationMinutes":134}],"source":"OSRM / OpenStreetMap, fetched 2026-08-12"},"geometry":{"type":"LineString","coordinates":[[110.1870672,20.0618533],[110.186978,20.061338],[110.186968,20.061255],[110.187061,20.061243],[110.187029,20.060958],[110.187017,20.0607],[110.187016,20.060515],[110.187018,20.060434],[110.186916,20.060434],[110.186648,20.060434],[110.18633,20.060434],[110.186158,20.060432],[110.186142,20.060432],[110.186008,20.060431],[110.185854,20.06043],[110.184966,20.060426],[110.184908,20.060429],[110.184851,20.060432],[110.184851,20.060363],[110.184851,20.06024],[110.184854,20.059505],[110.184884,20.057328],[110.184885,20.057252],[110.184887,20.0571],[110.18489,20.056938],[110.184454,20.056945],[110.184026,20.056946],[110.183681,20.056866],[110.183251,20.056865],[110.183218,20.056851],[110.183206,20.056827],[110.183215,20.056806],[110.183248,20.056778],[110.183512,20.056779],[110.18384,20.05678],[110.184267,20.056779],[110.184694,20.05678],[110.185179,20.05678],[110.185857,20.056785],[110.18601,20.056784],[110.186092,20.056784],[110.186208,20.056782],[110.18654,20.056781],[110.186969,20.056782],[110.18739,20.056782],[110.187814,20.056782],[110.188243,20.056783],[110.188711,20.056783],[110.188859,20.056783],[110.18928,20.056784],[110.189711,20.056784],[110.190105,20.056784],[110.190569,20.056785],[110.190937,20.056786],[110.191519,20.056785],[110.19195,20.056781],[110.192374,20.056766],[110.192803,20.056732],[110.19319,20.056692],[110.193552,20.05664],[110.193835,20.056591],[110.194238,20.05651],[110.194533,20.056442],[110.194808,20.05637],[110.19521,20.056254],[110.195576,20.05614],[110.19577,20.05608],[110.196179,20.055955],[110.19659,20.055829],[110.197002,20.0557],[110.197415,20.055573],[110.197825,20.055445],[110.198237,20.055318],[110.198453,20.055251],[110.198666,20.055185],[110.198941,20.055099],[110.199218,20.055013],[110.199492,20.05493],[110.199765,20.05485],[110.200044,20.054779],[110.200292,20.05472],[110.20064,20.054649],[110.200914,20.054633],[110.201212,20.054588],[110.201405,20.054559],[110.201479,20.054547],[110.201616,20.054526],[110.201762,20.054505],[110.202055,20.054465],[110.202571,20.054398],[110.202859,20.054363],[110.203143,20.054329],[110.203425,20.05429],[110.203702,20.054245],[110.203976,20.054192],[110.204256,20.054133],[110.20453,20.054068],[110.204806,20.053999],[110.205077,20.053932],[110.20537,20.053862],[110.205965,20.053711],[110.209475,20.052867],[110.209611,20.052833],[110.212315,20.052161],[110.212729,20.05204],[110.213136,20.051894],[110.213762,20.051625],[110.214436,20.051279],[110.215059,20.050895],[110.216173,20.050052],[110.220725,20.046609],[110.222028,20.045655],[110.225168,20.043285],[110.226082,20.042617],[110.233657,20.037672],[110.234905,20.036897],[110.235047,20.036809],[110.236514,20.035877],[110.23933,20.034101],[110.240765,20.033237],[110.242001,20.032527],[110.242676,20.03219],[110.242758,20.03216],[110.242918,20.032103],[110.24504,20.031337],[110.24648,20.030829],[110.2481,20.030267],[110.250159,20.029512],[110.250183,20.029501],[110.251001,20.029185],[110.252018,20.028737],[110.252989,20.02824],[110.254252,20.027568],[110.254611,20.027376],[110.255225,20.027068],[110.257393,20.025955],[110.258317,20.025515],[110.258423,20.025478],[110.258651,20.025417],[110.259109,20.025286],[110.259505,20.025207],[110.259971,20.025143],[110.260409,20.025112],[110.260524,20.025104],[110.261956,20.025076],[110.262125,20.025073],[110.264842,20.025021],[110.265253,20.025006],[110.265617,20.024973],[110.26595,20.024922],[110.26612,20.024897],[110.266211,20.024875],[110.266639,20.024761],[110.267027,20.024637],[110.267548,20.024455],[110.267732,20.024394],[110.268168,20.024268],[110.270239,20.023539],[110.270527,20.02344],[110.270814,20.023359],[110.271396,20.023185],[110.271723,20.023102],[110.272107,20.023004],[110.272537,20.022913],[110.273341,20.022742],[110.275726,20.022263],[110.275918,20.022225],[110.276199,20.022172],[110.277063,20.021989],[110.277776,20.021838],[110.278278,20.021735],[110.278381,20.021698],[110.279035,20.021463],[110.279399,20.021348],[110.279547,20.021298],[110.279859,20.021196],[110.280863,20.020892],[110.281009,20.020854],[110.281497,20.020747],[110.281564,20.020734],[110.2822,20.020666],[110.282852,20.020744],[110.283104,20.020799],[110.283163,20.020812],[110.283435,20.020893],[110.283439,20.020894],[110.283513,20.020923],[110.283724,20.021003],[110.283891,20.021067],[110.284035,20.021122],[110.284291,20.02123],[110.284684,20.021442],[110.285606,20.021929],[110.286142,20.022133],[110.286665,20.022289],[110.288231,20.02266],[110.288597,20.022747],[110.28991,20.02309],[110.290031,20.02312],[110.290035,20.022999],[110.290018,20.022348],[110.290009,20.021009],[110.290011,20.020244],[110.290014,20.019124],[110.290014,20.019079],[110.290019,20.018301],[110.290033,20.017339],[110.290049,20.0166],[110.290054,20.016384],[110.290074,20.01561],[110.290059,20.014869],[110.290061,20.014561],[110.290068,20.014211],[110.290056,20.01355],[110.290034,20.012574],[110.290028,20.012344],[110.290019,20.01219],[110.290025,20.010582],[110.290025,20.010107],[110.29004,20.009502],[110.290038,20.009342],[110.290037,20.009274],[110.290038,20.008893],[110.290039,20.007638],[110.29004,20.007188],[110.290044,20.005262],[110.290048,20.003796],[110.290049,20.00354],[110.290041,20.003405],[110.290038,20.003327],[110.290026,20.002801],[110.290023,20.001977],[110.290005,20.000466],[110.289969,19.997852],[110.289962,19.997619],[110.289989,19.995401],[110.28999,19.99535],[110.28999,19.995333],[110.290008,19.993654],[110.290008,19.993566],[110.290018,19.993072],[110.290011,19.991153],[110.290013,19.989188],[110.290012,19.988272],[110.29001,19.986961],[110.290006,19.983547],[110.290006,19.983417],[110.290005,19.983313],[110.290005,19.983207],[110.290024,19.9809],[110.290029,19.978282],[110.290029,19.978157],[110.290027,19.977989],[110.290182,19.977989],[110.290357,19.977981],[110.291217,19.977983],[110.292724,19.977985],[110.295385,19.977988],[110.298376,19.977988],[110.299042,19.977992],[110.29973,19.977993],[110.299783,19.977993],[110.300117,19.977993],[110.302215,19.977991],[110.30515,19.977988],[110.305355,19.977988],[110.307644,19.977982],[110.309956,19.978],[110.310186,19.977999],[110.310434,19.978002],[110.317573,19.978002],[110.318839,19.978008],[110.318954,19.978018],[110.321764,19.978434],[110.32356,19.978732],[110.32601,19.979104],[110.326799,19.979224],[110.327447,19.979338],[110.327528,19.979352],[110.33139,19.979936],[110.332223,19.98005],[110.332303,19.980061],[110.333454,19.980234],[110.33491,19.980364],[110.337474,19.980545],[110.338255,19.980596],[110.338489,19.980594],[110.339092,19.980558],[110.342496,19.980336],[110.343868,19.980247],[110.344356,19.980222],[110.344497,19.98022],[110.346123,19.980218],[110.347684,19.980214],[110.350762,19.980209],[110.352587,19.980207],[110.353966,19.980208],[110.355823,19.98021],[110.35655,19.98021],[110.357459,19.980226],[110.35755,19.980227],[110.359193,19.980211],[110.361219,19.980198],[110.362163,19.9802],[110.363216,19.980202],[110.363613,19.980203],[110.364444,19.980138],[110.364808,19.980112],[110.364984,19.980064],[110.365245,19.979967],[110.365455,19.979847],[110.366981,19.978418],[110.367066,19.978256],[110.367148,19.97805],[110.367184,19.977876],[110.367297,19.976305],[110.367394,19.974788],[110.367433,19.974028],[110.36741,19.973667],[110.367362,19.973312],[110.367301,19.972968],[110.367219,19.972605],[110.367124,19.972248],[110.366902,19.97154],[110.36636,19.969997],[110.365944,19.968854],[110.363922,19.963235],[110.363099,19.960967],[110.362303,19.958697],[110.361657,19.956906],[110.361347,19.956037],[110.361174,19.955565],[110.360492,19.953678],[110.359829,19.951787],[110.359434,19.950563],[110.359205,19.949764],[110.35894,19.94874],[110.358753,19.947948],[110.358531,19.946802],[110.358355,19.945696],[110.358201,19.944503],[110.358092,19.943154],[110.357977,19.94121],[110.357907,19.93997],[110.357827,19.938594],[110.357738,19.937178],[110.357624,19.935193],[110.357476,19.932242],[110.357382,19.931304],[110.357317,19.930104],[110.357265,19.929127],[110.357224,19.928255],[110.357139,19.926787],[110.357108,19.925959],[110.356949,19.923497],[110.356859,19.922386],[110.356713,19.92124],[110.356457,19.919731],[110.356335,19.919169],[110.356159,19.918364],[110.355833,19.916887],[110.354125,19.909523],[110.353852,19.908303],[110.35363,19.907138],[110.353407,19.905871],[110.353242,19.904604],[110.352969,19.901731],[110.352485,19.896795],[110.352128,19.893148],[110.351938,19.891131],[110.351318,19.88456],[110.351287,19.884297],[110.351165,19.883054],[110.351098,19.882031],[110.351055,19.881],[110.351062,19.878899],[110.351076,19.878378],[110.351122,19.877856],[110.351159,19.877316],[110.351232,19.876511],[110.351323,19.875713],[110.351701,19.8721],[110.35245,19.865266],[110.352853,19.861199],[110.352881,19.86088],[110.353044,19.858487],[110.35325,19.855634],[110.353331,19.854348],[110.353539,19.851408],[110.353641,19.849659],[110.353769,19.84791],[110.353907,19.845535],[110.354081,19.843156],[110.354469,19.838395],[110.35504,19.832518],[110.355591,19.826659],[110.35566,19.825898],[110.355694,19.825591],[110.355804,19.824531],[110.356012,19.822686],[110.356263,19.820658],[110.356754,19.816781],[110.357736,19.809027],[110.357791,19.808626],[110.358085,19.806226],[110.358257,19.804294],[110.358367,19.800462],[110.358528,19.794048],[110.358561,19.790842],[110.358574,19.790251],[110.358594,19.789532],[110.358689,19.78726],[110.358721,19.786803],[110.358865,19.784918],[110.359223,19.780786],[110.35928,19.780133],[110.359355,19.779107],[110.359375,19.778809],[110.359536,19.776742],[110.359542,19.776653],[110.359888,19.7731],[110.36036,19.770324],[110.360846,19.767654],[110.361874,19.762218],[110.361968,19.761689],[110.362314,19.759781],[110.362629,19.757332],[110.362884,19.754736],[110.363361,19.749591],[110.363863,19.744017],[110.363897,19.743609],[110.364201,19.740316],[110.364229,19.739914],[110.364292,19.738993],[110.364298,19.73858],[110.364238,19.737598],[110.36383,19.735711],[110.363767,19.735407],[110.363366,19.733585],[110.363277,19.733212],[110.362828,19.731163],[110.36275,19.730785],[110.361657,19.725977],[110.361502,19.725186],[110.361302,19.723854],[110.36118,19.722222],[110.361095,19.720552],[110.361016,19.719231],[110.360947,19.717878],[110.360822,19.715128],[110.360766,19.713731],[110.360646,19.711637],[110.36064,19.711374],[110.36055,19.709903],[110.360409,19.708588],[110.359925,19.705113],[110.359714,19.7037],[110.359651,19.703251],[110.359494,19.70213],[110.359159,19.69955],[110.358932,19.697144],[110.358717,19.694292],[110.358718,19.692854],[110.358745,19.691001],[110.358763,19.690466],[110.358783,19.689687],[110.358788,19.689451],[110.358841,19.687357],[110.358886,19.686257],[110.358871,19.684902],[110.358894,19.684036],[110.35902,19.680906],[110.359116,19.679744],[110.359198,19.679013],[110.359263,19.678548],[110.359345,19.677967],[110.35952,19.676873],[110.359696,19.675727],[110.360065,19.67341],[110.360791,19.668809],[110.362262,19.659627],[110.36277,19.657204],[110.363311,19.654762],[110.363992,19.651762],[110.364411,19.649915],[110.365942,19.643137],[110.366583,19.640299],[110.366995,19.638247],[110.367345,19.636101],[110.367618,19.634147],[110.367922,19.632253],[110.368073,19.631192],[110.368195,19.630352],[110.368415,19.628845],[110.368821,19.626169],[110.368919,19.625533],[110.369272,19.623229],[110.36947,19.621818],[110.369588,19.621141],[110.369727,19.620412],[110.370084,19.619203],[110.370305,19.618608],[110.37055,19.618014],[110.371149,19.616755],[110.376087,19.606763],[110.3761,19.606734],[110.378877,19.6011],[110.380286,19.598234],[110.381602,19.595303],[110.383214,19.591557],[110.383473,19.590946],[110.384428,19.588683],[110.386024,19.584949],[110.387791,19.58081],[110.388924,19.578176],[110.389046,19.577894],[110.389163,19.577621],[110.390628,19.574173],[110.390946,19.573427],[110.392303,19.570249],[110.39294,19.568657],[110.393243,19.567726],[110.393385,19.567226],[110.393471,19.56688],[110.393597,19.566251],[110.393699,19.565661],[110.393824,19.564288],[110.394223,19.55805],[110.394326,19.556795],[110.394547,19.55208],[110.394566,19.551579],[110.394651,19.549663],[110.394681,19.548704],[110.39472,19.547487],[110.394815,19.545461],[110.39484,19.545052],[110.394898,19.544497],[110.395077,19.543702],[110.395282,19.543044],[110.395515,19.542386],[110.396523,19.540232],[110.396731,19.539803],[110.397034,19.539171],[110.397282,19.538646],[110.397535,19.538107],[110.397869,19.537359],[110.398122,19.536577],[110.398223,19.53613],[110.398294,19.535674],[110.398419,19.534137],[110.398622,19.531687],[110.398745,19.530889],[110.398873,19.530301],[110.399161,19.529422],[110.399322,19.529009],[110.399547,19.52853],[110.400603,19.526443],[110.401651,19.524355],[110.402919,19.521868],[110.403324,19.52109],[110.403563,19.520643],[110.403833,19.52023],[110.406552,19.516479],[110.407411,19.515353],[110.40806,19.514509],[110.408852,19.513518],[110.409688,19.512544],[110.417527,19.504041],[110.417949,19.503532],[110.418124,19.503304],[110.418265,19.503122],[110.418587,19.502665],[110.421534,19.497254],[110.423008,19.49451],[110.423773,19.493129],[110.424111,19.492502],[110.424539,19.491902],[110.424665,19.491747],[110.424917,19.491474],[110.425348,19.491047],[110.425914,19.490585],[110.426524,19.490138],[110.427783,19.489285],[110.430255,19.487542],[110.431515,19.486664],[110.432369,19.486032],[110.432727,19.485754],[110.433205,19.485292],[110.433689,19.484752],[110.434228,19.483991],[110.434675,19.483133],[110.434864,19.482616],[110.435055,19.482056],[110.43521,19.481199],[110.435255,19.480335],[110.435152,19.47845],[110.434942,19.475792],[110.434892,19.47498],[110.434877,19.474151],[110.434983,19.47314],[110.435189,19.472207],[110.435495,19.47132],[110.435902,19.470441],[110.436716,19.468859],[110.437372,19.467597],[110.438341,19.465684],[110.438728,19.464888],[110.438917,19.464445],[110.439443,19.463184],[110.439875,19.46205],[110.440391,19.460478],[110.440795,19.459006],[110.441229,19.457144],[110.441738,19.454845],[110.44195,19.453835],[110.44209,19.452969],[110.442635,19.450714],[110.44273,19.450312],[110.443112,19.448694],[110.443239,19.448097],[110.444135,19.444008],[110.444591,19.441713],[110.444947,19.439362],[110.445133,19.437647],[110.445199,19.436822],[110.445208,19.436705],[110.445271,19.435917],[110.445417,19.432119],[110.445564,19.428319],[110.445692,19.426713],[110.445866,19.425107],[110.446446,19.421525],[110.44741,19.417524],[110.448536,19.413534],[110.449429,19.41034],[110.450066,19.408054],[110.450571,19.406288],[110.451307,19.403619],[110.452224,19.400411],[110.452532,19.39921],[110.452554,19.399124],[110.452916,19.397715],[110.453102,19.396806],[110.453404,19.395088],[110.453648,19.393327],[110.453748,19.392434],[110.453832,19.391246],[110.45391,19.390081],[110.45394,19.387952],[110.453811,19.383362],[110.453744,19.380238],[110.453838,19.378327],[110.454019,19.376425],[110.454622,19.371771],[110.455009,19.368902],[110.455225,19.367134],[110.455337,19.366032],[110.455403,19.36447],[110.455381,19.362769],[110.455368,19.362294],[110.455302,19.36135],[110.455035,19.359437],[110.454343,19.356497],[110.4537,19.354612],[110.452975,19.352741],[110.451486,19.348998],[110.450413,19.346289],[110.449964,19.345011],[110.449691,19.343845],[110.449485,19.3427],[110.449394,19.341373],[110.449542,19.339048],[110.449982,19.337112],[110.450698,19.335152],[110.451544,19.332967],[110.451893,19.331795],[110.452195,19.3306],[110.453066,19.325752],[110.453427,19.323691],[110.453659,19.322372],[110.453813,19.321546],[110.454293,19.319363],[110.454779,19.317945],[110.455215,19.316737],[110.455612,19.315835],[110.456333,19.314196],[110.45685,19.312947],[110.457166,19.312077],[110.45758,19.310703],[110.457861,19.309601],[110.458025,19.308715],[110.45819,19.307531],[110.458309,19.305732],[110.458365,19.303664],[110.458423,19.301448],[110.458463,19.299594],[110.458518,19.29773],[110.458498,19.296288],[110.458437,19.295685],[110.458319,19.294936],[110.458133,19.2942],[110.457748,19.293061],[110.457276,19.292064],[110.456846,19.291332],[110.456234,19.290476],[110.455616,19.28975],[110.454422,19.288496],[110.453605,19.287657],[110.450982,19.284906],[110.448264,19.282103],[110.446928,19.280688],[110.446262,19.279985],[110.445586,19.279291],[110.444715,19.2783],[110.444179,19.277593],[110.443928,19.277209],[110.44351,19.276465],[110.443265,19.275952],[110.442884,19.274953],[110.442653,19.274137],[110.442494,19.273365],[110.442226,19.271787],[110.44204,19.270897],[110.441812,19.270202],[110.441523,19.269424],[110.441195,19.268692],[110.440805,19.26803],[110.440371,19.267413],[110.439815,19.266709],[110.439312,19.266171],[110.438705,19.265574],[110.438059,19.265051],[110.437493,19.264565],[110.43513,19.262667],[110.434469,19.262049],[110.433792,19.261333],[110.433243,19.260674],[110.432752,19.260014],[110.432489,19.259661],[110.432231,19.259266],[110.431991,19.258839],[110.431755,19.2584],[110.431385,19.257615],[110.431021,19.256631],[110.430777,19.255766],[110.430553,19.254887],[110.430468,19.254487],[110.430394,19.253998],[110.430324,19.253043],[110.430302,19.252387],[110.430278,19.251512],[110.430295,19.250804],[110.430259,19.249997],[110.430276,19.249172],[110.430278,19.24683],[110.430269,19.245688],[110.430264,19.244517],[110.43024,19.2422],[110.430206,19.237248],[110.430159,19.236059],[110.430053,19.234872],[110.429659,19.232491],[110.428868,19.229109],[110.428157,19.225706],[110.427861,19.222757],[110.427853,19.220947],[110.427877,19.220031],[110.427955,19.219118],[110.428037,19.218048],[110.428214,19.216863],[110.42838,19.215737],[110.428615,19.214609],[110.429139,19.212797],[110.429802,19.210981],[110.430589,19.208991],[110.432129,19.205847],[110.432529,19.204734],[110.433189,19.202979],[110.435406,19.196272],[110.436536,19.192934],[110.437821,19.189625],[110.438537,19.188177],[110.43955,19.186305],[110.440413,19.184868],[110.441479,19.183221],[110.445336,19.178299],[110.448711,19.173909],[110.451057,19.170906],[110.452377,19.169038],[110.453152,19.167873],[110.453303,19.16763],[110.454157,19.166178],[110.455099,19.164545],[110.455915,19.162881],[110.457422,19.159787],[110.457547,19.159529],[110.458513,19.157573],[110.459193,19.156196],[110.460013,19.154526],[110.460879,19.152865],[110.461689,19.151442],[110.462565,19.150053],[110.463463,19.148745],[110.4644,19.147448],[110.465753,19.145767],[110.467158,19.144097],[110.46855,19.142443],[110.469859,19.140718],[110.470734,19.139368],[110.471268,19.138489],[110.47171,19.137645],[110.472121,19.136856],[110.472364,19.1363],[110.472707,19.135494],[110.473127,19.134426],[110.473607,19.133057],[110.474123,19.130865],[110.474394,19.129389],[110.474842,19.126676],[110.47543,19.123002],[110.475676,19.12187],[110.475955,19.120743],[110.477014,19.118183],[110.477658,19.116686],[110.477812,19.116251],[110.478166,19.115225],[110.478557,19.113716],[110.4787,19.112806],[110.478822,19.111888],[110.479017,19.110037],[110.479174,19.108512],[110.479337,19.106972],[110.479517,19.105856],[110.479799,19.104754],[110.480117,19.103866],[110.480489,19.102989],[110.480864,19.102258],[110.481676,19.100923],[110.482584,19.099601],[110.483479,19.098271],[110.483913,19.097603],[110.484319,19.096925],[110.484849,19.095852],[110.485294,19.094739],[110.485634,19.093591],[110.485897,19.092444],[110.486987,19.086781],[110.488144,19.081137],[110.48877,19.079492],[110.489086,19.07886],[110.489434,19.078236],[110.490032,19.077343],[110.490701,19.076476],[110.491504,19.075411],[110.492264,19.074309],[110.492714,19.073516],[110.49311,19.072668],[110.493446,19.071771],[110.49372,19.070846],[110.494013,19.069275],[110.494072,19.067972],[110.494053,19.066641],[110.493996,19.064016],[110.493943,19.061368],[110.493791,19.058731],[110.493549,19.057433],[110.493373,19.056833],[110.492543,19.054565],[110.491157,19.052433],[110.489558,19.049697],[110.489025,19.048489],[110.48878,19.047227],[110.488625,19.045385],[110.488571,19.044478],[110.488512,19.043798],[110.488424,19.04253],[110.488298,19.041045],[110.488278,19.040772],[110.488175,19.038871],[110.488208,19.037723],[110.488246,19.036657],[110.488306,19.035588],[110.488392,19.034564],[110.488492,19.03353],[110.48869,19.032214],[110.488927,19.030894],[110.489551,19.028401],[110.489957,19.027088],[110.490399,19.025771],[110.491643,19.022859],[110.492984,19.019978],[110.495607,19.014191],[110.496196,19.012366],[110.496416,19.011326],[110.4966,19.01028],[110.496687,19.009328],[110.496736,19.008374],[110.496714,19.007407],[110.496653,19.006429],[110.496384,19.004578],[110.495827,19.002514],[110.49503,19.000521],[110.491731,18.994529],[110.491296,18.993542],[110.490907,18.992543],[110.490257,18.990227],[110.4897,18.988121],[110.489362,18.987225],[110.488988,18.986331],[110.48836,18.985169],[110.487653,18.984041],[110.486519,18.982513],[110.485928,18.981739],[110.48534,18.980953],[110.484831,18.980228],[110.484326,18.979459],[110.483376,18.977923],[110.478902,18.970207],[110.478211,18.969057],[110.477653,18.968242],[110.477057,18.967446],[110.476158,18.966442],[110.475183,18.96551],[110.473036,18.963799],[110.470906,18.962198],[110.469873,18.961359],[110.468887,18.960461],[110.468072,18.959582],[110.467072,18.958358],[110.466052,18.956885],[110.465442,18.956008],[110.464675,18.95483],[110.464538,18.954618],[110.464386,18.954392],[110.464293,18.954245],[110.463472,18.953035],[110.463195,18.952623],[110.462628,18.951844],[110.461436,18.950353],[110.460969,18.949836],[110.459728,18.948489],[110.45848,18.947098],[110.457886,18.946398],[110.457296,18.945625],[110.456276,18.944022],[110.455374,18.942182],[110.454773,18.940686],[110.453709,18.937857],[110.453125,18.936661],[110.452468,18.93548],[110.451412,18.933831],[110.450353,18.932207],[110.449805,18.931216],[110.449393,18.930403],[110.448959,18.929348],[110.448696,18.928599],[110.448484,18.927888],[110.448294,18.927139],[110.447256,18.923083],[110.44691,18.922247],[110.446636,18.921641],[110.445928,18.920475],[110.445197,18.919451],[110.444902,18.919116],[110.444433,18.918586],[110.442803,18.91694],[110.442032,18.916163],[110.441335,18.915463],[110.440667,18.914748],[110.440306,18.914349],[110.439946,18.913897],[110.439637,18.913408],[110.439179,18.912573],[110.438837,18.911701],[110.438654,18.911194],[110.438539,18.910669],[110.43823,18.909489],[110.437641,18.907258],[110.437205,18.905923],[110.436658,18.904751],[110.436225,18.903982],[110.435535,18.903029],[110.435078,18.902463],[110.434376,18.901721],[110.433233,18.90073],[110.432037,18.89974],[110.430818,18.898724],[110.42973,18.897785],[110.429482,18.89756],[110.428918,18.896923],[110.427638,18.895473],[110.42616,18.893633],[110.42541,18.892722],[110.4245,18.891724],[110.423743,18.891068],[110.422805,18.890324],[110.421906,18.889701],[110.41998,18.888419],[110.419389,18.887986],[110.418835,18.887553],[110.417991,18.886842],[110.417323,18.886252],[110.41635,18.885325],[110.415606,18.884551],[110.414267,18.883157],[110.412513,18.881426],[110.411609,18.880595],[110.41055,18.87979],[110.40923,18.878791],[110.40827,18.878019],[110.40792,18.877693],[110.407306,18.877107],[110.406846,18.876624],[110.406629,18.876346],[110.40578,18.875166],[110.405248,18.874202],[110.404958,18.873589],[110.40472,18.872949],[110.404598,18.872682],[110.40448,18.872354],[110.403878,18.870533],[110.403299,18.86878],[110.402719,18.867381],[110.402341,18.866594],[110.402044,18.866019],[110.40172,18.865442],[110.40035,18.863147],[110.399325,18.861486],[110.39877,18.86062],[110.398273,18.859752],[110.397573,18.858432],[110.396982,18.857156],[110.396487,18.855879],[110.396099,18.854653],[110.39573,18.85326],[110.395484,18.851899],[110.395169,18.848994],[110.394987,18.847302],[110.394789,18.845503],[110.394426,18.842039],[110.394409,18.84189],[110.39432,18.841063],[110.394237,18.840364],[110.394166,18.839629],[110.394012,18.838197],[110.393928,18.837597],[110.393823,18.836938],[110.393685,18.836268],[110.393519,18.835621],[110.393152,18.834527],[110.392874,18.833909],[110.392592,18.833347],[110.392058,18.832366],[110.391866,18.832044],[110.391062,18.830988],[110.390461,18.830264],[110.389431,18.829272],[110.389291,18.829118],[110.387735,18.827757],[110.387038,18.827107],[110.386326,18.826428],[110.385374,18.825372],[110.384931,18.8248],[110.384775,18.824598],[110.384489,18.82421],[110.38389,18.823325],[110.383353,18.822503],[110.382565,18.821223],[110.381734,18.819932],[110.380734,18.818343],[110.37976,18.816836],[110.379011,18.815645],[110.378113,18.81422],[110.377651,18.813486],[110.377045,18.812532],[110.376508,18.811712],[110.375944,18.810869],[110.375364,18.810099],[110.374999,18.809642],[110.374656,18.809274],[110.374342,18.808926],[110.374043,18.808605],[110.373215,18.80783],[110.372537,18.807227],[110.371801,18.806702],[110.370599,18.805898],[110.369341,18.805171],[110.368269,18.804649],[110.367042,18.804141],[110.365487,18.803588],[110.363992,18.803056],[110.362779,18.802582],[110.361486,18.802018],[110.359727,18.801115],[110.358255,18.800221],[110.357916,18.799986],[110.357215,18.799511],[110.357171,18.799479],[110.356934,18.799303],[110.356557,18.799021],[110.356118,18.798681],[110.35556,18.798228],[110.35451,18.797286],[110.354216,18.797013],[110.353545,18.796327],[110.352999,18.795754],[110.352454,18.795208],[110.35168,18.794362],[110.351279,18.793924],[110.349757,18.792291],[110.348763,18.791217],[110.348162,18.790584],[110.347528,18.789971],[110.345653,18.787861],[110.344252,18.786224],[110.343865,18.785729],[110.343171,18.784755],[110.342826,18.784247],[110.342438,18.783639],[110.342021,18.782949],[110.341638,18.782284],[110.341092,18.781181],[110.340696,18.780273],[110.339883,18.778339],[110.339598,18.777587],[110.339296,18.776747],[110.338694,18.775212],[110.337962,18.773272],[110.337119,18.771346],[110.336558,18.770224],[110.336352,18.76982],[110.336132,18.769439],[110.335564,18.768474],[110.335456,18.768281],[110.335294,18.768024],[110.335069,18.767708],[110.334837,18.767321],[110.334591,18.766928],[110.334432,18.766702],[110.333981,18.766067],[110.333364,18.765275],[110.332469,18.764063],[110.33147,18.762889],[110.330467,18.761753],[110.329469,18.760779],[110.329172,18.760573],[110.328562,18.760002],[110.327648,18.759176],[110.326601,18.758191],[110.325974,18.757599],[110.325264,18.75696],[110.324948,18.756652],[110.323768,18.755552],[110.323615,18.755375],[110.322293,18.75414],[110.321636,18.753515],[110.320941,18.752904],[110.319168,18.751207],[110.318246,18.750314],[110.316456,18.748447],[110.315534,18.747416],[110.315254,18.747116],[110.314833,18.746649],[110.314343,18.746084],[110.313716,18.745305],[110.31357,18.745133],[110.312954,18.744447],[110.312433,18.743752],[110.31176,18.742918],[110.311167,18.742127],[110.310335,18.740948],[110.30699,18.736095],[110.300555,18.726665],[110.298763,18.724358],[110.298294,18.723709],[110.297951,18.723415],[110.297588,18.723136],[110.297198,18.722865],[110.29686,18.722634],[110.296562,18.722421],[110.296444,18.722336],[110.296411,18.722262],[110.296421,18.722202],[110.296482,18.722088],[110.296521,18.722072],[110.296635,18.722032],[110.296845,18.721952],[110.297743,18.721667],[110.298227,18.721498],[110.298364,18.721448],[110.298699,18.721334],[110.298984,18.721235],[110.300253,18.720814],[110.302277,18.720126],[110.303118,18.719896],[110.303187,18.719878],[110.303322,18.719842],[110.303944,18.71968],[110.304306,18.719543],[110.304685,18.719355],[110.305021,18.719125],[110.30511,18.719052],[110.306072,18.718158],[110.306471,18.717865],[110.306854,18.717672],[110.307081,18.717589],[110.307298,18.717509],[110.307527,18.71744],[110.317423,18.714422],[110.317802,18.714259],[110.317943,18.714191],[110.318308,18.713931],[110.318599,18.713666],[110.318856,18.713261],[110.318996,18.712832],[110.319087,18.712234],[110.319012,18.711681],[110.318199,18.709209],[110.318099,18.708834],[110.318058,18.70854],[110.318034,18.708042],[110.318057,18.707112],[110.317995,18.706275],[110.317451,18.703395],[110.317405,18.702976],[110.317467,18.702595],[110.317569,18.702195],[110.317743,18.701816],[110.318,18.701463],[110.318342,18.701183],[110.318884,18.700874],[110.322808,18.699357],[110.323239,18.699153],[110.323588,18.698931],[110.323911,18.698583],[110.324146,18.698084],[110.324225,18.697194],[110.324305,18.69664],[110.324372,18.696236],[110.324592,18.695751],[110.324813,18.695376],[110.325266,18.694819],[110.32597,18.694132],[110.326379,18.693735],[110.326876,18.693156],[110.328062,18.691363],[110.328321,18.69093],[110.328615,18.69033],[110.328776,18.689904],[110.32889,18.689529],[110.329349,18.687038],[110.329576,18.685906],[110.329574,18.685576],[110.329567,18.68536],[110.329497,18.685047],[110.32937,18.684595],[110.329243,18.68406],[110.329169,18.683508],[110.329112,18.682857],[110.329092,18.682533],[110.329081,18.681986],[110.329019,18.680979],[110.329009,18.680579],[110.329012,18.680192],[110.329009,18.679486],[110.329043,18.678683],[110.329021,18.678308],[110.328995,18.677988],[110.328991,18.677825],[110.328934,18.67773],[110.328923,18.67762],[110.328968,18.677505],[110.329063,18.677423],[110.329188,18.677391],[110.329315,18.677416],[110.329415,18.677494],[110.329467,18.677606],[110.329458,18.677729],[110.329728,18.677744],[110.330375,18.677842],[110.330773,18.677883],[110.331247,18.677857],[110.331866,18.677717],[110.332582,18.677511],[110.333199,18.677338],[110.333875,18.677161],[110.336738,18.676305],[110.337475,18.676128],[110.338696,18.67581],[110.339878,18.675574],[110.340579,18.675627],[110.341371,18.675936],[110.342079,18.676036],[110.342695,18.675781],[110.343128,18.675339],[110.343382,18.675278],[110.344026,18.675278],[110.344392,18.675126],[110.344349,18.675068],[110.344231,18.674976],[110.343214,18.674963],[110.34323,18.674633],[110.342375,18.674557],[110.342351,18.674028],[110.342179,18.673939],[110.34194,18.673942],[110.341766,18.67399],[110.341546,18.673962],[110.341219,18.673848],[110.340763,18.673761],[110.340735,18.673544]]}},{"type":"Feature","properties":{"dayId":2,"legId":"A-D2-walk","mode":"walk","label":"君悦 → 神州半岛海岸 → 君悦","distanceKm":1.5,"durationMinutes":24,"durationHours":0.4,"routeLegs":[],"source":"Verified endpoints, connected by declared travel mode"},"geometry":{"type":"LineString","coordinates":[[110.340735,18.673544],[110.3479262,18.6779739],[110.340735,18.673544]]}},{"type":"Feature","properties":{"dayId":3,"legId":"A-D3-drive","mode":"drive","label":"君悦 → 石梅湾 → 兴隆市场 → 君悦","distanceKm":51.5,"durationMinutes":59,"durationHours":1,"routeLegs":[{"index":0,"distanceKm":10.3,"durationMinutes":14},{"index":1,"distanceKm":16.9,"durationMinutes":19},{"index":2,"distanceKm":24.3,"durationMinutes":27}],"source":"OSRM / OpenStreetMap, fetched 2026-08-12"},"geometry":{"type":"LineString","coordinates":[[110.340735,18.673544],[110.340763,18.673761],[110.341219,18.673848],[110.341546,18.673962],[110.341766,18.67399],[110.34194,18.673942],[110.342179,18.673939],[110.342351,18.674028],[110.342375,18.674557],[110.34323,18.674633],[110.343214,18.674963],[110.344231,18.674976],[110.344349,18.675068],[110.344392,18.675126],[110.344026,18.675278],[110.343382,18.675278],[110.343128,18.675339],[110.342695,18.675781],[110.342079,18.676036],[110.341371,18.675936],[110.340579,18.675627],[110.339878,18.675574],[110.338696,18.67581],[110.337475,18.676128],[110.336738,18.676305],[110.333875,18.677161],[110.333199,18.677338],[110.332582,18.677511],[110.331866,18.677717],[110.331247,18.677857],[110.330773,18.677883],[110.330375,18.677842],[110.329728,18.677744],[110.329458,18.677729],[110.329373,18.67785],[110.329313,18.678101],[110.329164,18.678651],[110.329097,18.679422],[110.329095,18.680199],[110.329086,18.680583],[110.329009,18.680579],[110.328596,18.680558],[110.325806,18.680422],[110.325219,18.680255],[110.324639,18.679894],[110.324228,18.67937],[110.324024,18.678771],[110.324006,18.678055],[110.323977,18.677888],[110.323408,18.677252],[110.322459,18.676379],[110.321752,18.675736],[110.320394,18.674496],[110.320051,18.674201],[110.31982,18.674018],[110.319571,18.673866],[110.319319,18.673754],[110.319015,18.673642],[110.318723,18.67356],[110.317852,18.673369],[110.316891,18.67306],[110.315795,18.672623],[110.315478,18.672374],[110.315211,18.672025],[110.314892,18.671701],[110.314502,18.671501],[110.313917,18.671468],[110.313413,18.671425],[110.312595,18.671145],[110.312144,18.670975],[110.311879,18.670963],[110.311705,18.670995],[110.311437,18.671084],[110.311195,18.671218],[110.310826,18.671578],[110.310689,18.671925],[110.310647,18.672176],[110.310655,18.672433],[110.31074,18.672899],[110.31077,18.673048],[110.310859,18.673497],[110.310853,18.67371],[110.310784,18.673916],[110.310693,18.674059],[110.310658,18.674114],[110.310537,18.674226],[110.310392,18.67431],[110.310226,18.674346],[110.310049,18.674348],[110.309864,18.67431],[110.309575,18.674199],[110.308651,18.673807],[110.307953,18.673472],[110.307501,18.673243],[110.307017,18.673014],[110.306809,18.67291],[110.30662,18.672791],[110.306422,18.67261],[110.306244,18.672374],[110.305835,18.671622],[110.305667,18.671391],[110.305492,18.671237],[110.305314,18.671126],[110.3051,18.671043],[110.30457,18.67094],[110.304202,18.670877],[110.303966,18.670874],[110.30334,18.670996],[110.303068,18.671],[110.302731,18.670957],[110.302405,18.670893],[110.302145,18.670882],[110.301847,18.670939],[110.30123,18.671218],[110.301034,18.671251],[110.300827,18.671246],[110.30062,18.671183],[110.300382,18.671057],[110.300154,18.670938],[110.299922,18.670893],[110.299683,18.670944],[110.299505,18.671073],[110.299376,18.671272],[110.299232,18.671697],[110.299107,18.671924],[110.298931,18.672123],[110.298714,18.672266],[110.298456,18.672345],[110.298172,18.672359],[110.297929,18.672304],[110.297614,18.672171],[110.297425,18.67209],[110.296298,18.67175],[110.295799,18.671532],[110.294786,18.670854],[110.294028,18.670322],[110.293256,18.669554],[110.292718,18.668832],[110.292298,18.66867],[110.291374,18.668348],[110.291003,18.668309],[110.290633,18.668319],[110.290192,18.668424],[110.289386,18.66879],[110.288836,18.668911],[110.288306,18.669008],[110.287987,18.668938],[110.287639,18.668863],[110.287336,18.668875],[110.286965,18.668939],[110.286752,18.669092],[110.286505,18.669355],[110.28613,18.669895],[110.28571,18.670492],[110.285267,18.671024],[110.284753,18.671464],[110.284447,18.671707],[110.284201,18.671855],[110.283905,18.671958],[110.283301,18.672155],[110.283262,18.672168],[110.282399,18.67229],[110.281748,18.672292],[110.280917,18.672246],[110.280654,18.672178],[110.280571,18.672156],[110.280226,18.672067],[110.279392,18.671618],[110.279025,18.671316],[110.278786,18.671043],[110.278511,18.670921],[110.277845,18.67083],[110.277181,18.670782],[110.276489,18.670604],[110.276076,18.670422],[110.275868,18.670331],[110.276279,18.668642],[110.276276,18.668587],[110.276272,18.668509],[110.275885,18.668203],[110.275738,18.66791],[110.275264,18.667541],[110.27482,18.667194],[110.273923,18.666733],[110.273425,18.666766],[110.273085,18.666635],[110.272802,18.666411],[110.272667,18.666143],[110.272569,18.665937],[110.271877,18.665761],[110.271217,18.665621],[110.270442,18.665457],[110.269544,18.665263],[110.268601,18.665087],[110.268112,18.665167],[110.267882,18.665352],[110.267554,18.66585],[110.267265,18.66602],[110.266976,18.665993],[110.266725,18.66597],[110.266483,18.666008],[110.266298,18.665871],[110.265853,18.665352],[110.264155,18.666999],[110.262597,18.668744],[110.261187,18.670517],[110.260986,18.670763],[110.260734,18.671011],[110.260474,18.671231],[110.26021,18.671424],[110.259886,18.671604],[110.259484,18.671779],[110.258992,18.671956],[110.258436,18.672208],[110.258321,18.67234],[110.25655,18.673227],[110.256252,18.673322],[110.256301,18.673421],[110.256342,18.673928],[110.256413,18.675096],[110.25645,18.675502],[110.256512,18.675898],[110.256566,18.676099],[110.256634,18.676295],[110.257909,18.679329],[110.258366,18.680408],[110.258457,18.680653],[110.258489,18.680836],[110.258492,18.681001],[110.258454,18.681125],[110.258378,18.681263],[110.258285,18.681364],[110.258154,18.681449],[110.257974,18.681515],[110.257266,18.681644],[110.256762,18.68174],[110.256221,18.681857],[110.25594,18.681995],[110.255786,18.682122],[110.255684,18.682253],[110.255599,18.682421],[110.255527,18.682615],[110.254578,18.685368],[110.254298,18.686202],[110.251724,18.69194],[110.250034,18.69558],[110.249906,18.695955],[110.249155,18.697831],[110.246818,18.704974],[110.246373,18.70623],[110.245522,18.708703],[110.245098,18.709933],[110.244611,18.711349],[110.243415,18.714654],[110.242763,18.716459],[110.242155,18.718442],[110.240977,18.721843],[110.240379,18.72359],[110.239901,18.724964],[110.239861,18.725083],[110.238607,18.728639],[110.23509,18.73836],[110.232149,18.746776],[110.231079,18.749824],[110.230987,18.750098],[110.230949,18.750203],[110.229999,18.750133],[110.227563,18.749982],[110.223096,18.74971],[110.222926,18.7497],[110.222752,18.749689],[110.218339,18.749404],[110.217804,18.749376],[110.214926,18.749214],[110.21385,18.749146],[110.21102,18.74897],[110.210604,18.748944],[110.209297,18.74887],[110.207843,18.748772],[110.20714,18.74873],[110.206819,18.748728],[110.206678,18.748777],[110.206493,18.748935],[110.206387,18.748857],[110.205886,18.748486],[110.205644,18.748197],[110.205182,18.747348],[110.205119,18.747175],[110.205123,18.746919],[110.205257,18.745567],[110.205585,18.742252],[110.205614,18.741934],[110.205622,18.741837],[110.205606,18.741456],[110.205483,18.740912],[110.20527,18.740428],[110.204531,18.738958],[110.204185,18.738268],[110.204096,18.738102],[110.203949,18.737882],[110.203772,18.737661],[110.203603,18.737498],[110.203428,18.737331],[110.202693,18.736726],[110.201519,18.735614],[110.200852,18.735075],[110.198885,18.732734],[110.197929,18.731406],[110.196908,18.732373],[110.196565,18.732635],[110.196398,18.732814],[110.195822,18.733355],[110.195765,18.733444],[110.195548,18.734003],[110.195462,18.734128],[110.195309,18.734211],[110.195044,18.734275],[110.194778,18.734338],[110.194526,18.73445],[110.194177,18.734608],[110.193577,18.73442],[110.194177,18.734608],[110.194526,18.73445],[110.194778,18.734338],[110.195044,18.734275],[110.195309,18.734211],[110.195309,18.734211],[110.195462,18.734128],[110.195548,18.734003],[110.195765,18.733444],[110.195822,18.733355],[110.196398,18.732814],[110.196565,18.732635],[110.196908,18.732373],[110.197929,18.731406],[110.198885,18.732734],[110.200852,18.735075],[110.201519,18.735614],[110.202693,18.736726],[110.203428,18.737331],[110.203603,18.737498],[110.203772,18.737661],[110.203949,18.737882],[110.204096,18.738102],[110.204185,18.738268],[110.204531,18.738958],[110.20527,18.740428],[110.205483,18.740912],[110.205606,18.741456],[110.205622,18.741837],[110.205614,18.741934],[110.205585,18.742252],[110.205257,18.745567],[110.205123,18.746919],[110.205119,18.747175],[110.205182,18.747348],[110.205644,18.748197],[110.205886,18.748486],[110.206387,18.748857],[110.206493,18.748935],[110.206678,18.748777],[110.206819,18.748728],[110.20714,18.74873],[110.207843,18.748772],[110.209297,18.74887],[110.210604,18.748944],[110.21102,18.74897],[110.21385,18.749146],[110.214926,18.749214],[110.217804,18.749376],[110.218339,18.749404],[110.222752,18.749689],[110.222926,18.7497],[110.223096,18.74971],[110.227563,18.749982],[110.229999,18.750133],[110.230949,18.750203],[110.230987,18.750098],[110.231079,18.749824],[110.232149,18.746776],[110.23509,18.73836],[110.238607,18.728639],[110.239861,18.725083],[110.239901,18.724964],[110.243149,18.727399],[110.243608,18.727653],[110.24405,18.727851],[110.244525,18.728008],[110.244973,18.72811],[110.245552,18.728161],[110.246564,18.728204],[110.248401,18.728321],[110.248822,18.728382],[110.249428,18.728542],[110.249943,18.728735],[110.251756,18.729474],[110.252086,18.729593],[110.252615,18.729728],[110.253073,18.729797],[110.255013,18.729896],[110.25557,18.729969],[110.25611,18.730102],[110.256525,18.730249],[110.25696,18.730404],[110.257947,18.730848],[110.259154,18.731392],[110.26042,18.731986],[110.261012,18.732277],[110.261076,18.732308],[110.261249,18.732393],[110.261989,18.732703],[110.262744,18.732876],[110.26287,18.732897],[110.263816,18.732929],[110.264451,18.732916],[110.265489,18.732759],[110.266157,18.732601],[110.267296,18.732067],[110.267987,18.731647],[110.268586,18.731174],[110.269545,18.729987],[110.269764,18.729627],[110.270108,18.728966],[110.270604,18.7281],[110.271111,18.727368],[110.27164,18.726837],[110.272522,18.7262],[110.272664,18.726101],[110.273879,18.72559],[110.274716,18.725397],[110.275715,18.725361],[110.276354,18.725397],[110.277233,18.725522],[110.278494,18.725692],[110.278781,18.725716],[110.278913,18.725727],[110.279332,18.725742],[110.280126,18.72573],[110.280809,18.725664],[110.282076,18.725494],[110.282237,18.725472],[110.283409,18.725311],[110.286416,18.724898],[110.286755,18.724871],[110.287354,18.724856],[110.28805,18.72489],[110.288084,18.724892],[110.289221,18.725039],[110.290159,18.725175],[110.2902,18.725181],[110.290646,18.725206],[110.29103,18.725195],[110.291546,18.725123],[110.292167,18.724973],[110.292736,18.724751],[110.293137,18.724542],[110.293622,18.724213],[110.293717,18.724147],[110.29543,18.722562],[110.295883,18.722325],[110.295943,18.722301],[110.296153,18.722219],[110.296297,18.72215],[110.296482,18.722088],[110.296521,18.722072],[110.296635,18.722032],[110.296845,18.721952],[110.297743,18.721667],[110.298227,18.721498],[110.298364,18.721448],[110.298699,18.721334],[110.298984,18.721235],[110.300253,18.720814],[110.302277,18.720126],[110.303118,18.719896],[110.303187,18.719878],[110.303322,18.719842],[110.303944,18.71968],[110.304306,18.719543],[110.304685,18.719355],[110.305021,18.719125],[110.30511,18.719052],[110.306072,18.718158],[110.306471,18.717865],[110.306854,18.717672],[110.307081,18.717589],[110.307298,18.717509],[110.307527,18.71744],[110.317423,18.714422],[110.317802,18.714259],[110.317943,18.714191],[110.318308,18.713931],[110.318599,18.713666],[110.318856,18.713261],[110.318996,18.712832],[110.319087,18.712234],[110.319012,18.711681],[110.318199,18.709209],[110.318099,18.708834],[110.318058,18.70854],[110.318034,18.708042],[110.318057,18.707112],[110.317995,18.706275],[110.317451,18.703395],[110.317405,18.702976],[110.317467,18.702595],[110.317569,18.702195],[110.317743,18.701816],[110.318,18.701463],[110.318342,18.701183],[110.318884,18.700874],[110.322808,18.699357],[110.323239,18.699153],[110.323588,18.698931],[110.323911,18.698583],[110.324146,18.698084],[110.324225,18.697194],[110.324305,18.69664],[110.324372,18.696236],[110.324592,18.695751],[110.324813,18.695376],[110.325266,18.694819],[110.32597,18.694132],[110.326379,18.693735],[110.326876,18.693156],[110.328062,18.691363],[110.328321,18.69093],[110.328615,18.69033],[110.328776,18.689904],[110.32889,18.689529],[110.329349,18.687038],[110.329576,18.685906],[110.329574,18.685576],[110.329567,18.68536],[110.329497,18.685047],[110.32937,18.684595],[110.329243,18.68406],[110.329169,18.683508],[110.329112,18.682857],[110.329092,18.682533],[110.329081,18.681986],[110.329019,18.680979],[110.329009,18.680579],[110.329012,18.680192],[110.329009,18.679486],[110.329043,18.678683],[110.329021,18.678308],[110.328995,18.677988],[110.328991,18.677825],[110.328934,18.67773],[110.328923,18.67762],[110.328968,18.677505],[110.329063,18.677423],[110.329188,18.677391],[110.329315,18.677416],[110.329415,18.677494],[110.329467,18.677606],[110.329458,18.677729],[110.329728,18.677744],[110.330375,18.677842],[110.330773,18.677883],[110.331247,18.677857],[110.331866,18.677717],[110.332582,18.677511],[110.333199,18.677338],[110.333875,18.677161],[110.336738,18.676305],[110.337475,18.676128],[110.338696,18.67581],[110.339878,18.675574],[110.340579,18.675627],[110.341371,18.675936],[110.342079,18.676036],[110.342695,18.675781],[110.343128,18.675339],[110.343382,18.675278],[110.344026,18.675278],[110.344392,18.675126],[110.344349,18.675068],[110.344231,18.674976],[110.343214,18.674963],[110.34323,18.674633],[110.342375,18.674557],[110.342351,18.674028],[110.342179,18.673939],[110.34194,18.673942],[110.341766,18.67399],[110.341546,18.673962],[110.341219,18.673848],[110.340763,18.673761],[110.340735,18.673544]]}},{"type":"Feature","properties":{"dayId":4,"legId":"A-D4-drive","mode":"drive","label":"万宁 → 新村港 → 清水湾","distanceKm":102.5,"durationMinutes":92,"durationHours":1.5,"routeLegs":[{"index":0,"distanceKm":64.6,"durationMinutes":56},{"index":1,"distanceKm":37.9,"durationMinutes":37}],"source":"OSRM / OpenStreetMap, fetched 2026-08-12"},"geometry":{"type":"LineString","coordinates":[[110.340735,18.673544],[110.340763,18.673761],[110.341219,18.673848],[110.341546,18.673962],[110.341766,18.67399],[110.34194,18.673942],[110.342179,18.673939],[110.342351,18.674028],[110.342375,18.674557],[110.34323,18.674633],[110.343214,18.674963],[110.344231,18.674976],[110.344349,18.675068],[110.344392,18.675126],[110.344026,18.675278],[110.343382,18.675278],[110.343128,18.675339],[110.342695,18.675781],[110.342079,18.676036],[110.341371,18.675936],[110.340579,18.675627],[110.339878,18.675574],[110.338696,18.67581],[110.337475,18.676128],[110.336738,18.676305],[110.333875,18.677161],[110.333199,18.677338],[110.332582,18.677511],[110.331866,18.677717],[110.331247,18.677857],[110.330773,18.677883],[110.330375,18.677842],[110.329728,18.677744],[110.329458,18.677729],[110.329373,18.67785],[110.329313,18.678101],[110.329164,18.678651],[110.329097,18.679422],[110.329095,18.680199],[110.329086,18.680583],[110.329009,18.680579],[110.328596,18.680558],[110.325806,18.680422],[110.325219,18.680255],[110.324639,18.679894],[110.324228,18.67937],[110.324024,18.678771],[110.324006,18.678055],[110.323977,18.677888],[110.323408,18.677252],[110.322459,18.676379],[110.321752,18.675736],[110.320394,18.674496],[110.320051,18.674201],[110.31982,18.674018],[110.319571,18.673866],[110.319319,18.673754],[110.319015,18.673642],[110.318723,18.67356],[110.317852,18.673369],[110.316891,18.67306],[110.315795,18.672623],[110.315478,18.672374],[110.315211,18.672025],[110.314892,18.671701],[110.314502,18.671501],[110.313917,18.671468],[110.313413,18.671425],[110.312595,18.671145],[110.312144,18.670975],[110.311879,18.670963],[110.311705,18.670995],[110.311437,18.671084],[110.311195,18.671218],[110.310826,18.671578],[110.310689,18.671925],[110.310647,18.672176],[110.310655,18.672433],[110.31074,18.672899],[110.31077,18.673048],[110.310859,18.673497],[110.310853,18.67371],[110.310784,18.673916],[110.310693,18.674059],[110.310658,18.674114],[110.310537,18.674226],[110.310392,18.67431],[110.310226,18.674346],[110.310049,18.674348],[110.309864,18.67431],[110.309575,18.674199],[110.308651,18.673807],[110.307953,18.673472],[110.307501,18.673243],[110.307017,18.673014],[110.306809,18.67291],[110.30662,18.672791],[110.306422,18.67261],[110.306244,18.672374],[110.305835,18.671622],[110.305667,18.671391],[110.305492,18.671237],[110.305314,18.671126],[110.3051,18.671043],[110.30457,18.67094],[110.304202,18.670877],[110.303966,18.670874],[110.30334,18.670996],[110.303068,18.671],[110.302731,18.670957],[110.302405,18.670893],[110.302145,18.670882],[110.301847,18.670939],[110.30123,18.671218],[110.301034,18.671251],[110.300827,18.671246],[110.30062,18.671183],[110.300382,18.671057],[110.300154,18.670938],[110.299922,18.670893],[110.299683,18.670944],[110.299505,18.671073],[110.299376,18.671272],[110.299232,18.671697],[110.299107,18.671924],[110.298931,18.672123],[110.298714,18.672266],[110.298456,18.672345],[110.298172,18.672359],[110.297929,18.672304],[110.297614,18.672171],[110.297425,18.67209],[110.296298,18.67175],[110.295799,18.671532],[110.294786,18.670854],[110.294028,18.670322],[110.293256,18.669554],[110.292718,18.668832],[110.292298,18.66867],[110.291374,18.668348],[110.291003,18.668309],[110.290633,18.668319],[110.290192,18.668424],[110.289386,18.66879],[110.288836,18.668911],[110.288306,18.669008],[110.287987,18.668938],[110.287639,18.668863],[110.287336,18.668875],[110.286965,18.668939],[110.286752,18.669092],[110.286505,18.669355],[110.28613,18.669895],[110.28571,18.670492],[110.285267,18.671024],[110.284753,18.671464],[110.284447,18.671707],[110.284201,18.671855],[110.283905,18.671958],[110.283301,18.672155],[110.283262,18.672168],[110.282399,18.67229],[110.281748,18.672292],[110.280917,18.672246],[110.280654,18.672178],[110.280571,18.672156],[110.280226,18.672067],[110.279392,18.671618],[110.279025,18.671316],[110.278786,18.671043],[110.278511,18.670921],[110.277845,18.67083],[110.277181,18.670782],[110.276489,18.670604],[110.276076,18.670422],[110.275868,18.670331],[110.274888,18.670087],[110.273822,18.669764],[110.273206,18.669608],[110.272711,18.669384],[110.272295,18.669098],[110.271968,18.668993],[110.271598,18.669018],[110.271308,18.669205],[110.271002,18.669392],[110.270208,18.669552],[110.269738,18.669648],[110.269219,18.669642],[110.268368,18.669526],[110.267955,18.669566],[110.267583,18.66959],[110.267035,18.669386],[110.266726,18.6694],[110.266128,18.669678],[110.265762,18.669892],[110.265244,18.669884],[110.264881,18.669839],[110.264301,18.669692],[110.263961,18.669562],[110.263606,18.669209],[110.263129,18.668932],[110.262597,18.668744],[110.261187,18.670517],[110.260986,18.670763],[110.260734,18.671011],[110.260474,18.671231],[110.26021,18.671424],[110.259886,18.671604],[110.259484,18.671779],[110.258992,18.671956],[110.258436,18.672208],[110.258321,18.67234],[110.25655,18.673227],[110.256252,18.673322],[110.255727,18.67358],[110.254761,18.674055],[110.254295,18.674288],[110.254132,18.674376],[110.254025,18.674482],[110.253979,18.674581],[110.253968,18.674697],[110.253996,18.674803],[110.254044,18.674873],[110.254104,18.674913],[110.254207,18.674943],[110.254292,18.674951],[110.254359,18.674953],[110.254456,18.67493],[110.254533,18.674871],[110.254584,18.67478],[110.254606,18.674665],[110.254587,18.674438],[110.25347,18.672511],[110.252569,18.671225],[110.251712,18.669999],[110.250856,18.668793],[110.249941,18.667452],[110.249643,18.66699],[110.249211,18.666218],[110.249126,18.666074],[110.248905,18.665699],[110.24861,18.665169],[110.248533,18.665028],[110.248142,18.664254],[110.24777,18.663492],[110.247651,18.663231],[110.247356,18.662418],[110.24701,18.661496],[110.246708,18.660631],[110.246332,18.659413],[110.245903,18.658081],[110.245723,18.657468],[110.24554,18.656883],[110.245076,18.655595],[110.244748,18.654502],[110.244346,18.65326],[110.244041,18.652348],[110.243476,18.651259],[110.243013,18.650493],[110.242536,18.64983],[110.242012,18.649213],[110.241532,18.648658],[110.241331,18.64848],[110.241095,18.648282],[110.240733,18.647996],[110.240242,18.647644],[110.239984,18.647465],[110.239085,18.646904],[110.237514,18.646186],[110.235803,18.645434],[110.233525,18.644263],[110.231395,18.642892],[110.231098,18.642681],[110.230071,18.641737],[110.2282,18.63996],[110.226919,18.638771],[110.226145,18.638038],[110.225017,18.637255],[110.223488,18.636215],[110.221302,18.635056],[110.218159,18.633792],[110.214616,18.632396],[110.213922,18.632113],[110.209829,18.630452],[110.208349,18.629856],[110.207379,18.629417],[110.205602,18.628668],[110.203463,18.627691],[110.201355,18.626654],[110.201274,18.626614],[110.199175,18.625483],[110.198547,18.625139],[110.197525,18.624573],[110.194786,18.622972],[110.193123,18.621996],[110.191932,18.621304],[110.19028,18.620312],[110.188677,18.61921],[110.187619,18.618416],[110.186668,18.617589],[110.185909,18.616905],[110.185149,18.616152],[110.184372,18.615327],[110.18363,18.614484],[110.183026,18.61376],[110.182458,18.61306],[110.181417,18.61178],[110.180728,18.610962],[110.180087,18.610154],[110.178569,18.608314],[110.17742,18.606874],[110.176959,18.606296],[110.176193,18.605297],[110.175893,18.604922],[110.1754,18.603919],[110.175218,18.603416],[110.17509,18.60285],[110.175005,18.602421],[110.174944,18.601798],[110.174971,18.601185],[110.175071,18.600474],[110.175411,18.599395],[110.175991,18.597826],[110.176187,18.597198],[110.17633,18.596567],[110.176519,18.595435],[110.176495,18.594349],[110.17633,18.593198],[110.1761,18.592522],[110.175948,18.592091],[110.175759,18.591666],[110.175477,18.591154],[110.175135,18.590581],[110.174177,18.589494],[110.173439,18.588918],[110.173048,18.588629],[110.172662,18.588381],[110.172207,18.588126],[110.172082,18.588056],[110.172025,18.588024],[110.171645,18.58784],[110.170336,18.58719],[110.168084,18.586093],[110.167422,18.585814],[110.167034,18.585676],[110.166588,18.585545],[110.166072,18.58542],[110.165435,18.585306],[110.164754,18.585242],[110.163443,18.585145],[110.162504,18.585077],[110.161822,18.584977],[110.161114,18.584805],[110.159934,18.584393],[110.158183,18.583591],[110.156416,18.582749],[110.154974,18.582027],[110.153534,18.581157],[110.151968,18.579876],[110.149319,18.576836],[110.148757,18.576174],[110.147254,18.574604],[110.145962,18.573327],[110.144927,18.572462],[110.144414,18.572054],[110.14353,18.571435],[110.142804,18.570964],[110.142015,18.570498],[110.141099,18.569978],[110.139412,18.569122],[110.135763,18.567298],[110.133213,18.566008],[110.131981,18.565347],[110.13133,18.565016],[110.129599,18.56414],[110.128628,18.563655],[110.127484,18.563077],[110.126921,18.562775],[110.125205,18.561909],[110.124446,18.561531],[110.120656,18.559601],[110.118836,18.558754],[110.117867,18.558365],[110.116573,18.557908],[110.115797,18.557674],[110.114685,18.557387],[110.113671,18.557169],[110.112794,18.557012],[110.111727,18.556865],[110.111048,18.556803],[110.110233,18.556752],[110.109454,18.556738],[110.10815,18.556749],[110.107511,18.556779],[110.107265,18.556796],[110.106441,18.556867],[110.105039,18.55701],[110.103506,18.557155],[110.103035,18.5572],[110.102411,18.557244],[110.101433,18.557271],[110.100335,18.557263],[110.099698,18.557239],[110.098791,18.557182],[110.097982,18.557102],[110.097241,18.557006],[110.0963,18.556846],[110.095398,18.556667],[110.094583,18.556461],[110.093982,18.55629],[110.093629,18.55618],[110.093138,18.556021],[110.092684,18.55586],[110.092242,18.555699],[110.091823,18.555538],[110.091307,18.555325],[110.0907,18.555053],[110.090308,18.554877],[110.089424,18.554461],[110.087228,18.553422],[110.082005,18.550958],[110.075983,18.548114],[110.075571,18.547917],[110.074189,18.547282],[110.072984,18.546753],[110.072223,18.54641],[110.071248,18.546016],[110.070415,18.545681],[110.069273,18.545255],[110.068091,18.544843],[110.066836,18.54442],[110.065291,18.543944],[110.064014,18.543576],[110.062966,18.543291],[110.061513,18.542934],[110.060765,18.542762],[110.059506,18.542484],[110.058889,18.54236],[110.057637,18.542117],[110.055433,18.541687],[110.052979,18.541193],[110.050392,18.54066],[110.047665,18.540133],[110.045818,18.539767],[110.045021,18.539582],[110.044411,18.539418],[110.043445,18.539105],[110.042761,18.53885],[110.042272,18.538647],[110.041949,18.538505],[110.041136,18.538133],[110.040512,18.537804],[110.039692,18.53734],[110.038377,18.536434],[110.037897,18.536076],[110.037569,18.53581],[110.037247,18.535539],[110.036731,18.535088],[110.036141,18.534527],[110.035363,18.533768],[110.034281,18.53278],[110.034006,18.532515],[110.03368,18.532223],[110.033354,18.531939],[110.033147,18.531791],[110.033051,18.531747],[110.032936,18.531713],[110.032829,18.531707],[110.032732,18.531717],[110.032636,18.531748],[110.032549,18.531788],[110.03246,18.531855],[110.032352,18.531965],[110.032019,18.53246],[110.03197,18.532536],[110.031912,18.532631],[110.031872,18.532723],[110.031849,18.532804],[110.031842,18.532904],[110.031848,18.532991],[110.031873,18.533063],[110.031908,18.533136],[110.031961,18.533199],[110.032025,18.533256],[110.032097,18.533302],[110.032165,18.533337],[110.032498,18.533497],[110.03262,18.53351],[110.032688,18.533461],[110.032767,18.533433],[110.032852,18.533429],[110.032984,18.53332],[110.033209,18.532954],[110.033384,18.532717],[110.033648,18.532442],[110.034702,18.531419],[110.034755,18.531347],[110.034808,18.531268],[110.034789,18.531188],[110.034798,18.531105],[110.034835,18.531031],[110.034895,18.530971],[110.034971,18.530933],[110.035056,18.53092],[110.03514,18.530933],[110.035383,18.530791],[110.037278,18.529004],[110.037923,18.528257],[110.038117,18.528005],[110.038262,18.52779],[110.038396,18.527545],[110.038477,18.527337],[110.038582,18.527053],[110.038663,18.526722],[110.038789,18.526054],[110.038851,18.525641],[110.038895,18.5252],[110.038914,18.524361],[110.038893,18.521731],[110.038903,18.520767],[110.038912,18.52028],[110.038891,18.518023],[110.038879,18.517638],[110.038831,18.517395],[110.038741,18.517014],[110.038586,18.516568],[110.038406,18.516192],[110.037456,18.514865],[110.03709,18.514368],[110.03668,18.513751],[110.036538,18.513485],[110.036406,18.513265],[110.034724,18.510867],[110.034628,18.5106],[110.034615,18.510549],[110.03458,18.510379],[110.034528,18.509987],[110.034476,18.509584],[110.034346,18.508078],[110.034288,18.50784],[110.034185,18.507603],[110.034107,18.507444],[110.034013,18.50729],[110.033859,18.507088],[110.03371,18.50692],[110.033486,18.506733],[110.033385,18.506647],[110.033099,18.506513],[110.03286,18.506469],[110.032696,18.506484],[110.032495,18.506529],[110.031012,18.506897],[110.030859,18.50693],[110.030404,18.507047],[110.030393,18.507049],[110.029505,18.507264],[110.028179,18.507578],[110.027649,18.507715],[110.027578,18.507729],[110.027507,18.507716],[110.027446,18.507678],[110.027406,18.507621],[110.027391,18.507553],[110.027405,18.507486],[110.027445,18.507428],[110.027505,18.50739],[110.027576,18.507376],[110.027484,18.507342],[110.026877,18.506787],[110.026269,18.50623],[110.025248,18.505322],[110.02452,18.504743],[110.024184,18.504488],[110.023954,18.504313],[110.023178,18.503687],[110.022896,18.503463],[110.02263,18.503241],[110.022296,18.50293],[110.02205,18.502682],[110.021489,18.502024],[110.020738,18.501114],[110.020668,18.501029],[110.020226,18.500512],[110.019473,18.499759],[110.019424,18.499711],[110.019318,18.499605],[110.018892,18.499185],[110.018703,18.498991],[110.017296,18.497313],[110.016559,18.496425],[110.015019,18.494581],[110.014373,18.493818],[110.013893,18.493244],[110.013185,18.492423],[110.012687,18.491888],[110.012604,18.491815],[110.012539,18.491745],[110.012134,18.491268],[110.011716,18.49082],[110.011152,18.490207],[110.011019,18.490076],[110.010456,18.489518],[110.009838,18.489026],[110.009176,18.48858],[110.008429,18.488058],[110.008229,18.487918],[110.007812,18.487664],[110.007843,18.4876],[110.010003,18.48341],[110.010081,18.483268],[110.010741,18.482023],[110.011091,18.4813],[110.01156,18.480453],[110.011964,18.479849],[110.012343,18.47953],[110.012664,18.479053],[110.013243,18.478242],[110.01391,18.47738],[110.014277,18.476925],[110.014323,18.476868],[110.016257,18.474479],[110.02258,18.466662],[110.025331,18.463478],[110.02565,18.463169],[110.0259,18.462927],[110.026813,18.462045],[110.027374,18.461506],[110.027569,18.461319],[110.028597,18.460333],[110.028938,18.460006],[110.029573,18.45944],[110.029994,18.459122],[110.03032,18.458886],[110.030766,18.458593],[110.031477,18.45818],[110.033661,18.456909],[110.03427,18.456574],[110.034505,18.456434],[110.035625,18.455709],[110.036244,18.455275],[110.036777,18.454859],[110.037192,18.454518],[110.037833,18.453958],[110.038315,18.453481],[110.039269,18.452513],[110.039991,18.451723],[110.040734,18.450967],[110.040886,18.450817],[110.040994,18.450672],[110.041099,18.450478],[110.041133,18.450372],[110.041197,18.450278],[110.041266,18.450119],[110.04131,18.449952],[110.041329,18.44966],[110.041301,18.449478],[110.041242,18.449235],[110.040994,18.448165],[110.040889,18.447555],[110.040854,18.447209],[110.040852,18.446856],[110.040873,18.446477],[110.040976,18.445727],[110.041002,18.445568],[110.041047,18.445288],[110.041061,18.445044],[110.041015,18.444759],[110.040919,18.444505],[110.04065,18.444174],[110.040382,18.443813],[110.040184,18.443456],[110.04006,18.443121],[110.039991,18.442886],[110.039969,18.442627],[110.03998,18.442352],[110.040039,18.442108],[110.040168,18.441838],[110.040323,18.441568],[110.04057,18.441197],[110.04064,18.440968],[110.040683,18.440703],[110.040677,18.440423],[110.040629,18.440159],[110.040532,18.439894],[110.040377,18.439624],[110.040149,18.439209],[110.039993,18.438959],[110.039798,18.438546],[110.039696,18.438271],[110.03961,18.437853],[110.039545,18.437365],[110.039519,18.436917],[110.039476,18.43653],[110.039368,18.436144],[110.039159,18.435757],[110.038945,18.435477],[110.038649,18.435202],[110.036973,18.433903],[110.036311,18.43339],[110.036064,18.433202],[110.035774,18.432927],[110.035495,18.432607],[110.035281,18.432266],[110.03475,18.431227],[110.034562,18.430927],[110.034326,18.430688],[110.034036,18.430469],[110.033661,18.43025],[110.032781,18.429797],[110.032395,18.429558],[110.032024,18.429278],[110.031719,18.429008],[110.031375,18.428652],[110.031118,18.428327],[110.030828,18.427894],[110.029825,18.426087],[110.02975,18.426006],[110.029589,18.425955],[110.029443,18.425927],[110.029312,18.42586],[110.029205,18.425761],[110.029133,18.425638],[110.0291,18.425501],[110.029109,18.42536],[110.029159,18.425227],[110.02916,18.425125],[110.029149,18.425054],[110.029095,18.424952],[110.028945,18.424733],[110.028607,18.42428],[110.028243,18.423695],[110.027846,18.422869],[110.027599,18.422112],[110.027465,18.421588],[110.027331,18.420784],[110.027272,18.420362],[110.027269,18.420167],[110.024915,18.420358],[110.023918,18.417137],[110.023115,18.414959],[110.022879,18.414266],[110.022284,18.41293],[110.021879,18.41209],[110.021418,18.411073],[110.021195,18.410544],[110.021013,18.409975],[110.02081,18.409313],[110.020461,18.408461],[110.020158,18.407967],[110.019492,18.406762],[110.017594,18.40419],[110.016304,18.402623],[110.015344,18.401596],[110.014368,18.400595],[110.014014,18.400257],[110.013075,18.399419],[110.012472,18.398917],[110.010224,18.397278],[110.009839,18.397017],[110.009304,18.396658],[110.008102,18.395949],[110.008076,18.395933],[110.007264,18.395466],[110.006455,18.395054],[110.005675,18.394675],[110.003906,18.393896],[110.00312,18.393596],[110.002563,18.393379],[110.002085,18.393189],[110.001892,18.393334],[110.001576,18.393537],[110.001182,18.393744],[110.000731,18.393922],[110.00013,18.394141],[109.999591,18.394413],[109.999428,18.394515],[109.999292,18.394623],[109.998949,18.395029],[109.998881,18.395098],[109.998764,18.395158],[109.99856,18.395283],[109.998331,18.395477],[109.997781,18.395837],[109.997625,18.395915],[109.997465,18.395925],[109.997046,18.395901],[109.996769,18.395911],[109.996565,18.396012],[109.996438,18.396151],[109.996297,18.396317],[109.996127,18.396432],[109.995995,18.396469],[109.995908,18.396442],[109.995849,18.396359],[109.995742,18.396271],[109.995611,18.396248],[109.995479,18.396308],[109.995265,18.396474],[109.994749,18.396751],[109.994579,18.396793],[109.994579,18.396793],[109.994457,18.396765],[109.994185,18.396714],[109.993916,18.396734],[109.99372,18.396776],[109.993559,18.396858],[109.993421,18.39691],[109.993276,18.396923],[109.99307,18.3969],[109.992894,18.396789],[109.992698,18.396636],[109.992537,18.396584],[109.992395,18.396571],[109.992282,18.396544],[109.992127,18.396479],[109.992017,18.396463],[109.991869,18.396459],[109.991583,18.396515],[109.991287,18.396561],[109.991129,18.39661],[109.990744,18.396757],[109.990606,18.396806],[109.990434,18.396806],[109.99019,18.396789],[109.98988,18.396695],[109.989639,18.3966],[109.989367,18.396567],[109.989092,18.396508],[109.988679,18.396375],[109.988449,18.396286],[109.988232,18.39627],[109.988005,18.396329],[109.987816,18.396384],[109.987609,18.396443],[109.98742,18.39645],[109.987268,18.396404],[109.98711,18.396352],[109.986952,18.396211],[109.986845,18.396048],[109.986831,18.39598],[109.986845,18.395911],[109.986869,18.39578],[109.986845,18.395702],[109.986742,18.395617],[109.986646,18.395568],[109.986535,18.395558],[109.986374,18.395578],[109.986116,18.395653],[109.985613,18.395813],[109.985486,18.395842],[109.984375,18.396048],[109.984178,18.396104],[109.984024,18.396166],[109.983628,18.396326],[109.983643,18.39649],[109.983694,18.396648],[109.983796,18.396698],[109.983914,18.396709],[109.983959,18.396757],[109.983991,18.397103],[109.984237,18.397428],[109.984611,18.397208],[109.985416,18.397047],[109.985475,18.396991],[109.985603,18.3965],[109.985486,18.395842],[109.985613,18.395813],[109.986116,18.395653],[109.986374,18.395578],[109.986535,18.395558],[109.986646,18.395568],[109.986742,18.395617],[109.986845,18.395702],[109.986869,18.39578],[109.986845,18.395911],[109.986831,18.39598],[109.986845,18.396048],[109.986952,18.396211],[109.98711,18.396352],[109.987268,18.396404],[109.98742,18.39645],[109.987609,18.396443],[109.987816,18.396384],[109.988005,18.396329],[109.988232,18.39627],[109.988449,18.396286],[109.988679,18.396375],[109.989092,18.396508],[109.989367,18.396567],[109.989639,18.3966],[109.98988,18.396695],[109.99019,18.396789],[109.990434,18.396806],[109.990606,18.396806],[109.990744,18.396757],[109.991129,18.39661],[109.991287,18.396561],[109.991583,18.396515],[109.991869,18.396459],[109.992017,18.396463],[109.992127,18.396479],[109.992282,18.396544],[109.992395,18.396571],[109.992537,18.396584],[109.992698,18.396636],[109.992894,18.396789],[109.99307,18.3969],[109.993276,18.396923],[109.993421,18.39691],[109.993559,18.396858],[109.99372,18.396776],[109.993916,18.396734],[109.994185,18.396714],[109.994457,18.396765],[109.994579,18.396793],[109.994749,18.396751],[109.995265,18.396474],[109.995479,18.396308],[109.995611,18.396248],[109.995742,18.396271],[109.995849,18.396359],[109.995908,18.396442],[109.995995,18.396469],[109.996127,18.396432],[109.996297,18.396317],[109.996438,18.396151],[109.996565,18.396012],[109.996769,18.395911],[109.997046,18.395901],[109.997465,18.395925],[109.997625,18.395915],[109.997781,18.395837],[109.998331,18.395477],[109.99856,18.395283],[109.998764,18.395158],[109.998881,18.395098],[109.998949,18.395029],[109.999292,18.394623],[109.999428,18.394515],[109.999591,18.394413],[110.00013,18.394141],[110.000731,18.393922],[110.001182,18.393744],[110.001549,18.393476],[110.001828,18.393242],[110.001975,18.393107],[110.002085,18.393189],[110.002563,18.393379],[110.00312,18.393596],[110.003906,18.393896],[110.005675,18.394675],[110.006455,18.395054],[110.007264,18.395466],[110.008076,18.395933],[110.008102,18.395949],[110.009304,18.396658],[110.009839,18.397017],[110.010224,18.397278],[110.012472,18.398917],[110.013075,18.399419],[110.014014,18.400257],[110.014368,18.400595],[110.015344,18.401596],[110.016304,18.402623],[110.017594,18.40419],[110.019492,18.406762],[110.020158,18.407967],[110.020461,18.408461],[110.02081,18.409313],[110.021013,18.409975],[110.021195,18.410544],[110.021418,18.411073],[110.021879,18.41209],[110.022284,18.41293],[110.022879,18.414266],[110.023115,18.414959],[110.023918,18.417137],[110.024915,18.420358],[110.027269,18.420167],[110.027463,18.420164],[110.027459,18.420335],[110.027487,18.420764],[110.027655,18.421576],[110.02803,18.422811],[110.028422,18.423625],[110.029302,18.424886],[110.02938,18.42494],[110.029504,18.424976],[110.029653,18.424965],[110.029799,18.424993],[110.02993,18.42506],[110.030036,18.425159],[110.030109,18.425282],[110.030142,18.425419],[110.030133,18.42556],[110.030082,18.425693],[110.029995,18.425807],[110.030002,18.425904],[110.030015,18.426018],[110.031005,18.427807],[110.031295,18.42824],[110.031558,18.428591],[110.031874,18.428922],[110.032215,18.429209],[110.032534,18.429446],[110.032859,18.429655],[110.03387,18.430159],[110.034155,18.43034],[110.034457,18.430553],[110.034709,18.430808],[110.034916,18.431141],[110.035098,18.431436],[110.03549,18.432222],[110.035761,18.432586],[110.036018,18.432864],[110.036265,18.433095],[110.036416,18.433207],[110.036729,18.433439],[110.037738,18.43424],[110.038781,18.435072],[110.039116,18.435406],[110.039341,18.435714],[110.039548,18.436116],[110.039671,18.436505],[110.039728,18.436884],[110.039757,18.437367],[110.039806,18.437831],[110.039891,18.43825],[110.039972,18.4385],[110.04014,18.438901],[110.040264,18.439133],[110.040546,18.439533],[110.040726,18.43982],[110.040841,18.440133],[110.040886,18.440411],[110.040878,18.440711],[110.040827,18.440993],[110.040744,18.44123],[110.040511,18.441645],[110.040312,18.442009],[110.04027,18.442142],[110.040221,18.442296],[110.040194,18.44253],[110.0402,18.442782],[110.040261,18.443087],[110.040406,18.443434],[110.040624,18.443762],[110.041026,18.444232],[110.041157,18.444416],[110.04123,18.444579],[110.041278,18.444769],[110.041297,18.445001],[110.041269,18.445304],[110.041215,18.445607],[110.041096,18.446479],[110.041074,18.446858],[110.041069,18.447225],[110.041097,18.447551],[110.041199,18.448071],[110.041216,18.448169],[110.041251,18.44834],[110.041351,18.448753],[110.041523,18.44953],[110.04162,18.44993],[110.041765,18.450214],[110.041851,18.450292],[110.041911,18.450388],[110.04194,18.450497],[110.041937,18.450609],[110.041901,18.450715],[110.041836,18.450809],[110.041746,18.450881],[110.041633,18.45093],[110.041509,18.450944],[110.041387,18.450925],[110.041184,18.450939],[110.041047,18.450978],[110.040881,18.451057],[110.040143,18.451815],[110.039372,18.452611],[110.038489,18.45355],[110.038079,18.453949],[110.037311,18.454639],[110.036879,18.45499],[110.036362,18.455397],[110.035789,18.455805],[110.03493,18.456383],[110.034407,18.456699],[110.033758,18.457043],[110.032896,18.457564],[110.031576,18.458309],[110.030863,18.45873],[110.030423,18.459023],[110.030116,18.459237],[110.029677,18.459582],[110.02916,18.460033],[110.02872,18.460437],[110.027251,18.461869],[110.026947,18.462177],[110.025553,18.46355],[110.024749,18.464383],[110.022776,18.466817],[110.016429,18.47459],[110.014446,18.477041],[110.0144,18.477098],[110.014074,18.477502],[110.013401,18.478363],[110.012836,18.479155],[110.012662,18.479735],[110.012025,18.480683],[110.011638,18.48135],[110.011346,18.481883],[110.010506,18.483504],[110.010436,18.483662],[110.009061,18.486348],[110.008265,18.487875],[110.008229,18.487918],[110.007812,18.487664],[110.0075,18.487466],[110.007312,18.487345],[110.006249,18.486621],[110.00609,18.486484],[110.005777,18.486134],[110.005759,18.486115],[110.005245,18.485443],[110.00514,18.485301],[110.004947,18.485042],[110.004723,18.484592],[110.004026,18.482995],[110.003234,18.481041],[110.002806,18.480262],[110.001974,18.478891],[110.001706,18.47845],[110.00143,18.478017],[110.001214,18.477773],[110.001165,18.477718],[110.000797,18.477398],[110.000116,18.477001],[109.996539,18.475476],[109.996273,18.475356],[109.993743,18.474216],[109.991457,18.473184],[109.991237,18.473064],[109.991032,18.47284],[109.990894,18.472631],[109.990828,18.472286],[109.990632,18.468205],[109.990602,18.467938],[109.990537,18.467686],[109.990439,18.467408],[109.988332,18.462833],[109.988094,18.462159],[109.987941,18.461583],[109.986736,18.456442],[109.986429,18.455631],[109.986296,18.45533],[109.986112,18.455054],[109.985791,18.454834],[109.985493,18.454694],[109.985386,18.454655],[109.985188,18.454597],[109.984027,18.454273],[109.983349,18.454045],[109.982443,18.453653],[109.98019,18.452597],[109.979491,18.4522],[109.977964,18.451218],[109.977554,18.45107],[109.975722,18.450768],[109.975025,18.450653],[109.973267,18.450311],[109.972952,18.45025],[109.97264,18.450119],[109.972412,18.449929],[109.972207,18.449654],[109.97117,18.447896],[109.970972,18.447568],[109.970506,18.446901],[109.969437,18.445919],[109.968906,18.445045],[109.96865,18.444327],[109.968272,18.442773],[109.968071,18.440807],[109.967972,18.440457],[109.967818,18.440194],[109.967601,18.43994],[109.965453,18.438431],[109.965104,18.438193],[109.964756,18.437953],[109.964161,18.437536],[109.961687,18.435804],[109.961535,18.435732],[109.961372,18.43568],[109.961187,18.435645],[109.960983,18.435623],[109.95864,18.435492],[109.95812,18.435443],[109.957733,18.435383],[109.956614,18.435136],[109.95613,18.435057],[109.955678,18.435075],[109.95523,18.435181],[109.95468,18.435337],[109.95119,18.436315],[109.950212,18.436574],[109.949884,18.436624],[109.949531,18.436642],[109.947716,18.436654],[109.946721,18.436633],[109.945922,18.436612],[109.945162,18.436575],[109.944348,18.436542],[109.943508,18.436507],[109.942721,18.436477],[109.942495,18.436459],[109.942168,18.436392],[109.941921,18.436315],[109.941624,18.43619],[109.939822,18.435315],[109.938798,18.434777],[109.937182,18.433993],[109.932662,18.431727],[109.932316,18.431596],[109.932121,18.431519],[109.931933,18.431463],[109.930719,18.431244],[109.930069,18.431122],[109.927531,18.430653],[109.925408,18.430248],[109.924236,18.429952],[109.92397,18.429919],[109.923724,18.429925],[109.923424,18.429963],[109.921572,18.430249],[109.920396,18.430487],[109.92019,18.430513],[109.919999,18.430517],[109.919809,18.430485],[109.919592,18.430424],[109.919382,18.430329],[109.918369,18.429774],[109.917827,18.429462],[109.917471,18.429246],[109.917218,18.429093],[109.916501,18.428594],[109.916074,18.42833],[109.915847,18.428213],[109.915579,18.428115],[109.915336,18.428042],[109.91216,18.42726],[109.912058,18.427237],[109.911082,18.427002],[109.909645,18.426653],[109.909402,18.426591],[109.909173,18.426544],[109.908943,18.42651],[109.908662,18.426466],[109.908243,18.426421],[109.907133,18.426296],[109.906919,18.426264],[109.906722,18.426223],[109.906471,18.426144],[109.904078,18.42512],[109.903606,18.424973],[109.902906,18.424852],[109.902454,18.424774],[109.902367,18.42476],[109.900575,18.424444],[109.899245,18.424207],[109.898781,18.424092],[109.898507,18.423985],[109.898217,18.423843],[109.89796,18.423698],[109.896822,18.42293],[109.8966,18.4228],[109.896364,18.422705],[109.896071,18.422629],[109.895728,18.422604],[109.895453,18.422627],[109.895122,18.422702],[109.893824,18.423136],[109.893215,18.423313],[109.892743,18.423436],[109.892375,18.423512],[109.892023,18.423555],[109.891604,18.423565],[109.891204,18.423554],[109.890685,18.423522],[109.888067,18.423282],[109.887936,18.423271],[109.887872,18.420616],[109.887904,18.419924],[109.888375,18.418091],[109.885821,18.417453],[109.883824,18.416889],[109.883327,18.416727],[109.882847,18.416527],[109.88257,18.416409],[109.880437,18.41545],[109.880166,18.415326],[109.879062,18.414703],[109.878966,18.414648],[109.878387,18.414311],[109.878108,18.414137],[109.877853,18.413985],[109.877666,18.413869],[109.8775,18.413767],[109.876323,18.413055],[109.874267,18.411493],[109.874175,18.411415],[109.873477,18.410854],[109.872428,18.409853],[109.871752,18.409104],[109.871546,18.408838],[109.871532,18.40882],[109.871472,18.408744],[109.871448,18.408715],[109.870633,18.407729],[109.869469,18.406299],[109.868221,18.404974],[109.868169,18.40501],[109.867471,18.405499],[109.867172,18.405819],[109.866919,18.406135],[109.866755,18.405932],[109.866409,18.405675],[109.865749,18.405051],[109.865325,18.404606],[109.86517,18.404479],[109.865072,18.404431],[109.864936,18.404385],[109.864408,18.404329],[109.864065,18.404296],[109.863823,18.40415],[109.863584,18.403962],[109.863496,18.403871],[109.863354,18.403759],[109.863206,18.403697],[109.8628,18.4038]]}},{"type":"Feature","properties":{"dayId":5,"legId":"A-D5-walk","mode":"walk","label":"清水湾英迪格 → 酒店海岸 → 英迪格","distanceKm":1.5,"durationMinutes":20,"durationHours":0.3,"routeLegs":[],"source":"Verified endpoints, connected by declared travel mode"},"geometry":{"type":"LineString","coordinates":[[109.8628,18.4038],[109.8686,18.3978],[109.8628,18.4038]]}},{"type":"Feature","properties":{"dayId":6,"legId":"A-D6-drive","mode":"drive","label":"清水湾 → 三亚国际免税城","distanceKm":24.3,"durationMinutes":24,"durationHours":0.4,"routeLegs":[{"index":0,"distanceKm":24.3,"durationMinutes":24}],"source":"OSRM / OpenStreetMap, fetched 2026-08-12"},"geometry":{"type":"LineString","coordinates":[[109.8628,18.4038],[109.86278,18.403588],[109.862729,18.403606],[109.862656,18.403641],[109.862584,18.403639],[109.861921,18.404222],[109.861873,18.404318],[109.861879,18.404448],[109.861929,18.404647],[109.861994,18.404883],[109.862064,18.405199],[109.862106,18.405502],[109.862163,18.405769],[109.862259,18.406128],[109.862289,18.406192],[109.862348,18.406248],[109.862439,18.406276],[109.862579,18.406319],[109.862691,18.406388],[109.862796,18.406469],[109.862858,18.40655],[109.862884,18.406639],[109.862876,18.406759],[109.862777,18.407194],[109.862753,18.407355],[109.862767,18.407493],[109.860981,18.408993],[109.858783,18.410959],[109.858566,18.411094],[109.858346,18.411215],[109.858177,18.411289],[109.858019,18.411358],[109.857393,18.41157],[109.856859,18.411672],[109.856635,18.4117],[109.856466,18.411814],[109.856174,18.412024],[109.855835,18.412462],[109.855498,18.412958],[109.855394,18.413031],[109.855221,18.413057],[109.855195,18.413093],[109.855169,18.413128],[109.854476,18.413976],[109.854201,18.414257],[109.853895,18.414884],[109.853797,18.415145],[109.853749,18.415404],[109.853743,18.415786],[109.853806,18.416431],[109.854158,18.420019],[109.854328,18.420321],[109.854639,18.420594],[109.854787,18.420801],[109.85484,18.420913],[109.854875,18.421022],[109.855154,18.422683],[109.855163,18.422888],[109.855312,18.422892],[109.855322,18.422983],[109.85494,18.42299],[109.854586,18.422985],[109.85406,18.422955],[109.853555,18.422884],[109.852561,18.422721],[109.852316,18.422677],[109.8506,18.422408],[109.848596,18.42214],[109.848269,18.422112],[109.847995,18.4221],[109.847762,18.42212],[109.84758,18.422163],[109.847411,18.422222],[109.847236,18.422306],[109.846998,18.422451],[109.845927,18.423377],[109.845799,18.42342],[109.845656,18.423532],[109.845569,18.423591],[109.845411,18.423672],[109.845207,18.423764],[109.844094,18.424196],[109.842835,18.424784],[109.842532,18.424886],[109.842261,18.42495],[109.842017,18.42498],[109.841888,18.42499],[109.841743,18.424989],[109.840547,18.424881],[109.839925,18.424782],[109.838724,18.424529],[109.837486,18.424268],[109.837135,18.424235],[109.835927,18.424335],[109.835225,18.424387],[109.834547,18.424387],[109.831795,18.424326],[109.830182,18.42429],[109.82921,18.424268],[109.826052,18.424199],[109.825811,18.424194],[109.82539,18.424184],[109.825333,18.424183],[109.82334,18.42413],[109.823059,18.424112],[109.822767,18.424064],[109.822345,18.423942],[109.821888,18.423775],[109.820966,18.423394],[109.820815,18.423326],[109.819084,18.422626],[109.816525,18.421614],[109.814372,18.420709],[109.814197,18.420636],[109.813822,18.420489],[109.812453,18.419912],[109.811276,18.419524],[109.808613,18.418703],[109.8081,18.418591],[109.807503,18.418539],[109.807399,18.418537],[109.807106,18.418526],[109.807056,18.418524],[109.806579,18.418504],[109.806169,18.418481],[109.805365,18.418457],[109.805118,18.418457],[109.804124,18.418456],[109.803219,18.418478],[109.801899,18.418552],[109.798045,18.41884],[109.796643,18.418964],[109.794021,18.419198],[109.791495,18.419423],[109.788402,18.41968],[109.786614,18.419842],[109.786323,18.419868],[109.785891,18.419814],[109.785513,18.41969],[109.782778,18.41858],[109.777931,18.416682],[109.776039,18.415926],[109.774938,18.415487],[109.774463,18.415309],[109.77352,18.414994],[109.772206,18.414536],[109.76857,18.413605],[109.768471,18.413579],[109.765506,18.412815],[109.765214,18.412703],[109.764912,18.412552],[109.764571,18.412381],[109.764122,18.412164],[109.7636,18.411979],[109.763071,18.411853],[109.761448,18.411573],[109.760848,18.41147],[109.760215,18.411345],[109.759922,18.411287],[109.759702,18.411233],[109.759496,18.411137],[109.759348,18.411068],[109.759232,18.410993],[109.759109,18.410908],[109.758306,18.410214],[109.756841,18.408948],[109.756698,18.408849],[109.756537,18.408785],[109.756393,18.408737],[109.75624,18.4087],[109.756076,18.408675],[109.755861,18.408667],[109.755671,18.408673],[109.755161,18.408754],[109.75499,18.408767],[109.754807,18.40877],[109.754625,18.408765],[109.75441,18.408777],[109.752943,18.409012],[109.752555,18.40907],[109.752404,18.409037],[109.752289,18.408989],[109.75218,18.408897],[109.752091,18.408773],[109.751256,18.406499],[109.751026,18.405878],[109.750929,18.405617],[109.750885,18.405364],[109.750802,18.404889],[109.750671,18.404148],[109.750605,18.403766],[109.750436,18.403497],[109.750154,18.403266],[109.749585,18.402785],[109.748914,18.402332],[109.748261,18.401981],[109.747155,18.401432],[109.746062,18.400834],[109.745093,18.400303],[109.744771,18.399971],[109.743985,18.399159],[109.743769,18.398935],[109.743459,18.398615],[109.742507,18.397666],[109.741914,18.39722],[109.741423,18.396625],[109.741285,18.39642],[109.741161,18.396235],[109.741017,18.396013],[109.740728,18.395702],[109.739884,18.394577],[109.739534,18.394195],[109.739096,18.393831],[109.738324,18.393344],[109.737523,18.392918],[109.735557,18.391766],[109.734643,18.391241],[109.734576,18.391205],[109.734063,18.390943],[109.733633,18.390575],[109.733517,18.390384],[109.733398,18.390148],[109.733308,18.389805],[109.733272,18.3894],[109.7332,18.388886],[109.733087,18.388362],[109.732988,18.388083],[109.732812,18.387806],[109.732448,18.387392],[109.731918,18.3869],[109.730187,18.385188],[109.728156,18.383179],[109.726096,18.381197],[109.72505,18.380287],[109.724073,18.379522],[109.72316,18.378841],[109.722479,18.378314],[109.721862,18.377883],[109.72094,18.377326],[109.719838,18.376754],[109.719416,18.376514],[109.718532,18.375884],[109.718601,18.37582],[109.72001,18.374106],[109.720853,18.373421],[109.721112,18.373209],[109.721808,18.372769],[109.722912,18.372138],[109.72493,18.371265],[109.725666,18.370909],[109.726608,18.370364],[109.727933,18.369479],[109.728015,18.369408],[109.728879,18.368726],[109.73023,18.367502],[109.731136,18.366534],[109.73226,18.364971],[109.733088,18.364111],[109.73416,18.363251],[109.735502,18.362341],[109.735912,18.36206],[109.737332,18.361365],[109.737908,18.361118],[109.737991,18.361083],[109.738368,18.360922],[109.738202,18.360554],[109.737907,18.359901],[109.73748,18.358961],[109.736985,18.357692],[109.736949,18.3576],[109.736822,18.357261],[109.736767,18.357114],[109.736727,18.357005],[109.736507,18.356453],[109.736506,18.356449],[109.736473,18.356367],[109.736436,18.356275],[109.736254,18.355816],[109.735848,18.354797],[109.735784,18.354635],[109.735748,18.354544],[109.735737,18.354514],[109.735731,18.354497],[109.735365,18.353499],[109.735129,18.352723],[109.734809,18.35176],[109.73494,18.351722],[109.73526,18.352686],[109.735496,18.35346],[109.735664,18.353918],[109.735877,18.3545],[109.735964,18.354723],[109.736139,18.355166],[109.736183,18.355294],[109.736326,18.355712],[109.736491,18.356137],[109.736787,18.355968],[109.7487,18.3548]]}},{"type":"Feature","properties":{"dayId":6,"legId":"A-D6-drive-return","mode":"drive","label":"三亚国际免税城 → 清水湾","distanceKm":22.6,"durationMinutes":22,"durationHours":0.4,"routeLegs":[{"index":0,"distanceKm":22.6,"durationMinutes":22}],"source":"OSRM / OpenStreetMap, fetched 2026-08-12"},"geometry":{"type":"LineString","coordinates":[[109.7487,18.3548],[109.736787,18.355968],[109.736491,18.356137],[109.736541,18.35626],[109.736567,18.356327],[109.736691,18.356639],[109.736764,18.356787],[109.736844,18.356962],[109.736886,18.357066],[109.736914,18.357134],[109.736939,18.357196],[109.737023,18.357414],[109.737079,18.357561],[109.737104,18.357625],[109.737151,18.357749],[109.737228,18.357949],[109.737432,18.358491],[109.737602,18.358891],[109.737957,18.359664],[109.738081,18.359957],[109.738223,18.360291],[109.738486,18.360873],[109.738661,18.361238],[109.738971,18.361883],[109.73902,18.361985],[109.739229,18.362419],[109.739399,18.362778],[109.740043,18.364137],[109.740258,18.364583],[109.740622,18.365341],[109.740631,18.36536],[109.74092,18.365943],[109.741044,18.366193],[109.741059,18.366223],[109.741517,18.367049],[109.741951,18.367837],[109.741991,18.36791],[109.742368,18.368595],[109.742739,18.36924],[109.742837,18.369411],[109.743182,18.36998],[109.743233,18.370064],[109.743711,18.370923],[109.744136,18.371688],[109.744572,18.372471],[109.744603,18.37253],[109.744668,18.372653],[109.744721,18.372744],[109.744738,18.37277],[109.74482,18.372943],[109.74492,18.373129],[109.745048,18.37336],[109.745445,18.3741],[109.74554,18.374268],[109.745417,18.374316],[109.744887,18.374525],[109.744435,18.374702],[109.743089,18.375253],[109.74258,18.375454],[109.739672,18.376616],[109.738952,18.376949],[109.738641,18.377117],[109.73819,18.377386],[109.737977,18.377539],[109.737856,18.377625],[109.737686,18.377747],[109.737369,18.377995],[109.737105,18.378189],[109.736721,18.378528],[109.736488,18.378775],[109.736351,18.378918],[109.735746,18.379653],[109.735429,18.380101],[109.735112,18.380615],[109.734919,18.380952],[109.734689,18.381467],[109.734529,18.381871],[109.734084,18.38295],[109.733979,18.383204],[109.733937,18.38332],[109.733177,18.385166],[109.732553,18.386577],[109.732303,18.387128],[109.731923,18.38788],[109.731662,18.388361],[109.731567,18.388598],[109.731514,18.388764],[109.731504,18.388848],[109.731505,18.38895],[109.731531,18.389066],[109.731567,18.389158],[109.731619,18.389259],[109.731676,18.389365],[109.731751,18.389481],[109.73181,18.38963],[109.731858,18.389782],[109.731869,18.389928],[109.731855,18.390116],[109.731832,18.390309],[109.731832,18.390453],[109.731855,18.390596],[109.731924,18.390733],[109.731983,18.39081],[109.732115,18.390946],[109.732683,18.391368],[109.733156,18.391692],[109.733439,18.391868],[109.73366,18.391935],[109.733848,18.391936],[109.734033,18.391883],[109.734193,18.391767],[109.734289,18.391657],[109.734353,18.391558],[109.734514,18.391301],[109.734576,18.391205],[109.734637,18.391187],[109.734756,18.391194],[109.73647,18.392169],[109.737838,18.392949],[109.739036,18.393663],[109.739448,18.393987],[109.739788,18.394318],[109.740094,18.394628],[109.740538,18.395244],[109.741017,18.396013],[109.741161,18.396235],[109.741285,18.39642],[109.741423,18.396625],[109.741914,18.39722],[109.742507,18.397666],[109.743459,18.398615],[109.743769,18.398935],[109.743985,18.399159],[109.744771,18.399971],[109.745093,18.400303],[109.746062,18.400834],[109.747155,18.401432],[109.748261,18.401981],[109.748914,18.402332],[109.749585,18.402785],[109.750154,18.403266],[109.750436,18.403497],[109.750605,18.403766],[109.750671,18.404148],[109.750802,18.404889],[109.750885,18.405364],[109.750929,18.405617],[109.751026,18.405878],[109.751256,18.406499],[109.752091,18.408773],[109.75218,18.408897],[109.752289,18.408989],[109.752404,18.409037],[109.752555,18.40907],[109.752943,18.409012],[109.75441,18.408777],[109.754625,18.408765],[109.754807,18.40877],[109.75499,18.408767],[109.755161,18.408754],[109.755671,18.408673],[109.755861,18.408667],[109.756076,18.408675],[109.75624,18.4087],[109.756393,18.408737],[109.756537,18.408785],[109.756698,18.408849],[109.756841,18.408948],[109.758306,18.410214],[109.759109,18.410908],[109.759232,18.410993],[109.759348,18.411068],[109.759496,18.411137],[109.759702,18.411233],[109.759922,18.411287],[109.760215,18.411345],[109.760848,18.41147],[109.761448,18.411573],[109.763071,18.411853],[109.7636,18.411979],[109.764122,18.412164],[109.764571,18.412381],[109.764912,18.412552],[109.765214,18.412703],[109.765506,18.412815],[109.768471,18.413579],[109.76857,18.413605],[109.772206,18.414536],[109.77352,18.414994],[109.774463,18.415309],[109.774938,18.415487],[109.776039,18.415926],[109.777931,18.416682],[109.782778,18.41858],[109.785513,18.41969],[109.785891,18.419814],[109.786323,18.419868],[109.786614,18.419842],[109.788402,18.41968],[109.791495,18.419423],[109.794021,18.419198],[109.796643,18.418964],[109.798045,18.41884],[109.801899,18.418552],[109.803219,18.418478],[109.804124,18.418456],[109.805118,18.418457],[109.805365,18.418457],[109.806169,18.418481],[109.806579,18.418504],[109.807056,18.418524],[109.807106,18.418526],[109.807399,18.418537],[109.807503,18.418539],[109.8081,18.418591],[109.808613,18.418703],[109.811276,18.419524],[109.812453,18.419912],[109.813822,18.420489],[109.814197,18.420636],[109.814372,18.420709],[109.816525,18.421614],[109.819084,18.422626],[109.820815,18.423326],[109.820966,18.423394],[109.821888,18.423775],[109.822345,18.423942],[109.822767,18.424064],[109.823059,18.424112],[109.82334,18.42413],[109.825333,18.424183],[109.82539,18.424184],[109.825811,18.424194],[109.826052,18.424199],[109.82921,18.424268],[109.830182,18.42429],[109.831795,18.424326],[109.834547,18.424387],[109.835225,18.424387],[109.835927,18.424335],[109.837135,18.424235],[109.837486,18.424268],[109.838724,18.424529],[109.839925,18.424782],[109.840547,18.424881],[109.841743,18.424989],[109.841888,18.42499],[109.842017,18.42498],[109.842261,18.42495],[109.842532,18.424886],[109.842835,18.424784],[109.844094,18.424196],[109.845207,18.423764],[109.845411,18.423672],[109.845569,18.423591],[109.845656,18.423532],[109.845799,18.42342],[109.845876,18.423285],[109.846917,18.422402],[109.847192,18.42223],[109.847426,18.42213],[109.847604,18.422071],[109.847801,18.422029],[109.847997,18.422016],[109.848325,18.422022],[109.848603,18.422056],[109.850611,18.422311],[109.852337,18.422582],[109.85259,18.422624],[109.853533,18.422774],[109.85407,18.42286],[109.854594,18.422891],[109.855163,18.422888],[109.855154,18.422683],[109.854875,18.421022],[109.85484,18.420913],[109.854787,18.420801],[109.854639,18.420594],[109.854328,18.420321],[109.854158,18.420019],[109.853806,18.416431],[109.853743,18.415786],[109.853749,18.415404],[109.853797,18.415145],[109.853895,18.414884],[109.854201,18.414257],[109.854476,18.413976],[109.855169,18.413128],[109.855195,18.413093],[109.855221,18.413057],[109.855394,18.413031],[109.855498,18.412958],[109.855835,18.412462],[109.856174,18.412024],[109.856466,18.411814],[109.856635,18.4117],[109.856859,18.411672],[109.857393,18.41157],[109.858019,18.411358],[109.858177,18.411289],[109.858346,18.411215],[109.858566,18.411094],[109.858783,18.410959],[109.860981,18.408993],[109.862767,18.407493],[109.862753,18.407355],[109.862777,18.407194],[109.862876,18.406759],[109.862884,18.406639],[109.862858,18.40655],[109.862796,18.406469],[109.862691,18.406388],[109.862579,18.406319],[109.862439,18.406276],[109.862348,18.406248],[109.862289,18.406192],[109.862259,18.406128],[109.862163,18.405769],[109.862106,18.405502],[109.862064,18.405199],[109.861994,18.404883],[109.861929,18.404647],[109.861879,18.404448],[109.861873,18.404318],[109.861921,18.404222],[109.862584,18.403639],[109.862656,18.403641],[109.862729,18.403606],[109.86278,18.403588],[109.8628,18.4038]]}},{"type":"Feature","properties":{"dayId":7,"legId":"A-D7-drive","mode":"drive","label":"清水湾 → 三亚凤凰机场","distanceKm":59.4,"durationMinutes":45,"durationHours":0.8,"routeLegs":[{"index":0,"distanceKm":59.4,"durationMinutes":45}],"source":"OSRM / OpenStreetMap, fetched 2026-08-12"},"geometry":{"type":"LineString","coordinates":[[109.8628,18.4038],[109.86278,18.403588],[109.862729,18.403606],[109.862656,18.403641],[109.862584,18.403639],[109.861921,18.404222],[109.861873,18.404318],[109.861879,18.404448],[109.861929,18.404647],[109.861994,18.404883],[109.862064,18.405199],[109.862106,18.405502],[109.862163,18.405769],[109.862259,18.406128],[109.862289,18.406192],[109.862348,18.406248],[109.862439,18.406276],[109.862579,18.406319],[109.862691,18.406388],[109.862796,18.406469],[109.862858,18.40655],[109.862884,18.406639],[109.862876,18.406759],[109.862777,18.407194],[109.862753,18.407355],[109.862767,18.407493],[109.860981,18.408993],[109.858783,18.410959],[109.858566,18.411094],[109.858346,18.411215],[109.858177,18.411289],[109.858019,18.411358],[109.857393,18.41157],[109.856859,18.411672],[109.856635,18.4117],[109.856466,18.411814],[109.856174,18.412024],[109.855835,18.412462],[109.855498,18.412958],[109.855394,18.413031],[109.855221,18.413057],[109.855195,18.413093],[109.855169,18.413128],[109.854476,18.413976],[109.854201,18.414257],[109.853895,18.414884],[109.853797,18.415145],[109.853749,18.415404],[109.853743,18.415786],[109.853806,18.416431],[109.854158,18.420019],[109.854328,18.420321],[109.854639,18.420594],[109.854787,18.420801],[109.85484,18.420913],[109.854875,18.421022],[109.855154,18.422683],[109.855163,18.422888],[109.855312,18.422892],[109.855322,18.422983],[109.855331,18.4231],[109.855332,18.423254],[109.855203,18.423966],[109.855082,18.424781],[109.854857,18.426073],[109.854693,18.427008],[109.854417,18.428088],[109.853671,18.430064],[109.853378,18.43083],[109.853103,18.43143],[109.852429,18.432782],[109.851763,18.433857],[109.85168,18.433999],[109.851527,18.434279],[109.851456,18.434431],[109.850994,18.434772],[109.850734,18.434998],[109.850646,18.435111],[109.850526,18.435192],[109.850385,18.435235],[109.850238,18.435234],[109.850098,18.43519],[109.849907,18.43522],[109.849757,18.435255],[109.849615,18.435327],[109.849508,18.43539],[109.849346,18.435568],[109.84919,18.435766],[109.848599,18.436581],[109.848391,18.43683],[109.848297,18.436909],[109.848172,18.436958],[109.848059,18.436976],[109.847966,18.436972],[109.847872,18.436939],[109.84779,18.436869],[109.84773,18.436807],[109.847688,18.436743],[109.847665,18.436663],[109.847652,18.436536],[109.847635,18.436391],[109.847608,18.43621],[109.847578,18.436079],[109.847523,18.435936],[109.847441,18.435806],[109.847279,18.435635],[109.847113,18.435501],[109.846771,18.43521],[109.844076,18.433499],[109.842907,18.432796],[109.841798,18.432193],[109.841547,18.432068],[109.840382,18.431497],[109.839218,18.430998],[109.836283,18.429805],[109.835721,18.42963],[109.835115,18.429456],[109.832059,18.428707],[109.830071,18.428322],[109.828326,18.427927],[109.827759,18.427807],[109.827266,18.427688],[109.826089,18.427376],[109.825629,18.427234],[109.823647,18.426595],[109.821779,18.425903],[109.821093,18.42564],[109.819747,18.425036],[109.816698,18.423586],[109.81378,18.422199],[109.813035,18.421824],[109.81096,18.420803],[109.810784,18.420721],[109.809339,18.420019],[109.807343,18.419052],[109.805085,18.417963],[109.804088,18.417466],[109.804012,18.417426],[109.80208,18.416549],[109.800665,18.416036],[109.798423,18.415444],[109.797404,18.415231],[109.796377,18.41507],[109.791222,18.414499],[109.785731,18.413884],[109.784105,18.413686],[109.782311,18.413388],[109.779545,18.412838],[109.777688,18.412314],[109.777255,18.412191],[109.775564,18.411708],[109.774279,18.41129],[109.773161,18.410843],[109.768484,18.408871],[109.763607,18.406716],[109.759498,18.404884],[109.754852,18.402862],[109.754631,18.402765],[109.753521,18.40227],[109.752351,18.401747],[109.751377,18.401257],[109.750421,18.400752],[109.748379,18.399585],[109.746342,18.398346],[109.744304,18.39697],[109.743059,18.396111],[109.739308,18.393474],[109.737676,18.392381],[109.737487,18.392249],[109.735388,18.39079],[109.733681,18.38958],[109.732506,18.388699],[109.731993,18.388315],[109.731405,18.387873],[109.730265,18.38697],[109.729152,18.386063],[109.728272,18.385284],[109.725438,18.382806],[109.724818,18.382257],[109.724026,18.381556],[109.722627,18.380294],[109.71987,18.37787],[109.717127,18.375428],[109.715502,18.37396],[109.714445,18.372889],[109.713944,18.372344],[109.713466,18.371781],[109.712697,18.370805],[109.712,18.369789],[109.711299,18.368636],[109.71062,18.367454],[109.703371,18.351985],[109.701142,18.347415],[109.698408,18.342941],[109.695862,18.339667],[109.692842,18.336406],[109.689952,18.33375],[109.686932,18.331065],[109.681749,18.326252],[109.679671,18.324442],[109.679399,18.324205],[109.678346,18.323526],[109.677124,18.322884],[109.675871,18.322392],[109.674483,18.321997],[109.673516,18.321797],[109.672416,18.321668],[109.671596,18.32164],[109.67068,18.321639],[109.669821,18.321715],[109.668897,18.321853],[109.667709,18.322129],[109.666556,18.322489],[109.665717,18.32283],[109.664879,18.323256],[109.663133,18.324178],[109.660722,18.325515],[109.654202,18.329199],[109.652578,18.330085],[109.651333,18.33056],[109.650228,18.330917],[109.649037,18.331053],[109.648061,18.331093],[109.646892,18.331042],[109.645411,18.330723],[109.644129,18.330362],[109.635154,18.327789],[109.632819,18.326861],[109.631005,18.325963],[109.63033,18.325611],[109.629759,18.325296],[109.629177,18.32491],[109.628567,18.324534],[109.627722,18.324049],[109.626818,18.323555],[109.626231,18.323276],[109.625544,18.323012],[109.624817,18.3228],[109.624396,18.322709],[109.62391,18.322619],[109.623485,18.32256],[109.623007,18.322519],[109.622608,18.322501],[109.622175,18.322504],[109.621705,18.322489],[109.621199,18.322523],[109.620602,18.322623],[109.620071,18.322747],[109.619758,18.322845],[109.619391,18.322954],[109.61813,18.323406],[109.616892,18.323912],[109.615977,18.324282],[109.61458,18.324816],[109.614104,18.324976],[109.61385,18.325068],[109.613241,18.325273],[109.612337,18.325568],[109.611719,18.325734],[109.610967,18.325898],[109.609586,18.326092],[109.608705,18.32608],[109.608032,18.326059],[109.607251,18.325978],[109.606296,18.325798],[109.604609,18.325382],[109.602615,18.324848],[109.600834,18.324305],[109.598628,18.323584],[109.597741,18.323254],[109.596528,18.322799],[109.595122,18.322253],[109.593726,18.321783],[109.592692,18.321426],[109.591504,18.321103],[109.590808,18.320962],[109.590337,18.320898],[109.589451,18.320774],[109.587481,18.320581],[109.584535,18.320345],[109.580907,18.320111],[109.580212,18.320056],[109.579478,18.319996],[109.578793,18.319945],[109.578096,18.319891],[109.575879,18.319722],[109.5747,18.319628],[109.573514,18.319528],[109.572309,18.319465],[109.571427,18.319447],[109.570299,18.319498],[109.569675,18.319555],[109.568736,18.319687],[109.568021,18.319838],[109.566855,18.320152],[109.565558,18.320513],[109.564414,18.320838],[109.56368,18.321007],[109.56277,18.321184],[109.562003,18.321288],[109.560821,18.321392],[109.560186,18.321395],[109.559175,18.321349],[109.558562,18.321309],[109.557657,18.321227],[109.556872,18.321092],[109.5563,18.320963],[109.555578,18.32077],[109.554732,18.320462],[109.553713,18.320112],[109.552379,18.319565],[109.551203,18.319132],[109.549973,18.318639],[109.548879,18.318179],[109.547207,18.317611],[109.54585,18.317203],[109.544509,18.316941],[109.543519,18.316778],[109.543059,18.316713],[109.542669,18.316651],[109.541364,18.316548],[109.539405,18.316412],[109.537472,18.316284],[109.536183,18.31619],[109.532724,18.31591],[109.532188,18.315864],[109.531645,18.315823],[109.5306,18.31573],[109.530159,18.315691],[109.528906,18.315629],[109.52883,18.315625],[109.528264,18.315612],[109.527917,18.315616],[109.527047,18.315728],[109.526135,18.315843],[109.525826,18.3159],[109.525547,18.316001],[109.525405,18.316117],[109.525295,18.31625],[109.525262,18.31641],[109.525259,18.316577],[109.525302,18.316703],[109.525375,18.316817],[109.525471,18.316911],[109.525624,18.316974],[109.525809,18.317002],[109.526045,18.316943],[109.526197,18.316839],[109.526317,18.316678],[109.52639,18.316478],[109.526485,18.315957],[109.526522,18.315401],[109.526559,18.314429],[109.526569,18.314176],[109.526578,18.313938],[109.52662,18.312816],[109.526819,18.307555],[109.526825,18.307425],[109.526919,18.306096],[109.526968,18.305085],[109.527057,18.303445],[109.52708,18.303015],[109.527068,18.300955],[109.527127,18.300418],[109.52721,18.299953],[109.527239,18.299776],[109.526556,18.299553],[109.52328,18.298483],[109.521901,18.298033],[109.521213,18.297808],[109.52021,18.297481],[109.519057,18.297104],[109.513949,18.295237],[109.513514,18.295076],[109.512167,18.29452],[109.511717,18.294334],[109.505722,18.29186],[109.505643,18.291828],[109.505332,18.291699],[109.505173,18.291626],[109.504757,18.291434],[109.503736,18.290856],[109.50349,18.290705],[109.5034,18.290638],[109.502751,18.290126],[109.502439,18.289857],[109.50005,18.287792],[109.499749,18.287552],[109.499612,18.287442],[109.499444,18.287641],[109.49934,18.287756],[109.499191,18.287918],[109.499131,18.287984],[109.498737,18.288337],[109.49835,18.288641],[109.498097,18.28881],[109.497879,18.288934],[109.497555,18.289043],[109.497219,18.289126],[109.49678,18.289193],[109.496325,18.28922],[109.495482,18.289226],[109.495331,18.289227],[109.494746,18.289236],[109.493272,18.289238],[109.488574,18.289329],[109.487383,18.28935],[109.486036,18.289374],[109.484928,18.289403],[109.484742,18.289408],[109.484657,18.28941],[109.484619,18.289411],[109.48453,18.289413],[109.483179,18.289459],[109.482181,18.289468],[109.478575,18.289519],[109.477769,18.289534],[109.477155,18.289546],[109.476913,18.289565],[109.476696,18.289591],[109.476281,18.289663],[109.475854,18.289757],[109.475268,18.289906],[109.474518,18.290151],[109.473971,18.290373],[109.473751,18.290466],[109.473232,18.290725],[109.472643,18.291074],[109.470527,18.292728],[109.465966,18.295993],[109.465459,18.296326],[109.464786,18.29671],[109.464435,18.296872],[109.464083,18.297035],[109.463718,18.297181],[109.46334,18.297314],[109.462958,18.297413],[109.462573,18.297508],[109.462054,18.297613],[109.461682,18.29767],[109.461317,18.297718],[109.456191,18.298023],[109.455888,18.298061],[109.45557,18.2981],[109.455379,18.298134],[109.455201,18.298163],[109.454796,18.29826],[109.454556,18.298299],[109.454307,18.298368],[109.453867,18.298539],[109.453441,18.29874],[109.452647,18.299177],[109.451679,18.299758],[109.451056,18.300107],[109.450518,18.300346],[109.449517,18.300696],[109.448887,18.300917],[109.448797,18.300949],[109.448759,18.300962],[109.448538,18.30104],[109.448053,18.301178],[109.447526,18.301279],[109.445285,18.301558],[109.44387,18.301734],[109.443666,18.301751],[109.443082,18.3018],[109.441961,18.301895],[109.439225,18.302119],[109.438922,18.302144],[109.438215,18.302217],[109.438046,18.302234],[109.437921,18.302247],[109.437826,18.302257],[109.437327,18.302252],[109.436984,18.302217],[109.43494,18.301804],[109.433362,18.301485],[109.432339,18.301273],[109.431377,18.301073],[109.43114,18.301024],[109.430953,18.30099],[109.429799,18.300782],[109.428122,18.30053],[109.427168,18.300448],[109.426272,18.300391],[109.424467,18.300344],[109.423326,18.300336],[109.422249,18.300336],[109.421843,18.300348],[109.420377,18.300359],[109.419498,18.300383],[109.416968,18.300406],[109.416891,18.300406],[109.414282,18.300459],[109.4125351,18.3051519]]}},{"type":"Feature","properties":{"dayId":7,"legId":"A-D7-flight","mode":"flight","label":"三亚凤凰 → 武汉天河","distanceKm":null,"durationMinutes":null,"durationHours":null,"routeLegs":[],"source":"Verified endpoints, connected by declared travel mode"},"geometry":{"type":"LineString","coordinates":[[109.4125351,18.3051519],[114.2171149,30.7756632]]}}]}
