{"type":"FeatureCollection","features":[{"type":"Feature","properties":{"dayId":1,"mode":"flight-rail","label":"武汉天河—昆明长水—昆明南—普洱站","distanceKm":null,"durationHours":null,"source":"Verified transport endpoints, connected by travel mode"},"geometry":{"type":"LineString","coordinates":[[114.2171149,30.7756632],[102.9397246,25.1087786],[102.8603804,24.8733628],[100.9412056,22.7784879]]}},{"type":"Feature","properties":{"dayId":2,"mode":"drive","label":"戴家巷—天玉庄咖啡园—五一夜市","distanceKm":47.6,"durationHours":1.2,"source":"OSRM / OpenStreetMap, fetched 2026-08-10"},"geometry":{"type":"LineString","coordinates":[[100.97333,22.786278],[100.972791,22.786541],[100.972544,22.78665],[100.972268,22.786721],[100.972188,22.786733],[100.971901,22.786778],[100.971544,22.7868],[100.970627,22.786779],[100.970619,22.786824],[100.970595,22.786869],[100.970559,22.786902],[100.970494,22.786928],[100.970458,22.786928],[100.970426,22.786928],[100.970385,22.786915],[100.970347,22.786891],[100.970313,22.786851],[100.970295,22.786797],[100.970296,22.786781],[100.970299,22.786737],[100.970326,22.786686],[100.970359,22.786655],[100.970418,22.786629],[100.970455,22.786624],[100.970518,22.786633],[100.970555,22.786651],[100.970599,22.786692],[100.970618,22.786726],[100.970627,22.786779],[100.971544,22.7868],[100.971901,22.786778],[100.972268,22.786721],[100.972544,22.78665],[100.972791,22.786541],[100.973848,22.786024],[100.974513,22.785663],[100.976646,22.78448],[100.976789,22.784403],[100.979118,22.783133],[100.979295,22.783052],[100.979529,22.782982],[100.979802,22.782943],[100.980245,22.782881],[100.98135,22.782749],[100.981496,22.782695],[100.981559,22.782633],[100.981616,22.782516],[100.98163,22.782307],[100.981656,22.782143],[100.981816,22.781137],[100.982046,22.779691],[100.982163,22.778938],[100.982216,22.778635],[100.98224,22.778329],[100.982234,22.778012],[100.98219,22.777618],[100.981902,22.776358],[100.981718,22.775554],[100.98148,22.774452],[100.981434,22.774143],[100.981399,22.773692],[100.981396,22.773389],[100.981401,22.77301],[100.981478,22.772089],[100.981454,22.771624],[100.981397,22.771218],[100.981267,22.770713],[100.980962,22.770038],[100.980831,22.76986],[100.980774,22.769782],[100.98071,22.769695],[100.980365,22.769284],[100.98,22.768812],[100.979882,22.768712],[100.979404,22.768399],[100.978812,22.768102],[100.976871,22.767254],[100.976005,22.766877],[100.971729,22.765003],[100.969779,22.764152],[100.966785,22.762843],[100.966719,22.762814],[100.962609,22.761036],[100.9609,22.760261],[100.958347,22.759146],[100.954621,22.757519],[100.954554,22.75749],[100.954825,22.755684],[100.954866,22.755479],[100.954923,22.755279],[100.955011,22.755063],[100.955098,22.754844],[100.955194,22.754672],[100.955246,22.754543],[100.955527,22.754567],[100.955693,22.754452],[100.956604,22.753675],[100.957945,22.7525],[100.958085,22.752342],[100.958435,22.751676],[100.95846,22.751571],[100.958459,22.751466],[100.958408,22.751335],[100.958326,22.751205],[100.958305,22.751176],[100.958154,22.750973],[100.957763,22.750553],[100.957685,22.750414],[100.957625,22.750234],[100.957596,22.750067],[100.957612,22.749879],[100.95765,22.749727],[100.957733,22.749552],[100.958563,22.748317],[100.958958,22.747734],[100.958914,22.747702],[100.958799,22.747629],[100.958684,22.747566],[100.95857,22.747513],[100.958458,22.747469],[100.958322,22.747425],[100.958192,22.747391],[100.958045,22.747362],[100.957932,22.747346],[100.957809,22.747334],[100.957765,22.747332],[100.957624,22.744389],[100.957615,22.744152],[100.957602,22.743711],[100.957577,22.742821],[100.957629,22.742198],[100.957643,22.741614],[100.957661,22.741132],[100.957777,22.740832],[100.958045,22.740436],[100.958719,22.739387],[100.958845,22.739139],[100.958908,22.738943],[100.95894,22.738651],[100.958909,22.737998],[100.958914,22.737818],[100.958935,22.737644],[100.959076,22.737269],[100.959199,22.737016],[100.959411,22.736577],[100.95949,22.736415],[100.959774,22.73564],[100.959817,22.735231],[100.960044,22.734646],[100.960104,22.734425],[100.960188,22.733714],[100.960244,22.732121],[100.960214,22.731874],[100.960169,22.731694],[100.960008,22.731354],[100.959831,22.731006],[100.95971,22.730581],[100.959661,22.730181],[100.959675,22.729462],[100.959617,22.729287],[100.959495,22.729148],[100.959383,22.729074],[100.958778,22.728794],[100.958587,22.72862],[100.958506,22.728443],[100.958484,22.727943],[100.958382,22.727745],[100.958235,22.727614],[100.957848,22.727372],[100.957485,22.727004],[100.957245,22.726837],[100.956365,22.726585],[100.956045,22.726438],[100.955846,22.726282],[100.955641,22.72592],[100.955612,22.725823],[100.955545,22.725618],[100.955423,22.725098],[100.955315,22.724569],[100.955258,22.724214],[100.954973,22.723756],[100.954713,22.723538],[100.954467,22.723482],[100.95426,22.723484],[100.954135,22.723468],[100.95399,22.723416],[100.953926,22.723207],[100.953919,22.722797],[100.95385,22.722358],[100.953837,22.72217],[100.953861,22.72199],[100.953947,22.72183],[100.954027,22.721544],[100.954002,22.721347],[100.953843,22.721179],[100.953662,22.72111],[100.953498,22.721115],[100.953379,22.721172],[100.953191,22.721262],[100.953038,22.721326],[100.952877,22.721366],[100.952696,22.721317],[100.952593,22.721231],[100.952552,22.721104],[100.952542,22.720836],[100.95248,22.720625],[100.952387,22.720438],[100.951893,22.719632],[100.951743,22.719524],[100.951628,22.719401],[100.951545,22.719265],[100.951336,22.719086],[100.951119,22.718956],[100.950965,22.718879],[100.950873,22.718714],[100.95087,22.718584],[100.950955,22.718463],[100.951096,22.718358],[100.951259,22.718255],[100.951358,22.718097],[100.951421,22.717968],[100.951547,22.717717],[100.951672,22.71762],[100.951877,22.717614],[100.952059,22.717743],[100.952267,22.717949],[100.9524,22.718046],[100.952606,22.718046],[100.952766,22.718016],[100.952899,22.717961],[100.953009,22.717862],[100.953096,22.717683],[100.953099,22.717568],[100.953003,22.717428],[100.952835,22.71728],[100.95262,22.717162],[100.952286,22.716947],[100.951645,22.716568],[100.951422,22.716421],[100.951092,22.716226],[100.950919,22.715955],[100.950737,22.715722],[100.950542,22.715519],[100.950479,22.715337],[100.950516,22.715143],[100.950519,22.714877],[100.950415,22.714609],[100.950311,22.71449],[100.950107,22.714319],[100.949909,22.714109],[100.949674,22.713989],[100.949387,22.71392],[100.949125,22.713944],[100.948895,22.713843],[100.948841,22.713698],[100.948893,22.713556],[100.94904,22.713226],[100.949233,22.713029],[100.949619,22.71303],[100.949973,22.713012],[100.950203,22.712955],[100.950433,22.712919],[100.950696,22.71292],[100.950943,22.712904],[100.951127,22.712871],[100.951148,22.712865],[100.951472,22.712755],[100.951591,22.712522],[100.951433,22.712275],[100.951223,22.712056],[100.951216,22.711819],[100.951173,22.71172],[100.951165,22.711699],[100.951126,22.71162],[100.951021,22.711476],[100.950839,22.711259],[100.950684,22.710987],[100.950407,22.710706],[100.950389,22.710694],[100.950174,22.71056],[100.949916,22.710385],[100.949707,22.71033],[100.949631,22.7103],[100.949383,22.710185],[100.949198,22.710002],[100.949138,22.709922],[100.949121,22.709907],[100.948888,22.709835],[100.94872,22.709845],[100.948358,22.709868],[100.948323,22.709871],[100.948095,22.709707],[100.948031,22.709557],[100.947976,22.709496],[100.947913,22.709386],[100.947847,22.70917],[100.947876,22.708867],[100.947855,22.708623],[100.947772,22.708386],[100.947768,22.708113],[100.947681,22.707852],[100.947527,22.707616],[100.947325,22.707373],[100.947161,22.70727],[100.947133,22.707256],[100.946753,22.707105],[100.946591,22.706983],[100.946608,22.706758],[100.946751,22.706472],[100.946831,22.706154],[100.946863,22.705819],[100.94699,22.705726],[100.947205,22.705701],[100.947404,22.705785],[100.94752,22.705914],[100.947493,22.706156],[100.947318,22.706431],[100.947326,22.706695],[100.947461,22.706962],[100.947737,22.707019],[100.948004,22.706996],[100.948174,22.707111],[100.948195,22.707168],[100.948319,22.707477],[100.948588,22.707611],[100.948873,22.707636],[100.948926,22.707672],[100.949079,22.707766],[100.949341,22.707931],[100.949572,22.708149],[100.949904,22.708252],[100.949932,22.708237],[100.949944,22.708227],[100.949979,22.708205],[100.950061,22.708004],[100.949945,22.707771],[100.949732,22.70751],[100.949603,22.707148],[100.949506,22.706853],[100.949417,22.706826],[100.949165,22.706683],[100.949158,22.706603],[100.949228,22.7064],[100.949255,22.706131],[100.949174,22.705858],[100.949145,22.705761],[100.949076,22.705564],[100.949035,22.705472],[100.949041,22.705421],[100.94901,22.705345],[100.94906,22.705009],[100.949023,22.704631],[100.948793,22.704417],[100.948576,22.704204],[100.948366,22.70398],[100.948399,22.70366],[100.948577,22.703479],[100.948826,22.703225],[100.948956,22.702924],[100.948879,22.702813],[100.948567,22.702632],[100.948242,22.702647],[100.948033,22.702854],[100.947803,22.702954],[100.947713,22.702905],[100.94751,22.702742],[100.947401,22.702658],[100.947206,22.702559],[100.946905,22.702484],[100.94661,22.702548],[100.946477,22.702615],[100.946428,22.702644],[100.946081,22.702857],[100.945682,22.702977],[100.945256,22.703125],[100.944803,22.703233],[100.944436,22.703132],[100.943994,22.702866],[100.943663,22.702514],[100.943337,22.702075],[100.943135,22.701861],[100.94283,22.701589],[100.942516,22.70147],[100.942045,22.701295],[100.941694,22.701088],[100.941288,22.700797],[100.940957,22.700564],[100.940732,22.700367],[100.940686,22.700359],[100.940312,22.699873],[100.939988,22.699219],[100.939717,22.699059],[100.939342,22.698976],[100.939025,22.698931],[100.938895,22.698882],[100.938822,22.698728],[100.938826,22.698587],[100.939098,22.698143],[100.939522,22.697529],[100.939763,22.696686],[100.93974,22.69616],[100.939629,22.695703],[100.939476,22.695262],[100.939433,22.695084],[100.939726,22.694574],[100.939838,22.69408],[100.939801,22.693884],[100.9397,22.693009],[100.93944,22.692172],[100.939397,22.691721],[100.939594,22.691268],[100.939698,22.691023],[100.939889,22.69063],[100.939964,22.690549],[100.940033,22.690488],[100.940519,22.690167],[100.941081,22.689796],[100.941233,22.689549],[100.941267,22.689251],[100.941315,22.688772],[100.941382,22.688583],[100.941573,22.688345],[100.941927,22.688191],[100.942319,22.687975],[100.942616,22.687739],[100.94295,22.687344],[100.943021,22.687172],[100.943118,22.686905],[100.943119,22.686682],[100.943195,22.686527],[100.943274,22.686467],[100.943314,22.686437],[100.943487,22.686423],[100.943676,22.686468],[100.944003,22.686655],[100.944223,22.686769],[100.944376,22.686781],[100.944496,22.686694],[100.944582,22.686578],[100.94462,22.686356],[100.944606,22.685986],[100.944516,22.685555],[100.944378,22.685101],[100.944187,22.684788],[100.944123,22.684596],[100.944151,22.684372],[100.944312,22.684016],[100.944683,22.683053],[100.94478,22.682908],[100.944913,22.682836],[100.945709,22.682722],[100.945901,22.682658],[100.946127,22.682545],[100.946304,22.682345],[100.946364,22.682155],[100.946382,22.681953],[100.946425,22.681587],[100.946566,22.681217],[100.946793,22.68086],[100.946945,22.680659],[100.947015,22.680461],[100.94697,22.680225],[100.946802,22.67997],[100.946752,22.679746],[100.946731,22.679406],[100.946852,22.678945],[100.947012,22.678558],[100.947177,22.678288],[100.947469,22.678025],[100.948054,22.677709],[100.948826,22.677368],[100.949656,22.676885],[100.949991,22.676772],[100.950125,22.676662],[100.950181,22.676555],[100.950132,22.676389],[100.950015,22.676224],[100.949941,22.67609],[100.949909,22.675965],[100.950058,22.676069],[100.950259,22.676206],[100.95045,22.676369],[100.95053,22.676441],[100.9506,22.67651],[100.95068,22.676584],[100.95078,22.676653],[100.95089,22.6767],[100.951004,22.676704],[100.95111,22.676691],[100.951225,22.676664],[100.95133,22.676647],[100.95147,22.67661],[100.951584,22.676569],[100.95169,22.676512],[100.9518,22.676453],[100.9519,22.67638],[100.95198,22.676296],[100.95204,22.676208],[100.95208,22.676117],[100.95208,22.676018],[100.952065,22.675913],[100.95204,22.675804],[100.95203,22.675694],[100.95201,22.675585],[100.95204,22.67548],[100.95208,22.67537],[100.95212,22.675276],[100.95218,22.675163],[100.95223,22.675085],[100.95228,22.675009],[100.95233,22.67492],[100.95244,22.674837],[100.95256,22.67485],[100.952675,22.674858],[100.952774,22.674866],[100.95288,22.674854],[100.952995,22.674809],[100.95308,22.674728],[100.95318,22.674658],[100.95328,22.674603],[100.953415,22.67458],[100.95354,22.674616],[100.95364,22.674656],[100.95374,22.674713],[100.95384,22.67478],[100.95396,22.674824],[100.95406,22.674839],[100.95418,22.674852],[100.954285,22.674839],[100.95439,22.674791],[100.95449,22.674725],[100.95459,22.674652],[100.95467,22.674599],[100.95479,22.674566],[100.95489,22.67452],[100.95498,22.674467],[100.95504,22.674397],[100.9551,22.674324],[100.95516,22.674232],[100.95524,22.674149],[100.955345,22.674044],[100.95543,22.673983],[100.95555,22.673944],[100.95567,22.673897],[100.95577,22.673868],[100.95588,22.673838],[100.95599,22.673796],[100.956085,22.673756],[100.9562,22.673704],[100.9563,22.67366],[100.95643,22.673628],[100.956566,22.673655],[100.95668,22.673674],[100.95679,22.673683],[100.956894,22.673685],[100.95699,22.673683],[100.95711,22.673693],[100.95721,22.673695],[100.95731,22.673695],[100.957436,22.67367],[100.957535,22.673677],[100.95764,22.673685],[100.957756,22.673676],[100.95789,22.673683],[100.95801,22.673689],[100.95813,22.673698],[100.95823,22.673725],[100.95838,22.67372],[100.9585,22.673704],[100.9586,22.673681],[100.958694,22.673643],[100.95879,22.673573],[100.9589,22.673544],[100.95903,22.673506],[100.95912,22.673475],[100.95922,22.67346],[100.95936,22.673435],[100.959496,22.673397],[100.9596,22.67339],[100.9597,22.673374],[100.95979,22.673393],[100.9599,22.673416],[100.960014,22.673449],[100.96013,22.67349],[100.960133,22.673587],[100.960255,22.673746],[100.960347,22.673789],[100.960462,22.673762],[100.960463,22.673602],[100.960266,22.673215],[100.960337,22.673067],[100.960511,22.672965],[100.960909,22.672855],[100.961188,22.67256],[100.961885,22.672433],[100.96202,22.672388],[100.962169,22.67234],[100.963532,22.671908],[100.963738,22.67159],[100.963824,22.671447],[100.964004,22.671189],[100.964195,22.670895],[100.9642,22.670824],[100.96423,22.670729],[100.964264,22.67063],[100.96432,22.670547],[100.96437,22.670464],[100.96442,22.670378],[100.96447,22.670254],[100.96449,22.670137],[100.964516,22.670025],[100.96458,22.669912],[100.96466,22.66985],[100.96476,22.669867],[100.96486,22.669884],[100.96498,22.669899],[100.96509,22.669897],[100.96522,22.66988],[100.96533,22.669855],[100.96545,22.669825],[100.96557,22.66979],[100.96569,22.669767],[100.96581,22.669756],[100.965935,22.669748],[100.96604,22.669746],[100.96615,22.669752],[100.96625,22.66977],[100.966354,22.669823],[100.96642,22.669895],[100.96648,22.669983],[100.9665,22.67008],[100.96654,22.67017],[100.96661,22.670242],[100.966705,22.670277],[100.966765,22.670287],[100.96681,22.670294],[100.966934,22.670296],[100.96704,22.67032],[100.96713,22.67036],[100.96725,22.670427],[100.967316,22.670498],[100.96741,22.670538],[100.96752,22.670563],[100.96764,22.670595],[100.967766,22.670631],[100.96787,22.67067],[100.967995,22.670668],[100.96809,22.670616],[100.96817,22.67052],[100.96825,22.67043],[100.968315,22.670353],[100.9684,22.670279],[100.96847,22.670214],[100.968575,22.67016],[100.968666,22.670084],[100.968765,22.670036],[100.968864,22.66999],[100.96896,22.669975],[100.96906,22.669973],[100.9692,22.669977],[100.96931,22.670008],[100.9694,22.670069],[100.9695,22.670122],[100.969604,22.670174],[100.969696,22.670256],[100.96976,22.670357],[100.96981,22.670443],[100.969864,22.670525],[100.96992,22.670618],[100.96998,22.670721],[100.970024,22.670815],[100.970085,22.670898],[100.97016,22.670961],[100.97025,22.671053],[100.97031,22.671131],[100.97033,22.671242],[100.97032,22.671354],[100.9703,22.671461],[100.970314,22.671549],[100.970406,22.671555],[100.97052,22.671524],[100.97062,22.671501],[100.97073,22.671476],[100.97083,22.671457],[100.97094,22.67144],[100.97106,22.671436],[100.97118,22.671425],[100.971275,22.67137],[100.97137,22.671284],[100.97146,22.671183],[100.97153,22.671112],[100.971596,22.671043],[100.97169,22.670979],[100.97177,22.670933],[100.97186,22.670885],[100.97196,22.670834],[100.97208,22.670786],[100.97222,22.670757],[100.97237,22.670746],[100.97249,22.670712],[100.97262,22.67067],[100.97274,22.670624],[100.97284,22.670586],[100.97293,22.670547],[100.97302,22.670506],[100.973114,22.670464],[100.97322,22.67042],[100.97331,22.67038],[100.97344,22.670338],[100.97357,22.670319],[100.973694,22.67033],[100.973816,22.670404],[100.9739,22.670471],[100.974,22.670555],[100.97409,22.670633],[100.974174,22.670706],[100.974304,22.67077],[100.97444,22.67081],[100.974556,22.67083],[100.9747,22.670853],[100.97482,22.670868],[100.97492,22.670876],[100.975044,22.670874],[100.97518,22.670864],[100.97531,22.670858],[100.97544,22.670853],[100.97558,22.670856],[100.97569,22.67089],[100.97581,22.670925],[100.97593,22.67097],[100.976036,22.671005],[100.97613,22.671043],[100.97622,22.671078],[100.97632,22.671122],[100.97644,22.671196],[100.97653,22.67129],[100.97662,22.671381],[100.976685,22.67148],[100.97675,22.671549],[100.976875,22.671608],[100.976974,22.671644],[100.97707,22.671665],[100.97718,22.671667],[100.97729,22.671705],[100.97741,22.671713],[100.977516,22.671726],[100.977615,22.67173],[100.97772,22.671719],[100.97783,22.671692],[100.97793,22.671654],[100.97802,22.671618],[100.978134,22.67158],[100.97825,22.671547],[100.97836,22.671522],[100.97848,22.67147],[100.97857,22.671415],[100.97866,22.671362],[100.978745,22.671314],[100.97884,22.671219],[100.97892,22.671152],[100.97899,22.67109],[100.97907,22.671019],[100.979195,22.671],[100.97929,22.671047],[100.97938,22.671097],[100.97948,22.671125],[100.97959,22.671156],[100.979706,22.671185],[100.97981,22.67121],[100.979935,22.6712],[100.98001,22.671106],[100.9801,22.671013],[100.980156,22.670935],[100.98022,22.670835],[100.98029,22.670748],[100.98024,22.670666],[100.98018,22.67058],[100.9801,22.670483],[100.98012,22.67042],[100.98024,22.670443],[100.980385,22.670462],[100.9805,22.670427],[100.98057,22.670366],[100.98063,22.670261],[100.9807,22.670197],[100.98078,22.67014],[100.98084,22.670017],[100.98094,22.669952],[100.98104,22.669912],[100.981155,22.669926],[100.98128,22.669952],[100.9814,22.66999],[100.98149,22.670065],[100.981575,22.670116],[100.981512,22.670189],[100.981563,22.670296],[100.981603,22.670384],[100.981623,22.670476],[100.98162,22.670599],[100.98166,22.670677],[100.981842,22.670628],[100.981949,22.670522],[100.981956,22.670383],[100.981972,22.670313],[100.981964,22.670244],[100.98204,22.67015],[100.9821,22.67006],[100.98216,22.669964],[100.98221,22.669868],[100.98227,22.669788],[100.98237,22.669767],[100.982475,22.669828],[100.9826,22.669876],[100.98273,22.669909],[100.98284,22.669914],[100.98296,22.669891],[100.98308,22.669888],[100.98317,22.669916],[100.98327,22.66996],[100.98336,22.670048],[100.98336,22.670162],[100.98341,22.67028],[100.9835,22.670372],[100.98354,22.670477],[100.983574,22.670572],[100.98364,22.670568],[100.98368,22.670473],[100.98367,22.670376],[100.98363,22.67027],[100.9836,22.670168],[100.98358,22.670067],[100.98361,22.669977],[100.983635,22.669868],[100.98363,22.669758],[100.983604,22.669668],[100.983734,22.669588],[100.983795,22.66962],[100.983864,22.66967],[100.983955,22.66976],[100.98399,22.669792],[100.98401,22.669685],[100.984024,22.669582],[100.98399,22.669468],[100.983925,22.669382],[100.98385,22.669321],[100.98377,22.669237],[100.98371,22.669119],[100.983252,22.668953],[100.983184,22.668994],[100.983096,22.669049],[100.983003,22.66911],[100.982899,22.669161],[100.982776,22.669194],[100.982647,22.669219],[100.982516,22.669246],[100.98239,22.669251],[100.982269,22.669236],[100.982151,22.669218],[100.982031,22.669195],[100.981913,22.669171],[100.981794,22.669136],[100.981687,22.669103],[100.981553,22.669015],[100.981485,22.668871],[100.981406,22.66876],[100.981261,22.668725],[100.981067,22.668705],[100.980903,22.668679],[100.980764,22.668698],[100.980616,22.668743],[100.98045,22.668752],[100.980295,22.6687],[100.980141,22.668678],[100.97999,22.668732],[100.979845,22.66881],[100.979681,22.668851],[100.979504,22.668824],[100.979327,22.668818],[100.979165,22.66888],[100.979013,22.668991],[100.978949,22.669061],[100.978817,22.669194],[100.978733,22.669246],[100.978645,22.669292],[100.978457,22.66935],[100.97836,22.669366],[100.978176,22.669391],[100.978009,22.66937],[100.977862,22.669264],[100.977797,22.669189],[100.977739,22.669107],[100.977608,22.668982],[100.977533,22.668924],[100.977454,22.668868],[100.977308,22.668765],[100.977164,22.668661],[100.977024,22.668595],[100.976879,22.668542],[100.976707,22.6685],[100.976531,22.668438],[100.976453,22.66838],[100.976381,22.668315],[100.976255,22.668188],[100.976111,22.668102],[100.975943,22.668124],[100.975778,22.668181],[100.975675,22.668145],[100.975664,22.668023],[100.975651,22.667879],[100.975562,22.667736],[100.975481,22.667598],[100.97545,22.667449],[100.975435,22.667331],[100.975372,22.667256],[100.975245,22.66728],[100.975091,22.667339],[100.974905,22.667378],[100.974733,22.667401],[100.974573,22.667451],[100.974441,22.667523],[100.974333,22.667509],[100.97421,22.667438],[100.974063,22.66739],[100.973925,22.667379],[100.973851,22.667457],[100.973834,22.667591],[100.973793,22.667718],[100.973713,22.667853],[100.973649,22.667989],[100.973607,22.668104],[100.973504,22.66814],[100.973508,22.668027],[100.973508,22.667885],[100.973505,22.667761],[100.973458,22.667646],[100.973381,22.667552],[100.973279,22.66747],[100.97318,22.667394],[100.973083,22.6673],[100.972989,22.667209],[100.972898,22.667135],[100.97279,22.667067],[100.972764,22.666947],[100.972747,22.666841],[100.972651,22.666732],[100.972576,22.666622],[100.972567,22.666485],[100.972602,22.666344],[100.972591,22.666207],[100.972486,22.66611],[100.972318,22.666073],[100.972146,22.666093],[100.971995,22.666124],[100.971881,22.66617],[100.971769,22.666147],[100.971673,22.666063],[100.971629,22.665956],[100.971659,22.665834],[100.97171,22.665718],[100.971693,22.665617],[100.971604,22.665509],[100.971459,22.665428],[100.971314,22.66536],[100.971177,22.665277],[100.971047,22.665199],[100.970924,22.66511],[100.970797,22.665022],[100.970671,22.664985],[100.970524,22.665042],[100.970394,22.665135],[100.970263,22.665249],[100.970191,22.665315],[100.97012,22.665381],[100.970034,22.665427],[100.969944,22.665461],[100.96985,22.665485],[100.969696,22.665564],[100.969561,22.665617],[100.96937,22.665629],[100.969261,22.665623],[100.969076,22.665612],[100.968921,22.665605],[100.968775,22.665609],[100.968621,22.665627],[100.968473,22.665656],[100.968326,22.665656],[100.96817,22.665656],[100.968005,22.665666],[100.967815,22.665665],[100.967628,22.665641],[100.967442,22.665609],[100.967281,22.665531],[100.967137,22.665482],[100.966982,22.665474],[100.96681,22.665493],[100.966617,22.665505],[100.966443,22.665509],[100.966337,22.665518],[100.966223,22.665531],[100.966103,22.665545],[100.965983,22.665561],[100.965857,22.665583],[100.965733,22.665608],[100.965603,22.66563],[100.965471,22.665657],[100.965345,22.665701],[100.965223,22.665751],[100.965098,22.665809],[100.964972,22.665837],[100.964836,22.665851],[100.964718,22.665861],[100.964605,22.665864],[100.964497,22.665875],[100.964393,22.665896],[100.964299,22.665926],[100.96416,22.66603],[100.964097,22.6661],[100.964033,22.666172],[100.96397,22.666245],[100.963909,22.666318],[100.963815,22.666457],[100.963752,22.666587],[100.963687,22.666738],[100.963583,22.666872],[100.963477,22.666954],[100.963401,22.667011],[100.963307,22.667105],[100.963224,22.667159],[100.963128,22.667236],[100.963032,22.667311],[100.962916,22.667377],[100.96279,22.667416],[100.962681,22.667445],[100.962561,22.667478],[100.962463,22.667511],[100.962363,22.667549],[100.962261,22.667585],[100.962151,22.667665],[100.962037,22.667755],[100.961914,22.667853],[100.961774,22.667961],[100.961615,22.668044],[100.961426,22.668065],[100.961329,22.668076],[100.96123,22.668103],[100.961132,22.668132],[100.961042,22.668168],[100.96095,22.668202],[100.96085,22.668223],[100.960742,22.668221],[100.960636,22.668222],[100.960531,22.668236],[100.960425,22.668261],[100.960326,22.668298],[100.960233,22.668338],[100.960135,22.668369],[100.960029,22.668393],[100.95992,22.668422],[100.959807,22.668451],[100.959698,22.668484],[100.959586,22.668519],[100.959477,22.668558],[100.959373,22.668611],[100.95927,22.668664],[100.959158,22.668704],[100.959041,22.668721],[100.958925,22.668729],[100.958805,22.668741],[100.95868,22.668759],[100.958552,22.668779],[100.95842,22.668815],[100.958289,22.668852],[100.958154,22.668879],[100.958025,22.668891],[100.957903,22.668891],[100.957791,22.668903],[100.957689,22.668938],[100.957616,22.669003],[100.957561,22.669172],[100.957555,22.669263],[100.957534,22.669421],[100.957406,22.669507],[100.95731,22.669535],[100.957203,22.669547],[100.957095,22.669548],[100.956992,22.669536],[100.956806,22.669529],[100.956702,22.669562],[100.956592,22.66962],[100.956476,22.669687],[100.956354,22.669759],[100.956235,22.669836],[100.956116,22.669912],[100.956,22.669985],[100.955875,22.670047],[100.955731,22.670087],[100.955588,22.670112],[100.955448,22.670136],[100.955315,22.670162],[100.955189,22.670198],[100.955074,22.670255],[100.954992,22.670333],[100.95494,22.670435],[100.954909,22.670544],[100.954883,22.670655],[100.954832,22.670755],[100.954754,22.670832],[100.954651,22.670896],[100.954527,22.670938],[100.954395,22.670964],[100.95427,22.670987],[100.954154,22.671021],[100.954045,22.671066],[100.953952,22.671134],[100.953879,22.671222],[100.953823,22.671326],[100.953773,22.671445],[100.953726,22.671569],[100.95368,22.671693],[100.953645,22.671815],[100.953613,22.671949],[100.95357,22.672082],[100.953509,22.672208],[100.953438,22.672332],[100.953358,22.67245],[100.953283,22.672568],[100.953216,22.672676],[100.953151,22.672769],[100.953062,22.672854],[100.952955,22.672924],[100.952836,22.672989],[100.952716,22.673054],[100.952625,22.673128],[100.95255,22.673192],[100.952447,22.673277],[100.952343,22.67325],[100.952336,22.673124],[100.952386,22.672989],[100.952411,22.672823],[100.9524,22.672728],[100.952393,22.672631],[100.952378,22.67254],[100.952349,22.672392],[100.952279,22.67227],[100.952171,22.672192],[100.952077,22.672116],[100.952002,22.672036],[100.951967,22.672027],[100.952088,22.672181],[100.952165,22.672499],[100.952128,22.672841],[100.951988,22.673185],[100.951831,22.673464],[100.951625,22.673814],[100.95133,22.674106],[100.951053,22.674283],[100.950939,22.674477],[100.950954,22.674648],[100.951015,22.674857],[100.950991,22.675105],[100.950876,22.675283],[100.950732,22.67545],[100.950555,22.67555],[100.95035,22.675623],[100.950121,22.67569],[100.949969,22.675738],[100.949891,22.675817],[100.949909,22.675965],[100.949941,22.67609],[100.950015,22.676224],[100.950132,22.676389],[100.950181,22.676555],[100.950125,22.676662],[100.949991,22.676772],[100.949656,22.676885],[100.948826,22.677368],[100.948054,22.677709],[100.947469,22.678025],[100.947177,22.678288],[100.947012,22.678558],[100.946852,22.678945],[100.946731,22.679406],[100.946752,22.679746],[100.946802,22.67997],[100.94697,22.680225],[100.947015,22.680461],[100.946945,22.680659],[100.946793,22.68086],[100.946566,22.681217],[100.946425,22.681587],[100.946382,22.681953],[100.946364,22.682155],[100.946304,22.682345],[100.946127,22.682545],[100.945901,22.682658],[100.945709,22.682722],[100.944913,22.682836],[100.94478,22.682908],[100.944683,22.683053],[100.944312,22.684016],[100.944151,22.684372],[100.944123,22.684596],[100.944187,22.684788],[100.944378,22.685101],[100.944516,22.685555],[100.944606,22.685986],[100.94462,22.686356],[100.944582,22.686578],[100.944496,22.686694],[100.944376,22.686781],[100.944223,22.686769],[100.944003,22.686655],[100.943676,22.686468],[100.943487,22.686423],[100.943314,22.686437],[100.943274,22.686467],[100.943195,22.686527],[100.943119,22.686682],[100.943118,22.686905],[100.943021,22.687172],[100.94295,22.687344],[100.942616,22.687739],[100.942319,22.687975],[100.941927,22.688191],[100.941573,22.688345],[100.941382,22.688583],[100.941315,22.688772],[100.941267,22.689251],[100.941233,22.689549],[100.941081,22.689796],[100.940519,22.690167],[100.940033,22.690488],[100.939964,22.690549],[100.939889,22.69063],[100.939698,22.691023],[100.939594,22.691268],[100.939397,22.691721],[100.93944,22.692172],[100.9397,22.693009],[100.939801,22.693884],[100.939838,22.69408],[100.939726,22.694574],[100.939433,22.695084],[100.939476,22.695262],[100.939629,22.695703],[100.93974,22.69616],[100.939763,22.696686],[100.939522,22.697529],[100.939098,22.698143],[100.938826,22.698587],[100.938822,22.698728],[100.938895,22.698882],[100.939025,22.698931],[100.939342,22.698976],[100.939717,22.699059],[100.939988,22.699219],[100.940312,22.699873],[100.940686,22.700359],[100.940732,22.700367],[100.940957,22.700564],[100.941288,22.700797],[100.941694,22.701088],[100.942045,22.701295],[100.942516,22.70147],[100.94283,22.701589],[100.943135,22.701861],[100.943337,22.702075],[100.943663,22.702514],[100.943994,22.702866],[100.944436,22.703132],[100.944803,22.703233],[100.945256,22.703125],[100.945682,22.702977],[100.946081,22.702857],[100.946428,22.702644],[100.946477,22.702615],[100.94661,22.702548],[100.946905,22.702484],[100.947206,22.702559],[100.947401,22.702658],[100.94751,22.702742],[100.947713,22.702905],[100.947803,22.702954],[100.948033,22.702854],[100.948242,22.702647],[100.948567,22.702632],[100.948879,22.702813],[100.948956,22.702924],[100.948826,22.703225],[100.948577,22.703479],[100.948399,22.70366],[100.948366,22.70398],[100.948576,22.704204],[100.948793,22.704417],[100.949023,22.704631],[100.94906,22.705009],[100.94901,22.705345],[100.949041,22.705421],[100.949035,22.705472],[100.949076,22.705564],[100.949145,22.705761],[100.949174,22.705858],[100.949255,22.706131],[100.949228,22.7064],[100.949158,22.706603],[100.949165,22.706683],[100.949417,22.706826],[100.949506,22.706853],[100.949603,22.707148],[100.949732,22.70751],[100.949945,22.707771],[100.950061,22.708004],[100.949979,22.708205],[100.949944,22.708227],[100.949932,22.708237],[100.949904,22.708252],[100.949572,22.708149],[100.949341,22.707931],[100.949079,22.707766],[100.948926,22.707672],[100.948873,22.707636],[100.948588,22.707611],[100.948319,22.707477],[100.948195,22.707168],[100.948174,22.707111],[100.948004,22.706996],[100.947737,22.707019],[100.947461,22.706962],[100.947326,22.706695],[100.947318,22.706431],[100.947493,22.706156],[100.94752,22.705914],[100.947404,22.705785],[100.947205,22.705701],[100.94699,22.705726],[100.946863,22.705819],[100.946831,22.706154],[100.946751,22.706472],[100.946608,22.706758],[100.946591,22.706983],[100.946753,22.707105],[100.947133,22.707256],[100.947161,22.70727],[100.947325,22.707373],[100.947527,22.707616],[100.947681,22.707852],[100.947768,22.708113],[100.947772,22.708386],[100.947855,22.708623],[100.947876,22.708867],[100.947847,22.70917],[100.947913,22.709386],[100.947976,22.709496],[100.948031,22.709557],[100.948095,22.709707],[100.948323,22.709871],[100.948358,22.709868],[100.94872,22.709845],[100.948888,22.709835],[100.949121,22.709907],[100.949138,22.709922],[100.949198,22.710002],[100.949383,22.710185],[100.949631,22.7103],[100.949707,22.71033],[100.949916,22.710385],[100.950174,22.71056],[100.950389,22.710694],[100.950407,22.710706],[100.950684,22.710987],[100.950839,22.711259],[100.951021,22.711476],[100.951126,22.71162],[100.951165,22.711699],[100.951173,22.71172],[100.951216,22.711819],[100.951223,22.712056],[100.951433,22.712275],[100.951591,22.712522],[100.951472,22.712755],[100.951148,22.712865],[100.951127,22.712871],[100.950943,22.712904],[100.950696,22.71292],[100.950433,22.712919],[100.950203,22.712955],[100.949973,22.713012],[100.949619,22.71303],[100.949233,22.713029],[100.94904,22.713226],[100.948893,22.713556],[100.948841,22.713698],[100.948895,22.713843],[100.949125,22.713944],[100.949387,22.71392],[100.949674,22.713989],[100.949909,22.714109],[100.950107,22.714319],[100.950311,22.71449],[100.950415,22.714609],[100.950519,22.714877],[100.950516,22.715143],[100.950479,22.715337],[100.950542,22.715519],[100.950737,22.715722],[100.950919,22.715955],[100.951092,22.716226],[100.951422,22.716421],[100.951645,22.716568],[100.952286,22.716947],[100.95262,22.717162],[100.952835,22.71728],[100.953003,22.717428],[100.953099,22.717568],[100.953096,22.717683],[100.953009,22.717862],[100.952899,22.717961],[100.952766,22.718016],[100.952606,22.718046],[100.9524,22.718046],[100.952267,22.717949],[100.952059,22.717743],[100.951877,22.717614],[100.951672,22.71762],[100.951547,22.717717],[100.951421,22.717968],[100.951358,22.718097],[100.951259,22.718255],[100.951096,22.718358],[100.950955,22.718463],[100.95087,22.718584],[100.950873,22.718714],[100.950965,22.718879],[100.951119,22.718956],[100.951336,22.719086],[100.951545,22.719265],[100.951628,22.719401],[100.951743,22.719524],[100.951893,22.719632],[100.952387,22.720438],[100.95248,22.720625],[100.952542,22.720836],[100.952552,22.721104],[100.952593,22.721231],[100.952696,22.721317],[100.952877,22.721366],[100.953038,22.721326],[100.953191,22.721262],[100.953379,22.721172],[100.953498,22.721115],[100.953662,22.72111],[100.953843,22.721179],[100.954002,22.721347],[100.954027,22.721544],[100.953947,22.72183],[100.953861,22.72199],[100.953837,22.72217],[100.95385,22.722358],[100.953919,22.722797],[100.953926,22.723207],[100.95399,22.723416],[100.954135,22.723468],[100.95426,22.723484],[100.954467,22.723482],[100.954713,22.723538],[100.954973,22.723756],[100.955258,22.724214],[100.955315,22.724569],[100.955423,22.725098],[100.955545,22.725618],[100.955612,22.725823],[100.955641,22.72592],[100.955846,22.726282],[100.956045,22.726438],[100.956365,22.726585],[100.957245,22.726837],[100.957485,22.727004],[100.957848,22.727372],[100.958235,22.727614],[100.958382,22.727745],[100.958484,22.727943],[100.958506,22.728443],[100.958587,22.72862],[100.958778,22.728794],[100.959383,22.729074],[100.959495,22.729148],[100.959617,22.729287],[100.959675,22.729462],[100.959661,22.730181],[100.95971,22.730581],[100.959831,22.731006],[100.960008,22.731354],[100.960169,22.731694],[100.960214,22.731874],[100.960244,22.732121],[100.960188,22.733714],[100.960104,22.734425],[100.960044,22.734646],[100.959817,22.735231],[100.959774,22.73564],[100.95949,22.736415],[100.959411,22.736577],[100.959199,22.737016],[100.959076,22.737269],[100.958935,22.737644],[100.958914,22.737818],[100.958909,22.737998],[100.95894,22.738651],[100.958908,22.738943],[100.958845,22.739139],[100.958719,22.739387],[100.958045,22.740436],[100.957777,22.740832],[100.957661,22.741132],[100.957643,22.741614],[100.957629,22.742198],[100.957577,22.742821],[100.957602,22.743711],[100.957615,22.744152],[100.957624,22.744389],[100.957765,22.747332],[100.957809,22.747334],[100.957932,22.747346],[100.958045,22.747362],[100.958192,22.747391],[100.958322,22.747425],[100.958458,22.747469],[100.95857,22.747513],[100.958684,22.747566],[100.958799,22.747629],[100.958914,22.747702],[100.958958,22.747734],[100.958563,22.748317],[100.957733,22.749552],[100.95765,22.749727],[100.957612,22.749879],[100.957596,22.750067],[100.957625,22.750234],[100.957685,22.750414],[100.957763,22.750553],[100.958154,22.750973],[100.958305,22.751176],[100.958326,22.751205],[100.958408,22.751335],[100.958459,22.751466],[100.95846,22.751571],[100.958435,22.751676],[100.958085,22.752342],[100.957945,22.7525],[100.956604,22.753675],[100.955693,22.754452],[100.955527,22.754567],[100.955246,22.754543],[100.955194,22.754672],[100.955166,22.754868],[100.955079,22.755086],[100.954993,22.7553],[100.954937,22.755493],[100.954898,22.755695],[100.954621,22.757519],[100.958347,22.759146],[100.9609,22.760261],[100.962609,22.761036],[100.966719,22.762814],[100.966785,22.762843],[100.969779,22.764152],[100.971729,22.765003],[100.976005,22.766877],[100.976871,22.767254],[100.978812,22.768102],[100.979404,22.768399],[100.979882,22.768712],[100.98,22.768812],[100.979998,22.769085],[100.97995,22.769335],[100.9799,22.7695],[100.979848,22.769677],[100.979809,22.769767],[100.979612,22.770219],[100.979238,22.770972],[100.978979,22.771427],[100.978782,22.771729],[100.978003,22.77274],[100.977227,22.773857],[100.97646,22.775498],[100.975837,22.776888],[100.975539,22.777816],[100.974635,22.78056],[100.974611,22.780873],[100.97463,22.780919],[100.97463,22.780968],[100.974611,22.781015],[100.974551,22.781067],[100.974471,22.781082],[100.974425,22.781072],[100.974385,22.781049],[100.974355,22.781016],[100.974337,22.780977],[100.973842,22.780932],[100.971858,22.78087],[100.971855,22.781301],[100.971879,22.781563],[100.971957,22.781865],[100.972304,22.78273],[100.972437,22.78299],[100.972745,22.78362],[100.972998,22.784389],[100.973164,22.784859],[100.973383,22.785273]]}},{"type":"Feature","properties":{"dayId":3,"mode":"drive","label":"思茅—太阳河犀牛坪—新兴街","distanceKm":85.8,"durationHours":1.7,"source":"OSRM / OpenStreetMap, fetched 2026-08-10"},"geometry":{"type":"LineString","coordinates":[[100.97333,22.786278],[100.973848,22.786024],[100.974513,22.785663],[100.976646,22.78448],[100.976789,22.784403],[100.979118,22.783133],[100.979295,22.783052],[100.979529,22.782982],[100.979802,22.782943],[100.980245,22.782881],[100.98135,22.782749],[100.981496,22.782695],[100.981559,22.782633],[100.981616,22.782516],[100.98163,22.782307],[100.981656,22.782143],[100.981816,22.781137],[100.982046,22.779691],[100.982163,22.778938],[100.982216,22.778635],[100.98224,22.778329],[100.982234,22.778012],[100.98219,22.777618],[100.981902,22.776358],[100.981718,22.775554],[100.98148,22.774452],[100.981434,22.774143],[100.981399,22.773692],[100.981396,22.773389],[100.981401,22.77301],[100.981478,22.772089],[100.981454,22.771624],[100.981397,22.771218],[100.981267,22.770713],[100.980962,22.770038],[100.980831,22.76986],[100.980774,22.769782],[100.98071,22.769695],[100.980365,22.769284],[100.98,22.768812],[100.979882,22.768712],[100.979842,22.768265],[100.979693,22.767627],[100.979607,22.767285],[100.979568,22.76728],[100.979531,22.767269],[100.979496,22.767253],[100.979465,22.767231],[100.97945,22.767217],[100.979411,22.76716],[100.979393,22.767094],[100.9794,22.767027],[100.97943,22.766966],[100.979483,22.766914],[100.9795,22.766904],[100.979518,22.766894],[100.979537,22.766887],[100.979556,22.766881],[100.979576,22.766877],[100.979588,22.766664],[100.979593,22.765396],[100.979633,22.764278],[100.979652,22.764142],[100.979746,22.764142],[100.981187,22.764235],[100.983325,22.764345],[100.985248,22.76447],[100.986866,22.764563],[100.991451,22.764811],[100.99419,22.764977],[100.99486,22.765018],[100.996956,22.765362],[100.997063,22.765392],[100.998893,22.765668],[100.999245,22.765806],[100.999243,22.765594],[100.999688,22.763452],[100.999742,22.763225],[100.999804,22.763019],[100.999895,22.762821],[101.000015,22.762629],[101.000155,22.762448],[101.000345,22.762255],[101.001094,22.761555],[101.001947,22.760756],[101.002456,22.760264],[101.003079,22.759663],[101.003803,22.759012],[101.004559,22.758355],[101.005721,22.757432],[101.00623,22.757046],[101.006539,22.756841],[101.006785,22.75668],[101.007027,22.756561],[101.007292,22.756453],[101.007579,22.756363],[101.007845,22.756297],[101.008143,22.756257],[101.008435,22.756237],[101.008591,22.756232],[101.008848,22.756257],[101.009095,22.756292],[101.009379,22.756361],[101.010299,22.756653],[101.01156,22.757041],[101.011892,22.757135],[101.012174,22.757182],[101.012372,22.757185],[101.012576,22.757157],[101.012721,22.757108],[101.012909,22.757031],[101.01318,22.756866],[101.01381,22.75649],[101.014081,22.756354],[101.014207,22.756304],[101.014379,22.75626],[101.014553,22.756245],[101.014773,22.756252],[101.014918,22.756274],[101.015637,22.756448],[101.016001,22.756519],[101.016573,22.756631],[101.017123,22.756715],[101.018268,22.756925],[101.019142,22.757083],[101.019408,22.757123],[101.019622,22.757133],[101.019813,22.757123],[101.020009,22.757083],[101.020191,22.757009],[101.020719,22.756725],[101.020886,22.756653],[101.021057,22.756584],[101.021334,22.756509],[101.021599,22.756462],[101.021857,22.756448],[101.02246,22.756448],[101.023501,22.756467],[101.024979,22.7565],[101.025338,22.7565],[101.02562,22.75648],[101.025842,22.75644],[101.026105,22.756368],[101.026923,22.756094],[101.027744,22.755812],[101.028031,22.755676],[101.028259,22.755503],[101.028423,22.755337],[101.028543,22.755154],[101.028643,22.754936],[101.028688,22.754741],[101.02871,22.754573],[101.028776,22.754405],[101.028819,22.754133],[101.028922,22.753766],[101.029024,22.753568],[101.029141,22.753377],[101.029258,22.753223],[101.029651,22.752815],[101.031019,22.751746],[101.032467,22.750558],[101.033728,22.749846],[101.03519,22.749147],[101.036414,22.748562],[101.037976,22.747845],[101.040913,22.746498],[101.049054,22.742761],[101.049714,22.742524],[101.050642,22.742385],[101.05407,22.742703],[101.055529,22.742663],[101.062369,22.741656],[101.063319,22.741563],[101.063811,22.741583],[101.064494,22.741811],[101.06476,22.741955],[101.065086,22.741905],[101.065375,22.741807],[101.06555,22.741696],[101.065764,22.741484],[101.066699,22.738629],[101.067055,22.737832],[101.067112,22.73751],[101.067034,22.7372],[101.066563,22.736753],[101.066349,22.736502],[101.06632,22.736331],[101.066327,22.736127],[101.066734,22.735528],[101.067091,22.734995],[101.067541,22.734054],[101.067619,22.733731],[101.067561,22.732676],[101.067567,22.732391],[101.067679,22.732149],[101.068178,22.731664],[101.068323,22.731426],[101.068334,22.731179],[101.068286,22.730961],[101.068039,22.730749],[101.066268,22.729759],[101.066032,22.729576],[101.065936,22.729299],[101.065952,22.728962],[101.066075,22.728562],[101.066226,22.728364],[101.066386,22.728255],[101.066805,22.728097],[101.067062,22.727953],[101.067245,22.727716],[101.067427,22.727097],[101.06757,22.726905],[101.067771,22.726776],[101.068039,22.726706],[101.068728,22.726688],[101.068994,22.726563],[101.069138,22.726404],[101.06968,22.725227],[101.06967,22.724979],[101.069541,22.724757],[101.069337,22.724638],[101.068393,22.724485],[101.068103,22.724351],[101.066491,22.723259],[101.063975,22.722264],[101.063654,22.722091],[101.062562,22.721135],[101.062449,22.720996],[101.06239,22.720793],[101.062395,22.72061],[101.062497,22.720427],[101.063425,22.719517],[101.063736,22.719156],[101.063951,22.718789],[101.064123,22.718037],[101.064825,22.716384],[101.064922,22.715672],[101.065078,22.715365],[101.065931,22.714885],[101.066145,22.714667],[101.06622,22.714469],[101.066209,22.714212],[101.065796,22.713648],[101.065061,22.71156],[101.064756,22.711317],[101.064123,22.711199],[101.063833,22.711065],[101.063661,22.710857],[101.063618,22.71061],[101.06372,22.710105],[101.06364,22.709843],[101.063477,22.709695],[101.063241,22.709587],[101.062597,22.709512],[101.06231,22.709422],[101.062127,22.709318],[101.061977,22.709189],[101.061773,22.708937],[101.061516,22.708323],[101.061306,22.707255],[101.061263,22.706918],[101.061269,22.706626],[101.061371,22.706438],[101.061618,22.70626],[101.062095,22.706121],[101.062497,22.705953],[101.062857,22.705651],[101.063221,22.705132],[101.063841,22.703747],[101.063919,22.703494],[101.063874,22.703297],[101.063382,22.702543],[101.063318,22.702326],[101.063323,22.702108],[101.063415,22.70189],[101.063844,22.701544],[101.064015,22.701336],[101.06408,22.700895],[101.064171,22.700584],[101.064514,22.700158],[101.064608,22.699951],[101.064608,22.699724],[101.064407,22.699272],[101.064321,22.699064],[101.064332,22.698832],[101.064423,22.698619],[101.065464,22.697184],[101.065783,22.696947],[101.066027,22.696849],[101.066848,22.696516],[101.067899,22.695739],[101.068076,22.695536],[101.068135,22.695358],[101.068114,22.694798],[101.068162,22.694516],[101.06849,22.693945],[101.068774,22.693452],[101.068827,22.693036],[101.068715,22.692002],[101.068741,22.69174],[101.06887,22.691453],[101.069069,22.69124],[101.069514,22.691037],[101.069755,22.690854],[101.069948,22.690567],[101.070007,22.690275],[101.069988,22.689573],[101.06997,22.688929],[101.069986,22.688493],[101.070024,22.68826],[101.07012,22.688028],[101.070445,22.687662],[101.07093,22.687117],[101.071912,22.685281],[101.072121,22.685053],[101.072314,22.68491],[101.073398,22.684405],[101.073875,22.683999],[101.07498,22.682717],[101.075249,22.682534],[101.075485,22.68246],[101.076016,22.68243],[101.076268,22.682316],[101.076434,22.682133],[101.076488,22.681915],[101.076439,22.68146],[101.076472,22.681222],[101.076552,22.681054],[101.076694,22.680907],[101.077421,22.680554],[101.079715,22.67964],[101.080393,22.679295],[101.080447,22.679267],[101.081766,22.678233],[101.082002,22.678005],[101.082174,22.677634],[101.082437,22.676565],[101.082485,22.674605],[101.082614,22.674154],[101.084084,22.671858],[101.084245,22.671516],[101.084258,22.67128],[101.084175,22.671026],[101.083526,22.670283],[101.083333,22.669952],[101.083231,22.669482],[101.083247,22.668353],[101.083295,22.668135],[101.083392,22.667888],[101.084148,22.666992],[101.085666,22.665843],[101.085827,22.66564],[101.085902,22.665452],[101.085973,22.664626],[101.085977,22.664571],[101.086567,22.663324],[101.086782,22.662997],[101.089829,22.659799],[101.090135,22.659586],[101.09183,22.658977],[101.092876,22.658299],[101.092989,22.658156],[101.092999,22.658022],[101.092924,22.657888],[101.092772,22.65782],[101.092597,22.657839],[101.091935,22.658355],[101.091717,22.658448],[101.091508,22.658477],[101.090285,22.65819],[101.089958,22.657972],[101.089743,22.65769],[101.089625,22.657319],[101.089668,22.657111],[101.089791,22.656918],[101.090006,22.656769],[101.091653,22.656557],[101.092061,22.656388],[101.092742,22.655829],[101.093589,22.655388],[101.093809,22.65523],[101.095558,22.65324],[101.095843,22.653047],[101.09654,22.652809],[101.096883,22.652621],[101.097436,22.652131],[101.097822,22.651918],[101.098117,22.651824],[101.098321,22.651759],[101.098573,22.651601],[101.098722,22.651404],[101.098747,22.651341],[101.098825,22.651175],[101.098852,22.650868],[101.098675,22.650363],[101.098702,22.650111],[101.09883,22.649888],[101.099142,22.649705],[101.100172,22.649646],[101.100579,22.649497],[101.10173,22.648667],[101.102076,22.648418],[101.102274,22.648215],[101.102387,22.647997],[101.102436,22.647779],[101.102527,22.647269],[101.102516,22.646913],[101.10221,22.646121],[101.102178,22.645853],[101.102215,22.645675],[101.10235,22.645462],[101.104072,22.644086],[101.104608,22.643472],[101.104903,22.643313],[101.106325,22.643091],[101.106598,22.642932],[101.106722,22.642744],[101.106802,22.642264],[101.106936,22.641907],[101.107655,22.640947],[101.107719,22.640655],[101.107623,22.640041],[101.107634,22.639754],[101.107746,22.639506],[101.109779,22.637843],[101.10994,22.637625],[101.109988,22.637402],[101.109924,22.637169],[101.109259,22.636397],[101.109168,22.636164],[101.109178,22.635981],[101.109264,22.635793],[101.109474,22.635619],[101.10971,22.635555],[101.109946,22.635565],[101.110208,22.635723],[101.110997,22.636763],[101.111254,22.636917],[101.112923,22.637164],[101.113213,22.637075],[101.114784,22.635813],[101.114988,22.635535],[101.115283,22.634892],[101.115562,22.634446],[101.116791,22.633144],[101.117214,22.631956],[101.117193,22.631262],[101.117472,22.630643],[101.117499,22.630361],[101.117348,22.629826],[101.11737,22.629614],[101.117654,22.629109],[101.117896,22.628891],[101.118534,22.628549],[101.119215,22.627588],[101.120133,22.62592],[101.12031,22.625697],[101.120519,22.625568],[101.120771,22.625524],[101.12127,22.625642],[101.121538,22.625697],[101.121806,22.625623],[101.122026,22.625449],[101.122107,22.625162],[101.121967,22.623979],[101.122048,22.623706],[101.122209,22.623538],[101.122466,22.623444],[101.123169,22.623454],[101.123577,22.623389],[101.124097,22.623167],[101.124668,22.622732],[101.125025,22.622137],[101.125202,22.621958],[101.125438,22.62183],[101.126607,22.621572],[101.126935,22.621394],[101.127841,22.620423],[101.127938,22.620116],[101.12789,22.619889],[101.127498,22.619304],[101.12745,22.618725],[101.12724,22.618418],[101.126559,22.617784],[101.126165,22.617587],[101.125862,22.617537],[101.1248,22.61767],[101.124567,22.617637],[101.124376,22.617566],[101.124193,22.617413],[101.123373,22.615467],[101.123206,22.615239],[101.122909,22.615082],[101.122163,22.614938],[101.121855,22.614783],[101.12157,22.614541],[101.119022,22.61149],[101.118765,22.611158],[101.118513,22.61048],[101.118486,22.610203],[101.118588,22.60994],[101.119001,22.609356],[101.119548,22.608886],[101.119779,22.608712],[101.119832,22.608524],[101.119789,22.608405],[101.119634,22.608296],[101.119333,22.608271],[101.11833,22.608489],[101.118033,22.60849],[101.117762,22.60839],[101.117568,22.608177],[101.11745,22.607781],[101.117357,22.607658],[101.117188,22.607603],[101.117003,22.607624],[101.116844,22.607736],[101.116611,22.608069],[101.116375,22.608173],[101.116195,22.608143],[101.11605,22.607989],[101.115889,22.607192],[101.115804,22.607048],[101.115659,22.606949],[101.115291,22.60694],[101.115088,22.607015],[101.114988,22.607152],[101.11494,22.607533],[101.114793,22.607792],[101.113961,22.608292],[101.113717,22.608286],[101.11354,22.608123],[101.1131,22.606796],[101.113078,22.606518],[101.113175,22.606038],[101.113143,22.605731],[101.112931,22.605361],[101.112671,22.605241],[101.112478,22.605245],[101.111789,22.60547],[101.111464,22.605424],[101.111077,22.605087],[101.111002,22.604874],[101.111061,22.604552],[101.111002,22.604314],[101.1103,22.603705],[101.110294,22.603527],[101.110375,22.603364],[101.110536,22.603284],[101.111056,22.603279],[101.111287,22.60319],[101.111646,22.602898],[101.111855,22.602824],[101.112032,22.602849],[101.112488,22.603141],[101.11274,22.603111],[101.11362,22.602641],[101.114028,22.601982],[101.114055,22.601744],[101.113856,22.601264],[101.113588,22.600996],[101.112606,22.600407],[101.111866,22.600278],[101.111668,22.60014],[101.110976,22.599238],[101.110756,22.59905],[101.110428,22.598901],[101.109723,22.598853],[101.109361,22.598703],[101.10905,22.598381],[101.108862,22.598277],[101.108672,22.598259],[101.107194,22.598684],[101.107001,22.598688],[101.106856,22.598649],[101.106553,22.598427],[101.106387,22.598363],[101.106207,22.598362],[101.104793,22.599121],[101.104493,22.59919],[101.10408,22.5992],[101.103932,22.599263],[101.103814,22.599451],[101.103846,22.600496],[101.103785,22.600834],[101.103626,22.601125],[101.103272,22.601521],[101.102867,22.60181],[101.101902,22.602003],[101.100713,22.602512],[101.100418,22.602566],[101.100129,22.602522],[101.099914,22.602433],[101.09941,22.601903],[101.099155,22.601755],[101.098814,22.601705],[101.098568,22.601813],[101.098391,22.601962],[101.098015,22.602631],[101.097784,22.602804],[101.096733,22.603156],[101.096325,22.60317],[101.09618,22.603129],[101.096174,22.60363],[101.096147,22.6043],[101.096179,22.604696],[101.096671,22.605154],[101.096928,22.60567],[101.097114,22.606125],[101.097104,22.606183],[101.09709,22.606258],[101.096974,22.606428],[101.09686,22.606605],[101.096905,22.607101],[101.096801,22.607369],[101.096264,22.607801],[101.096023,22.60816],[101.096151,22.608815],[101.096392,22.608965],[101.097323,22.608847],[101.097668,22.608883],[101.097885,22.609074],[101.097535,22.609997],[101.097259,22.61012],[101.097057,22.610229],[101.097116,22.610461],[101.097279,22.610602],[101.097181,22.610839],[101.0972,22.611002],[101.097791,22.611143],[101.09786,22.611119],[101.098038,22.611057],[101.099141,22.610075],[101.099397,22.610061],[101.100092,22.610225],[101.100436,22.610511],[101.102156,22.611634],[101.102697,22.611798],[101.103131,22.612048],[101.103293,22.612312],[101.103308,22.612566],[101.10286,22.613148],[101.102771,22.613453],[101.103027,22.61399],[101.103077,22.614385],[101.103141,22.614576],[101.103323,22.614763],[101.103559,22.614867],[101.103761,22.615054],[101.103845,22.615236],[101.103707,22.615499],[101.103052,22.616118],[101.102559,22.6166],[101.102032,22.616877],[101.101466,22.616963],[101.100244,22.616822],[101.099963,22.61679],[101.099839,22.616687],[101.099732,22.616532],[101.099626,22.616254],[101.099566,22.61614],[101.099432,22.616099],[101.099342,22.616135],[101.099251,22.616243],[101.099151,22.616378],[101.098954,22.616487],[101.098773,22.616566],[101.098525,22.616682],[101.097825,22.616958],[101.097149,22.617024],[101.096593,22.616908],[101.096347,22.616765],[101.096318,22.616572],[101.096198,22.616472],[101.09569,22.616362],[101.0952,22.616214],[101.094892,22.615989],[101.094518,22.616034],[101.094291,22.616259],[101.094048,22.616446],[101.092368,22.616798],[101.092198,22.616956],[101.091946,22.617053],[101.091671,22.617045],[101.091468,22.61709],[101.09124,22.61735],[101.090634,22.618105],[101.089685,22.619153],[101.089487,22.619372],[101.089161,22.619949],[101.089161,22.619949],[101.089487,22.619372],[101.089685,22.619153],[101.090634,22.618105],[101.09124,22.61735],[101.091468,22.61709],[101.091671,22.617045],[101.091946,22.617053],[101.092198,22.616956],[101.092368,22.616798],[101.094048,22.616446],[101.094291,22.616259],[101.094518,22.616034],[101.094892,22.615989],[101.0952,22.616214],[101.09569,22.616362],[101.096198,22.616472],[101.096318,22.616572],[101.096347,22.616765],[101.096593,22.616908],[101.097149,22.617024],[101.097825,22.616958],[101.098525,22.616682],[101.098773,22.616566],[101.098954,22.616487],[101.099151,22.616378],[101.099251,22.616243],[101.099342,22.616135],[101.099432,22.616099],[101.099566,22.61614],[101.099626,22.616254],[101.099732,22.616532],[101.099839,22.616687],[101.099963,22.61679],[101.100244,22.616822],[101.101466,22.616963],[101.102032,22.616877],[101.102559,22.6166],[101.103052,22.616118],[101.103707,22.615499],[101.103845,22.615236],[101.103761,22.615054],[101.103559,22.614867],[101.103323,22.614763],[101.103141,22.614576],[101.103077,22.614385],[101.103027,22.61399],[101.102771,22.613453],[101.10286,22.613148],[101.103308,22.612566],[101.103293,22.612312],[101.103131,22.612048],[101.102697,22.611798],[101.102156,22.611634],[101.100436,22.610511],[101.100092,22.610225],[101.099397,22.610061],[101.099141,22.610075],[101.098038,22.611057],[101.09786,22.611119],[101.097791,22.611143],[101.0972,22.611002],[101.097181,22.610839],[101.097279,22.610602],[101.097116,22.610461],[101.097057,22.610229],[101.097259,22.61012],[101.097535,22.609997],[101.097885,22.609074],[101.097668,22.608883],[101.097323,22.608847],[101.096392,22.608965],[101.096151,22.608815],[101.096023,22.60816],[101.096264,22.607801],[101.096801,22.607369],[101.096905,22.607101],[101.09686,22.606605],[101.096974,22.606428],[101.09709,22.606258],[101.097104,22.606183],[101.097114,22.606125],[101.096928,22.60567],[101.096671,22.605154],[101.096179,22.604696],[101.096147,22.6043],[101.096174,22.60363],[101.09618,22.603129],[101.096325,22.60317],[101.096733,22.603156],[101.097784,22.602804],[101.098015,22.602631],[101.098391,22.601962],[101.098568,22.601813],[101.098814,22.601705],[101.099155,22.601755],[101.09941,22.601903],[101.099914,22.602433],[101.100129,22.602522],[101.100418,22.602566],[101.100713,22.602512],[101.101902,22.602003],[101.102867,22.60181],[101.103272,22.601521],[101.103626,22.601125],[101.103785,22.600834],[101.103846,22.600496],[101.103814,22.599451],[101.103932,22.599263],[101.10408,22.5992],[101.104493,22.59919],[101.104793,22.599121],[101.106207,22.598362],[101.106387,22.598363],[101.106553,22.598427],[101.106856,22.598649],[101.107001,22.598688],[101.107194,22.598684],[101.108672,22.598259],[101.108862,22.598277],[101.10905,22.598381],[101.109361,22.598703],[101.109723,22.598853],[101.110428,22.598901],[101.110756,22.59905],[101.110976,22.599238],[101.111668,22.60014],[101.111866,22.600278],[101.112606,22.600407],[101.113588,22.600996],[101.113856,22.601264],[101.114055,22.601744],[101.114028,22.601982],[101.11362,22.602641],[101.11274,22.603111],[101.112488,22.603141],[101.112032,22.602849],[101.111855,22.602824],[101.111646,22.602898],[101.111287,22.60319],[101.111056,22.603279],[101.110536,22.603284],[101.110375,22.603364],[101.110294,22.603527],[101.1103,22.603705],[101.111002,22.604314],[101.111061,22.604552],[101.111002,22.604874],[101.111077,22.605087],[101.111464,22.605424],[101.111789,22.60547],[101.112478,22.605245],[101.112671,22.605241],[101.112931,22.605361],[101.113143,22.605731],[101.113175,22.606038],[101.113078,22.606518],[101.1131,22.606796],[101.11354,22.608123],[101.113717,22.608286],[101.113961,22.608292],[101.114793,22.607792],[101.11494,22.607533],[101.114988,22.607152],[101.115088,22.607015],[101.115291,22.60694],[101.115659,22.606949],[101.115804,22.607048],[101.115889,22.607192],[101.11605,22.607989],[101.116195,22.608143],[101.116375,22.608173],[101.116611,22.608069],[101.116844,22.607736],[101.117003,22.607624],[101.117188,22.607603],[101.117357,22.607658],[101.11745,22.607781],[101.117568,22.608177],[101.117762,22.60839],[101.118033,22.60849],[101.11833,22.608489],[101.119333,22.608271],[101.119634,22.608296],[101.119789,22.608405],[101.119832,22.608524],[101.119779,22.608712],[101.119548,22.608886],[101.119001,22.609356],[101.118588,22.60994],[101.118486,22.610203],[101.118513,22.61048],[101.118765,22.611158],[101.119022,22.61149],[101.12157,22.614541],[101.121855,22.614783],[101.122163,22.614938],[101.122909,22.615082],[101.123206,22.615239],[101.123373,22.615467],[101.124193,22.617413],[101.124376,22.617566],[101.124567,22.617637],[101.1248,22.61767],[101.125862,22.617537],[101.126165,22.617587],[101.126559,22.617784],[101.12724,22.618418],[101.12745,22.618725],[101.127498,22.619304],[101.12789,22.619889],[101.127938,22.620116],[101.127841,22.620423],[101.126935,22.621394],[101.126607,22.621572],[101.125438,22.62183],[101.125202,22.621958],[101.125025,22.622137],[101.124668,22.622732],[101.124097,22.623167],[101.123577,22.623389],[101.123169,22.623454],[101.122466,22.623444],[101.122209,22.623538],[101.122048,22.623706],[101.121967,22.623979],[101.122107,22.625162],[101.122026,22.625449],[101.121806,22.625623],[101.121538,22.625697],[101.12127,22.625642],[101.120771,22.625524],[101.120519,22.625568],[101.12031,22.625697],[101.120133,22.62592],[101.119215,22.627588],[101.118534,22.628549],[101.117896,22.628891],[101.117654,22.629109],[101.11737,22.629614],[101.117348,22.629826],[101.117499,22.630361],[101.117472,22.630643],[101.117193,22.631262],[101.117214,22.631956],[101.116791,22.633144],[101.115562,22.634446],[101.115283,22.634892],[101.114988,22.635535],[101.114784,22.635813],[101.113213,22.637075],[101.112923,22.637164],[101.111254,22.636917],[101.110997,22.636763],[101.110208,22.635723],[101.109946,22.635565],[101.10971,22.635555],[101.109474,22.635619],[101.109264,22.635793],[101.109178,22.635981],[101.109168,22.636164],[101.109259,22.636397],[101.109924,22.637169],[101.109988,22.637402],[101.10994,22.637625],[101.109779,22.637843],[101.107746,22.639506],[101.107634,22.639754],[101.107623,22.640041],[101.107719,22.640655],[101.107655,22.640947],[101.106936,22.641907],[101.106802,22.642264],[101.106722,22.642744],[101.106598,22.642932],[101.106325,22.643091],[101.104903,22.643313],[101.104608,22.643472],[101.104072,22.644086],[101.10235,22.645462],[101.102215,22.645675],[101.102178,22.645853],[101.10221,22.646121],[101.102516,22.646913],[101.102527,22.647269],[101.102436,22.647779],[101.102387,22.647997],[101.102274,22.648215],[101.102076,22.648418],[101.10173,22.648667],[101.100579,22.649497],[101.100172,22.649646],[101.099142,22.649705],[101.09883,22.649888],[101.098702,22.650111],[101.098675,22.650363],[101.098852,22.650868],[101.098825,22.651175],[101.098747,22.651341],[101.098722,22.651404],[101.098573,22.651601],[101.098321,22.651759],[101.098117,22.651824],[101.097822,22.651918],[101.097436,22.652131],[101.096883,22.652621],[101.09654,22.652809],[101.095843,22.653047],[101.095558,22.65324],[101.093809,22.65523],[101.093589,22.655388],[101.092742,22.655829],[101.092061,22.656388],[101.091653,22.656557],[101.090006,22.656769],[101.089791,22.656918],[101.089668,22.657111],[101.089625,22.657319],[101.089743,22.65769],[101.089958,22.657972],[101.090285,22.65819],[101.091508,22.658477],[101.091717,22.658448],[101.091935,22.658355],[101.092597,22.657839],[101.092772,22.65782],[101.092924,22.657888],[101.092999,22.658022],[101.092989,22.658156],[101.092876,22.658299],[101.09183,22.658977],[101.090135,22.659586],[101.089829,22.659799],[101.086782,22.662997],[101.086567,22.663324],[101.085977,22.664571],[101.085973,22.664626],[101.085902,22.665452],[101.085827,22.66564],[101.085666,22.665843],[101.084148,22.666992],[101.083392,22.667888],[101.083295,22.668135],[101.083247,22.668353],[101.083231,22.669482],[101.083333,22.669952],[101.083526,22.670283],[101.084175,22.671026],[101.084258,22.67128],[101.084245,22.671516],[101.084084,22.671858],[101.082614,22.674154],[101.082485,22.674605],[101.082437,22.676565],[101.082174,22.677634],[101.082002,22.678005],[101.081766,22.678233],[101.080447,22.679267],[101.080393,22.679295],[101.079715,22.67964],[101.077421,22.680554],[101.076694,22.680907],[101.076552,22.681054],[101.076472,22.681222],[101.076439,22.68146],[101.076488,22.681915],[101.076434,22.682133],[101.076268,22.682316],[101.076016,22.68243],[101.075485,22.68246],[101.075249,22.682534],[101.07498,22.682717],[101.073875,22.683999],[101.073398,22.684405],[101.072314,22.68491],[101.072121,22.685053],[101.071912,22.685281],[101.07093,22.687117],[101.070445,22.687662],[101.07012,22.688028],[101.070024,22.68826],[101.069986,22.688493],[101.06997,22.688929],[101.069988,22.689573],[101.070007,22.690275],[101.069948,22.690567],[101.069755,22.690854],[101.069514,22.691037],[101.069069,22.69124],[101.06887,22.691453],[101.068741,22.69174],[101.068715,22.692002],[101.068827,22.693036],[101.068774,22.693452],[101.06849,22.693945],[101.068162,22.694516],[101.068114,22.694798],[101.068135,22.695358],[101.068076,22.695536],[101.067899,22.695739],[101.066848,22.696516],[101.066027,22.696849],[101.065783,22.696947],[101.065464,22.697184],[101.064423,22.698619],[101.064332,22.698832],[101.064321,22.699064],[101.064407,22.699272],[101.064608,22.699724],[101.064608,22.699951],[101.064514,22.700158],[101.064171,22.700584],[101.06408,22.700895],[101.064015,22.701336],[101.063844,22.701544],[101.063415,22.70189],[101.063323,22.702108],[101.063318,22.702326],[101.063382,22.702543],[101.063874,22.703297],[101.063919,22.703494],[101.063841,22.703747],[101.063221,22.705132],[101.062857,22.705651],[101.062497,22.705953],[101.062095,22.706121],[101.061618,22.70626],[101.061371,22.706438],[101.061269,22.706626],[101.061263,22.706918],[101.061306,22.707255],[101.061516,22.708323],[101.061773,22.708937],[101.061977,22.709189],[101.062127,22.709318],[101.06231,22.709422],[101.062597,22.709512],[101.063241,22.709587],[101.063477,22.709695],[101.06364,22.709843],[101.06372,22.710105],[101.063618,22.71061],[101.063661,22.710857],[101.063833,22.711065],[101.064123,22.711199],[101.064756,22.711317],[101.065061,22.71156],[101.065796,22.713648],[101.066209,22.714212],[101.06622,22.714469],[101.066145,22.714667],[101.065931,22.714885],[101.065078,22.715365],[101.064922,22.715672],[101.064825,22.716384],[101.064123,22.718037],[101.063951,22.718789],[101.063736,22.719156],[101.063425,22.719517],[101.062497,22.720427],[101.062395,22.72061],[101.06239,22.720793],[101.062449,22.720996],[101.062562,22.721135],[101.063654,22.722091],[101.063975,22.722264],[101.066491,22.723259],[101.068103,22.724351],[101.068393,22.724485],[101.069337,22.724638],[101.069541,22.724757],[101.06967,22.724979],[101.06968,22.725227],[101.069138,22.726404],[101.068994,22.726563],[101.068728,22.726688],[101.068039,22.726706],[101.067771,22.726776],[101.06757,22.726905],[101.067427,22.727097],[101.067245,22.727716],[101.067062,22.727953],[101.066805,22.728097],[101.066386,22.728255],[101.066226,22.728364],[101.066075,22.728562],[101.065952,22.728962],[101.065936,22.729299],[101.066032,22.729576],[101.066268,22.729759],[101.068039,22.730749],[101.068286,22.730961],[101.068334,22.731179],[101.068323,22.731426],[101.068178,22.731664],[101.067679,22.732149],[101.067567,22.732391],[101.067561,22.732676],[101.067619,22.733731],[101.067541,22.734054],[101.067091,22.734995],[101.066734,22.735528],[101.066327,22.736127],[101.06632,22.736331],[101.066349,22.736502],[101.066563,22.736753],[101.067034,22.7372],[101.067112,22.73751],[101.067055,22.737832],[101.066699,22.738629],[101.065764,22.741484],[101.06555,22.741696],[101.065375,22.741807],[101.065086,22.741905],[101.06476,22.741955],[101.064494,22.741811],[101.063811,22.741583],[101.063319,22.741563],[101.062369,22.741656],[101.055529,22.742663],[101.05407,22.742703],[101.050642,22.742385],[101.049714,22.742524],[101.049054,22.742761],[101.040913,22.746498],[101.037976,22.747845],[101.036414,22.748562],[101.03519,22.749147],[101.033728,22.749846],[101.032467,22.750558],[101.031019,22.751746],[101.029651,22.752815],[101.029258,22.753223],[101.029141,22.753377],[101.029024,22.753568],[101.028922,22.753766],[101.028819,22.754133],[101.028776,22.754405],[101.028801,22.75457],[101.028777,22.754764],[101.028733,22.75496],[101.02866,22.755147],[101.028585,22.755278],[101.028486,22.755406],[101.028342,22.755565],[101.028203,22.755666],[101.028004,22.75578],[101.027814,22.755881],[101.026915,22.756187],[101.026067,22.756472],[101.025821,22.756534],[101.025606,22.756566],[101.025311,22.756594],[101.024987,22.756596],[101.023254,22.756549],[101.021875,22.756528],[101.021609,22.756537],[101.02139,22.756574],[101.020993,22.756702],[101.020789,22.756781],[101.020577,22.756898],[101.020207,22.757098],[101.020011,22.757177],[101.019846,22.757213],[101.019708,22.757225],[101.019413,22.757217],[101.019117,22.757176],[101.01851,22.757063],[101.016867,22.756784],[101.015926,22.756613],[101.015572,22.756532],[101.014813,22.756359],[101.01458,22.756349],[101.014378,22.756373],[101.014202,22.75641],[101.013987,22.756502],[101.01374,22.756643],[101.01301,22.757083],[101.012745,22.757202],[101.012485,22.757261],[101.012206,22.757274],[101.011945,22.757232],[101.011616,22.757145],[101.010047,22.756662],[101.00943,22.756465],[101.009199,22.756398],[101.008928,22.756351],[101.008595,22.756324],[101.008236,22.756326],[101.007944,22.756363],[101.007651,22.756425],[101.007333,22.756522],[101.007002,22.756668],[101.00674,22.756806],[101.006519,22.75695],[101.00594,22.757365],[101.004784,22.758283],[101.003832,22.759104],[101.002523,22.760326],[101.002403,22.760444],[101.002014,22.760825],[101.001163,22.761597],[101.000569,22.762145],[101.000388,22.762311],[101.000201,22.762497],[101.000058,22.762678],[100.999918,22.762923],[100.99982,22.763155],[100.999752,22.763457],[100.999323,22.765606],[100.999245,22.765806],[100.998858,22.765831],[100.99751,22.76562],[100.997167,22.765631],[100.997115,22.765717],[100.997028,22.765772],[100.996924,22.765786],[100.996895,22.765781],[100.996855,22.76577],[100.996768,22.76571],[100.996725,22.765638],[100.996715,22.765569],[100.996416,22.765431],[100.99486,22.765161],[100.991442,22.764976],[100.986838,22.764738],[100.983536,22.76452],[100.982209,22.764437],[100.979761,22.764284],[100.979715,22.766893],[100.979755,22.766918],[100.9798,22.766963],[100.979831,22.767025],[100.979838,22.767093],[100.979828,22.767135],[100.979821,22.767159],[100.979781,22.767217],[100.979832,22.767512],[100.979844,22.767586],[100.979978,22.768238],[100.98,22.768812],[100.979998,22.769085],[100.97995,22.769335],[100.9799,22.7695],[100.979848,22.769677],[100.979809,22.769767],[100.979612,22.770219],[100.979238,22.770972],[100.978979,22.771427],[100.978782,22.771729],[100.978003,22.77274],[100.977227,22.773857],[100.97646,22.775498],[100.975837,22.776888],[100.975539,22.777816],[100.974635,22.78056],[100.974611,22.780873],[100.97463,22.780919],[100.97463,22.780968],[100.974611,22.781015],[100.975144,22.781793],[100.976789,22.784403],[100.976646,22.78448],[100.975005,22.781875],[100.974829,22.781585]]}},{"type":"Feature","properties":{"dayId":4,"mode":"drive","label":"思茅—澜沧县城—惠民镇—芒洪","distanceKm":292.8,"durationHours":4.5,"source":"OSRM / OpenStreetMap, fetched 2026-08-10"},"geometry":{"type":"LineString","coordinates":[[100.94172,22.778441],[100.941386,22.775323],[100.941366,22.775144],[100.941348,22.774975],[100.941309,22.774656],[100.941325,22.774502],[100.941449,22.774258],[100.941625,22.77403],[100.942029,22.773661],[100.942789,22.772968],[100.94329,22.772508],[100.943345,22.77246],[100.943444,22.772375],[100.943597,22.772242],[100.943268,22.771908],[100.942882,22.771631],[100.942415,22.77126],[100.942018,22.771146],[100.941648,22.771018],[100.941485,22.770845],[100.940968,22.770442],[100.940615,22.770211],[100.940318,22.770152],[100.940003,22.770187],[100.939554,22.770248],[100.938913,22.770313],[100.938743,22.770294],[100.938602,22.770223],[100.938201,22.769851],[100.937471,22.769416],[100.935988,22.769049],[100.935604,22.769149],[100.935366,22.769345],[100.935151,22.769939],[100.934853,22.770108],[100.934295,22.770217],[100.933982,22.770453],[100.933274,22.771304],[100.933137,22.771661],[100.933158,22.772225],[100.932866,22.772838],[100.93259,22.773106],[100.932308,22.773095],[100.932064,22.772868],[100.931997,22.772511],[100.932115,22.771957],[100.932104,22.77174],[100.931965,22.771502],[100.931635,22.771384],[100.930937,22.771295],[100.930326,22.771394],[100.929272,22.771848],[100.928534,22.77183],[100.928116,22.771968],[100.927877,22.772175],[100.927941,22.772669],[100.92788,22.772987],[100.927611,22.773155],[100.927222,22.77354],[100.926493,22.77357],[100.925774,22.77349],[100.925195,22.772986],[100.924787,22.772907],[100.924583,22.773026],[100.924637,22.773243],[100.925391,22.774372],[100.925423,22.774748],[100.925326,22.774975],[100.924819,22.775419],[100.924744,22.775766],[100.924723,22.776508],[100.924401,22.776725],[100.923435,22.776547],[100.922623,22.776835],[100.922558,22.777152],[100.922749,22.777348],[100.923532,22.777645],[100.924208,22.777734],[100.924304,22.778021],[100.924221,22.778932],[100.924637,22.779376],[100.925163,22.779703],[100.925731,22.779673],[100.926407,22.779663],[100.927083,22.779782],[100.927287,22.780158],[100.927319,22.780692],[100.927043,22.780831],[100.926847,22.780771],[100.926686,22.780544],[100.926471,22.780168],[100.926206,22.780129],[100.925871,22.780168],[100.92527,22.780613],[100.92498,22.780544],[100.924519,22.780554],[100.924283,22.780702],[100.924154,22.781117],[100.923542,22.781266],[100.922901,22.781366],[100.922523,22.781642],[100.922,22.781682],[100.921453,22.781524],[100.920509,22.781821],[100.920335,22.782136],[100.920442,22.782344],[100.92071,22.782443],[100.921247,22.782443],[100.92141,22.782533],[100.921475,22.782691],[100.921397,22.782868],[100.919948,22.783195],[100.919605,22.783432],[100.919187,22.783838],[100.918674,22.783947],[100.918472,22.783864],[100.918073,22.7837],[100.917609,22.783749],[100.916032,22.784352],[100.915743,22.784688],[100.915303,22.785638],[100.915137,22.785838],[100.91464,22.78644],[100.913964,22.786727],[100.913286,22.786775],[100.912052,22.786805],[100.911411,22.787053],[100.910413,22.787469],[100.909756,22.787636],[100.909426,22.787558],[100.906707,22.786389],[100.904641,22.7855],[100.90345,22.787657],[100.901208,22.786747],[100.900797,22.786736],[100.900189,22.786945],[100.899821,22.786973],[100.899367,22.786811],[100.898595,22.786933],[100.897561,22.787082],[100.896267,22.787722],[100.895559,22.787877],[100.892232,22.789316],[100.89041,22.790835],[100.890007,22.790981],[100.889624,22.790992],[100.889356,22.790934],[100.888578,22.790552],[100.888105,22.790487],[100.88701,22.790625],[100.886409,22.790511],[100.886021,22.790273],[100.88582,22.790044],[100.885616,22.789642],[100.885425,22.787258],[100.885165,22.786339],[100.884773,22.785629],[100.88411,22.784894],[100.883581,22.784524],[100.882691,22.784161],[100.881118,22.783806],[100.880716,22.78363],[100.879973,22.783123],[100.879558,22.78257],[100.879255,22.78135],[100.878435,22.77669],[100.878107,22.77595],[100.877608,22.77528],[100.877104,22.774807],[100.876172,22.774332],[100.872884,22.773405],[100.872119,22.772968],[100.871637,22.772406],[100.871435,22.771842],[100.871402,22.771049],[100.87142,22.77088],[100.871487,22.770268],[100.871434,22.769748],[100.871243,22.769259],[100.871035,22.768968],[100.870195,22.768296],[100.869301,22.767882],[100.867396,22.767054],[100.863829,22.764817],[100.862347,22.763887],[100.861215,22.763247],[100.860475,22.762859],[100.859663,22.762546],[100.859094,22.762439],[100.858539,22.762455],[100.858064,22.762541],[100.85608,22.76321],[100.855703,22.763286],[100.855283,22.76324],[100.854967,22.763137],[100.854669,22.762996],[100.854426,22.762765],[100.85382,22.762029],[100.85342,22.761797],[100.853064,22.761713],[100.852195,22.761658],[100.851709,22.761601],[100.851195,22.761391],[100.850855,22.76117],[100.849992,22.760379],[100.848631,22.759513],[100.848074,22.759261],[100.847528,22.759151],[100.846069,22.759065],[100.845473,22.759002],[100.845023,22.758922],[100.844765,22.758783],[100.844544,22.758623],[100.843603,22.757571],[100.843411,22.757468],[100.843165,22.757426],[100.842917,22.757469],[100.842534,22.757622],[100.842214,22.757742],[100.841938,22.757747],[100.841097,22.757794],[100.840807,22.757932],[100.840354,22.758243],[100.840101,22.758303],[100.839296,22.758244],[100.838705,22.758345],[100.837397,22.758802],[100.837087,22.758845],[100.836936,22.758834],[100.836615,22.758705],[100.836408,22.758424],[100.836316,22.758003],[100.836288,22.757528],[100.836155,22.757245],[100.835763,22.75688],[100.835407,22.756649],[100.835262,22.756419],[100.835037,22.755739],[100.834832,22.755561],[100.834654,22.755491],[100.834456,22.755488],[100.833982,22.755639],[100.833693,22.75577],[100.833542,22.755935],[100.831634,22.757292],[100.831073,22.757465],[100.830456,22.757425],[100.829836,22.757193],[100.828035,22.756141],[100.827622,22.75608],[100.826479,22.756399],[100.826043,22.756406],[100.824043,22.755918],[100.823121,22.755816],[100.821895,22.755248],[100.821283,22.754858],[100.821036,22.754805],[100.818935,22.754857],[100.818229,22.754701],[100.817996,22.754547],[100.817733,22.754211],[100.817452,22.753642],[100.816921,22.753153],[100.816668,22.75298],[100.815473,22.751751],[100.815343,22.751516],[100.815329,22.75135],[100.815138,22.751013],[100.814652,22.750818],[100.813593,22.750756],[100.813178,22.750569],[100.81306,22.750482],[100.812986,22.750378],[100.812924,22.750026],[100.812951,22.74977],[100.81306,22.749538],[100.813694,22.748869],[100.813739,22.748633],[100.813654,22.748386],[100.813589,22.748291],[100.813368,22.748144],[100.813113,22.748064],[100.812659,22.748055],[100.812485,22.748093],[100.812175,22.748053],[100.812029,22.747996],[100.811698,22.747729],[100.811384,22.74676],[100.811239,22.746572],[100.811033,22.746462],[100.81062,22.74647],[100.810194,22.746564],[100.810059,22.746545],[100.809686,22.746339],[100.809526,22.746131],[100.80951,22.745607],[100.809536,22.74546],[100.809676,22.745246],[100.810299,22.744735],[100.810385,22.744446],[100.810345,22.744231],[100.809927,22.743659],[100.809055,22.742783],[100.808916,22.742498],[100.808893,22.74199],[100.809127,22.741637],[100.809445,22.741361],[100.809648,22.74107],[100.809701,22.7408],[100.809668,22.7405],[100.809552,22.740241],[100.809318,22.74004],[100.809039,22.73992],[100.808723,22.739922],[100.808419,22.74002],[100.808293,22.740094],[100.807875,22.740504],[100.807641,22.740662],[100.807245,22.740752],[100.807106,22.74074],[100.806752,22.740544],[100.80636,22.740182],[100.806124,22.740095],[100.805985,22.740097],[100.805733,22.740193],[100.805537,22.740402],[100.805324,22.74086],[100.805239,22.74096],[100.804847,22.74117],[100.804555,22.741212],[100.804266,22.741147],[100.802832,22.740156],[100.802619,22.7398],[100.802553,22.739529],[100.802634,22.738958],[100.802567,22.738532],[100.801314,22.736774],[100.801241,22.736521],[100.801267,22.736288],[100.801399,22.736082],[100.802883,22.735349],[100.80302,22.735163],[100.803068,22.734939],[100.802987,22.734735],[100.801363,22.733337],[100.801144,22.733043],[100.801102,22.732932],[100.801109,22.732694],[100.80147,22.731849],[100.801542,22.731567],[100.801525,22.730735],[100.801681,22.729931],[100.801617,22.729689],[100.801456,22.729488],[100.801082,22.729325],[100.800533,22.729277],[100.800303,22.729167],[100.800207,22.729083],[100.80009,22.728856],[100.799971,22.728225],[100.799989,22.727968],[100.800166,22.727619],[100.800981,22.726806],[100.801104,22.726539],[100.801136,22.726252],[100.801095,22.725705],[100.80128,22.725304],[100.801896,22.724417],[100.801994,22.724148],[100.80198,22.723866],[100.801777,22.723365],[100.801779,22.722973],[100.802381,22.721178],[100.802416,22.72075],[100.802325,22.720343],[100.802139,22.720113],[100.801489,22.719693],[100.801291,22.719458],[100.801055,22.718918],[100.800779,22.71857],[100.800509,22.718401],[100.800227,22.718285],[100.79991,22.718015],[100.799764,22.717768],[100.799724,22.717491],[100.799828,22.716916],[100.80075,22.714369],[100.801314,22.713402],[100.801466,22.71293],[100.8015,22.712339],[100.801795,22.711851],[100.802165,22.711291],[100.802314,22.710702],[100.802426,22.710497],[100.803079,22.710024],[100.803256,22.709785],[100.80388,22.70801],[100.804033,22.707754],[100.804378,22.707438],[100.805057,22.707011],[100.805278,22.706791],[100.805454,22.706373],[100.805486,22.705921],[100.805311,22.705312],[100.804972,22.704594],[100.804531,22.704077],[100.802896,22.703107],[100.802513,22.70288],[100.802045,22.702726],[100.801065,22.702672],[100.800601,22.702531],[100.799927,22.702069],[100.798089,22.700487],[100.797826,22.70035],[100.797526,22.700285],[100.796669,22.70024],[100.79643,22.700136],[100.794602,22.698194],[100.7945,22.697978],[100.794474,22.697575],[100.794532,22.69732],[100.794682,22.697062],[100.795512,22.696356],[100.795699,22.696112],[100.795807,22.69582],[100.795812,22.694313],[100.795696,22.693892],[100.795435,22.693548],[100.794302,22.692427],[100.794177,22.692152],[100.794245,22.691834],[100.794741,22.691186],[100.794797,22.690952],[100.794788,22.690218],[100.79487,22.689968],[100.795583,22.689155],[100.79566,22.688978],[100.795625,22.688779],[100.795385,22.688523],[100.795131,22.688453],[100.794732,22.688489],[100.794471,22.688551],[100.794339,22.688551],[100.794041,22.688476],[100.793739,22.688228],[100.793637,22.687858],[100.793743,22.685818],[100.793634,22.68506],[100.793663,22.684767],[100.794245,22.683653],[100.79437,22.683166],[100.794321,22.679503],[100.794239,22.678737],[100.794076,22.678321],[100.793253,22.67718],[100.793116,22.676754],[100.792991,22.676176],[100.793001,22.675894],[100.793196,22.675357],[100.793841,22.674419],[100.793985,22.673719],[100.79381,22.672415],[100.793821,22.671987],[100.793994,22.670493],[100.794517,22.669549],[100.7947,22.668323],[100.795251,22.667242],[100.795661,22.665763],[100.796443,22.664183],[100.796763,22.663458],[100.796863,22.662259],[100.79677,22.661902],[100.796546,22.661596],[100.796173,22.661236],[100.796045,22.661002],[100.796003,22.660758],[100.796139,22.660267],[100.796286,22.660056],[100.796626,22.659831],[100.797004,22.65962],[100.79717,22.659397],[100.797216,22.659264],[100.7972,22.659004],[100.796979,22.658373],[100.796994,22.657954],[100.797158,22.657131],[100.797163,22.656984],[100.7969,22.656452],[100.796211,22.655755],[100.795964,22.655505],[100.795753,22.655137],[100.795599,22.654073],[100.794983,22.653107],[100.794089,22.651869],[100.793844,22.651657],[100.79252,22.651086],[100.792187,22.651042],[100.791861,22.651086],[100.79171,22.651141],[100.791481,22.651331],[100.790615,22.652915],[100.790296,22.653296],[100.7899,22.653594],[100.789097,22.653826],[100.788738,22.653864],[100.787158,22.653991],[100.786632,22.65414],[100.785782,22.654475],[100.783173,22.654868],[100.782878,22.654838],[100.7825,22.654669],[100.782136,22.654203],[100.781557,22.652681],[100.781365,22.652476],[100.781116,22.65234],[100.780674,22.652276],[100.779156,22.65237],[100.7789,22.652292],[100.777871,22.65133],[100.777599,22.651209],[100.777295,22.651184],[100.776686,22.651506],[100.776418,22.651555],[100.776157,22.651504],[100.775029,22.650818],[100.774803,22.650623],[100.774324,22.649882],[100.774033,22.649619],[100.773614,22.649443],[100.773149,22.649442],[100.77263,22.649657],[100.772293,22.649968],[100.771856,22.650559],[100.771525,22.650759],[100.770861,22.65095],[100.770656,22.651102],[100.770365,22.651519],[100.770161,22.651671],[100.769922,22.65175],[100.769136,22.651742],[100.768888,22.651841],[100.768687,22.651998],[100.767971,22.653505],[100.767794,22.653741],[100.766735,22.654491],[100.766535,22.654711],[100.765799,22.656442],[100.765626,22.656651],[100.765398,22.656773],[100.764726,22.656984],[100.7645,22.657129],[100.764286,22.657455],[100.764135,22.657842],[100.76399,22.658095],[100.763331,22.658639],[100.762837,22.659458],[100.762722,22.659531],[100.762033,22.659757],[100.761825,22.659932],[100.761413,22.660446],[100.761298,22.66052],[100.761027,22.660571],[100.760743,22.660526],[100.759422,22.659611],[100.759031,22.65951],[100.758335,22.659454],[100.757975,22.659292],[100.757636,22.658907],[100.757277,22.658338],[100.756866,22.658008],[100.756536,22.657822],[100.756274,22.657535],[100.755939,22.657133],[100.7557,22.656984],[100.75486,22.656745],[100.754616,22.656579],[100.754304,22.656261],[100.753885,22.656028],[100.753573,22.655974],[100.753238,22.656013],[100.752929,22.656143],[100.75193,22.657171],[100.751362,22.65788],[100.750417,22.658553],[100.74898,22.659263],[100.748219,22.659333],[100.747932,22.659266],[100.747767,22.659172],[100.747631,22.659135],[100.747257,22.658858],[100.747015,22.65849],[100.746887,22.658074],[100.746895,22.657675],[100.747017,22.657307],[100.74732,22.6569],[100.748389,22.65607],[100.748522,22.655886],[100.748571,22.655559],[100.748508,22.65534],[100.748396,22.655144],[100.748131,22.654951],[100.747787,22.654876],[100.745981,22.655325],[100.745665,22.655277],[100.744874,22.655045],[100.744404,22.65506],[100.74202,22.654335],[100.740746,22.653672],[100.740601,22.653502],[100.740554,22.653199],[100.740608,22.653014],[100.740739,22.652853],[100.74215,22.651828],[100.742632,22.651316],[100.74294,22.651158],[100.743796,22.651134],[100.744008,22.651037],[100.744154,22.650888],[100.744201,22.650786],[100.744184,22.650555],[100.744001,22.650268],[100.742317,22.64922],[100.741102,22.647353],[100.740926,22.646109],[100.740557,22.64541],[100.740094,22.645039],[100.739773,22.644919],[100.739465,22.644909],[100.73873,22.645203],[100.738424,22.645261],[100.737907,22.645148],[100.737551,22.644904],[100.736632,22.643944],[100.736098,22.642624],[100.735978,22.642036],[100.736033,22.640852],[100.735971,22.640563],[100.735981,22.640404],[100.735623,22.638746],[100.735565,22.638095],[100.73566,22.636431],[100.735685,22.63598],[100.736252,22.634621],[100.736325,22.634027],[100.736238,22.633423],[100.735515,22.631521],[100.735452,22.630922],[100.73525,22.628619],[100.735229,22.628291],[100.735087,22.627454],[100.73498,22.627098],[100.734844,22.626803],[100.734493,22.626468],[100.733492,22.625973],[100.732772,22.625251],[100.732526,22.625138],[100.732258,22.62508],[100.731049,22.625103],[100.73074,22.62511],[100.730385,22.625116],[100.729344,22.625134],[100.728793,22.625001],[100.728445,22.624789],[100.728035,22.624394],[100.727685,22.623705],[100.727621,22.62329],[100.727569,22.622914],[100.727317,22.62255],[100.726849,22.621932],[100.726741,22.621575],[100.726543,22.620704],[100.72586,22.619689],[100.725765,22.619523],[100.725618,22.619265],[100.725232,22.618866],[100.724494,22.618347],[100.723177,22.617411],[100.722671,22.617221],[100.722019,22.617208],[100.721125,22.61722],[100.720591,22.617142],[100.720023,22.617113],[100.719104,22.617312],[100.718736,22.617261],[100.718501,22.617127],[100.718368,22.616934],[100.718234,22.616144],[100.718114,22.615716],[100.717759,22.615229],[100.717643,22.614968],[100.717651,22.613973],[100.717563,22.613691],[100.71732,22.613332],[100.716718,22.612657],[100.71624,22.6119],[100.715207,22.610782],[100.715137,22.610541],[100.715174,22.610296],[100.715471,22.609718],[100.715492,22.609451],[100.715407,22.609204],[100.714678,22.608588],[100.714517,22.608355],[100.714175,22.607719],[100.713757,22.607334],[100.712858,22.606667],[100.712426,22.606479],[100.710423,22.606161],[100.709829,22.606031],[100.709543,22.606056],[100.70913,22.606261],[100.707153,22.607871],[100.706425,22.60852],[100.70414,22.610646],[100.703209,22.611864],[100.701985,22.613045],[100.701212,22.614407],[100.700624,22.614888],[100.699753,22.616325],[100.699486,22.6172],[100.69934,22.617918],[100.699085,22.618466],[100.69766,22.620329],[100.697134,22.621246],[100.696816,22.621523],[100.696539,22.621633],[100.696083,22.621674],[100.695239,22.621501],[100.694962,22.621529],[100.694596,22.621716],[100.692623,22.623645],[100.692042,22.623944],[100.691492,22.624147],[100.690406,22.625062],[100.690192,22.62536],[100.690071,22.625941],[100.689974,22.626128],[100.689702,22.626306],[100.688384,22.626413],[100.688016,22.626568],[100.687703,22.626836],[100.687507,22.627188],[100.687441,22.627607],[100.687487,22.628306],[100.687412,22.628541],[100.687268,22.628719],[100.687014,22.62885],[100.686636,22.628901],[100.686394,22.628825],[100.685888,22.628272],[100.685664,22.628164],[100.685389,22.628141],[100.685166,22.628234],[100.684997,22.628412],[100.684756,22.629003],[100.684585,22.629179],[100.684233,22.629321],[100.683294,22.629529],[100.683043,22.629658],[100.682597,22.630039],[100.682276,22.630518],[100.68201,22.630915],[100.681843,22.63103],[100.681321,22.63107],[100.679828,22.630781],[100.679389,22.630809],[100.679023,22.630927],[100.6785,22.631283],[100.67812,22.631357],[100.677886,22.631297],[100.677622,22.631067],[100.67754,22.630855],[100.677567,22.630497],[100.678149,22.629296],[100.678226,22.629136],[100.678271,22.628882],[100.678085,22.627906],[100.678245,22.626973],[100.67819,22.626623],[100.678,22.626315],[100.677015,22.625266],[100.676836,22.624933],[100.676539,22.622806],[100.67632,22.6224],[100.675274,22.621353],[100.674817,22.620299],[100.674439,22.619752],[100.674376,22.619528],[100.674435,22.6192],[100.674559,22.618872],[100.674571,22.618666],[100.674504,22.618472],[100.674352,22.618315],[100.674141,22.618227],[100.673827,22.618253],[100.672361,22.619116],[100.67195,22.619238],[100.671388,22.619221],[100.671125,22.61912],[100.670687,22.61878],[100.670315,22.618197],[100.670012,22.617883],[100.669677,22.617691],[100.669359,22.617509],[100.668541,22.617142],[100.667553,22.616759],[100.665766,22.615698],[100.664772,22.615366],[100.664553,22.615191],[100.663535,22.613782],[100.663106,22.613483],[100.662702,22.613386],[100.66241,22.613398],[100.662133,22.613485],[100.661786,22.613725],[100.660248,22.616013],[100.660007,22.616113],[100.659755,22.61612],[100.659526,22.616045],[100.659341,22.615887],[100.659243,22.615681],[100.659466,22.613487],[100.659418,22.613246],[100.659265,22.613028],[100.659033,22.612875],[100.658752,22.612798],[100.658475,22.61281],[100.658214,22.612942],[100.657939,22.613256],[100.657719,22.613616],[100.657531,22.613786],[100.657298,22.613878],[100.655833,22.614092],[100.65559,22.614069],[100.655151,22.613872],[100.654877,22.613647],[100.654695,22.613335],[100.654542,22.611838],[100.655008,22.61021],[100.654856,22.609568],[100.654608,22.609225],[100.654378,22.609028],[100.651946,22.608021],[100.649868,22.607549],[100.649551,22.607336],[100.64931,22.606945],[100.649037,22.605734],[100.648816,22.60544],[100.646786,22.604745],[100.646683,22.604673],[100.64628,22.604393],[100.645909,22.604067],[100.645671,22.603962],[100.645249,22.603909],[100.644836,22.603904],[100.644574,22.603816],[100.643333,22.602727],[100.642674,22.602422],[100.641978,22.602359],[100.641488,22.60247],[100.640973,22.602786],[100.640613,22.603223],[100.640286,22.604308],[100.640079,22.604608],[100.639494,22.605055],[100.638096,22.605815],[100.637782,22.606164],[100.637673,22.60649],[100.637714,22.607375],[100.637627,22.607771],[100.637518,22.607992],[100.637106,22.608429],[100.636793,22.608612],[100.633181,22.609183],[100.631986,22.609446],[100.631552,22.609456],[100.630846,22.609552],[100.630393,22.609449],[100.630106,22.609273],[100.629958,22.609102],[100.62984,22.608774],[100.629863,22.608383],[100.630128,22.607741],[100.630169,22.607453],[100.630132,22.607181],[100.630073,22.607063],[100.629735,22.606738],[100.628513,22.60596],[100.628057,22.605492],[100.627576,22.604868],[100.627343,22.604685],[100.627067,22.604578],[100.626778,22.604558],[100.625403,22.604952],[100.624551,22.604973],[100.623888,22.604831],[100.623144,22.604512],[100.622524,22.604025],[100.622029,22.603322],[100.621675,22.602633],[100.621358,22.602298],[100.620065,22.601772],[100.619624,22.601726],[100.618884,22.601841],[100.61844,22.60179],[100.61806,22.601596],[100.617234,22.601024],[100.614989,22.600141],[100.613892,22.600002],[100.613248,22.600077],[100.611371,22.600511],[100.611047,22.600462],[100.610755,22.600289],[100.610572,22.600041],[100.61055,22.599607],[100.61057,22.599448],[100.610656,22.59878],[100.610639,22.598535],[100.610108,22.597463],[100.609952,22.595177],[100.61,22.594832],[100.610219,22.59435],[100.611022,22.59293],[100.611107,22.592673],[100.61106,22.592257],[100.610857,22.591843],[100.610123,22.590952],[100.60968,22.590667],[100.608052,22.590075],[100.607361,22.589725],[100.606153,22.58939],[100.605834,22.589381],[100.605541,22.58947],[100.605318,22.589638],[100.605037,22.589986],[100.604674,22.590591],[100.604483,22.590758],[100.604254,22.59083],[100.603884,22.590781],[100.602402,22.590114],[100.602233,22.589923],[100.602147,22.589684],[100.602155,22.589314],[100.602412,22.58827],[100.602361,22.587875],[100.602211,22.587515],[100.601912,22.587242],[100.601801,22.587176],[100.601518,22.587133],[100.600918,22.587043],[100.60066,22.587004],[100.600251,22.586859],[100.600025,22.586699],[100.599058,22.585374],[100.598838,22.585175],[100.598451,22.584992],[100.598175,22.584963],[100.596604,22.585245],[100.596348,22.585209],[100.59611,22.585095],[100.595903,22.584914],[100.595774,22.584683],[100.59575,22.58412],[100.595934,22.582532],[100.596034,22.582207],[100.59682,22.580797],[100.596935,22.580361],[100.596886,22.580088],[100.596821,22.579965],[100.596721,22.579859],[100.596458,22.579715],[100.595102,22.579525],[100.594605,22.579368],[100.593441,22.578696],[100.592946,22.578524],[100.590097,22.578299],[100.589175,22.578473],[100.587878,22.579056],[100.587561,22.579134],[100.587402,22.579141],[100.586298,22.578486],[100.586203,22.578062],[100.586266,22.576929],[100.586321,22.57591],[100.586225,22.575456],[100.585981,22.575062],[100.585646,22.57477],[100.58531,22.574477],[100.585091,22.574132],[100.585047,22.573878],[100.585152,22.572625],[100.585107,22.571869],[100.585185,22.571573],[100.58589,22.570631],[100.585979,22.570386],[100.585969,22.570148],[100.585933,22.570038],[100.585705,22.56978],[100.585381,22.569597],[100.584991,22.569615],[100.583597,22.570161],[100.583506,22.570197],[100.5816,22.570134],[100.580671,22.570235],[100.579374,22.570759],[100.578624,22.570894],[100.578201,22.57097],[100.576594,22.571011],[100.576339,22.570942],[100.575926,22.570544],[100.575189,22.569722],[100.574359,22.567526],[100.57434,22.567166],[100.574645,22.566012],[100.574627,22.565768],[100.574517,22.56555],[100.574286,22.565421],[100.574021,22.565357],[100.572545,22.565339],[100.572152,22.565168],[100.57167,22.564864],[100.571264,22.564816],[100.570995,22.564895],[100.570646,22.56517],[100.569573,22.566892],[100.569269,22.567162],[100.569147,22.567209],[100.568749,22.567176],[100.567598,22.566837],[100.566923,22.566857],[100.564872,22.567391],[100.564218,22.567795],[100.56374,22.56817],[100.562982,22.568459],[100.561042,22.568987],[100.560717,22.569029],[100.559648,22.568736],[100.558879,22.568445],[100.5587,22.568329],[100.558645,22.568293],[100.558493,22.568195],[100.557897,22.567492],[100.557431,22.567079],[100.557259,22.566822],[100.556989,22.566088],[100.556607,22.565603],[100.556193,22.565345],[100.555526,22.565186],[100.555013,22.565217],[100.554554,22.565378],[100.554148,22.565651],[100.553925,22.565884],[100.553596,22.566572],[100.553276,22.567764],[100.553072,22.568163],[100.551493,22.569496],[100.550015,22.570905],[100.547663,22.572138],[100.546587,22.572818],[100.545309,22.573245],[100.545068,22.573401],[100.544899,22.573624],[100.544607,22.57428],[100.544325,22.574614],[100.543636,22.574976],[100.542729,22.575304],[100.539722,22.577431],[100.53949,22.577656],[100.538881,22.578587],[100.538392,22.578966],[100.537667,22.579217],[100.537426,22.579239],[100.53706,22.579206],[100.536727,22.579176],[100.536497,22.579207],[100.53613,22.579347],[100.535522,22.579735],[100.535214,22.579853],[100.534621,22.57992],[100.532902,22.579772],[100.529242,22.579456],[100.526644,22.578949],[100.52399,22.577923],[100.523466,22.577552],[100.523157,22.577081],[100.522761,22.575858],[100.522229,22.575085],[100.521816,22.574702],[100.520978,22.574178],[100.519131,22.573506],[100.518596,22.573132],[100.518163,22.572644],[100.51772,22.571936],[100.517545,22.571478],[100.517325,22.570484],[100.517058,22.56988],[100.516853,22.569611],[100.516437,22.569327],[100.516125,22.56923],[100.514758,22.569234],[100.514443,22.569161],[100.513499,22.568593],[100.513221,22.568516],[100.512323,22.568616],[100.512104,22.568531],[100.511817,22.568172],[100.51153,22.567627],[100.511453,22.567531],[100.511376,22.567434],[100.509581,22.565871],[100.509519,22.5658],[100.509389,22.565648],[100.509063,22.565541],[100.508778,22.565556],[100.508506,22.565676],[100.504424,22.570082],[100.502775,22.570996],[100.498773,22.572781],[100.494824,22.573958],[100.494486,22.574101],[100.494211,22.574305],[100.494009,22.574563],[100.493202,22.577546],[100.492996,22.579023],[100.492591,22.580382],[100.492156,22.582383],[100.49192,22.582774],[100.4904,22.584111],[100.48907,22.585444],[100.488701,22.585735],[100.488276,22.585756],[100.484358,22.585728],[100.483329,22.585813],[100.482803,22.585925],[100.480217,22.586653],[100.478929,22.586938],[100.478565,22.587013],[100.477073,22.587218],[100.476446,22.587347],[100.476196,22.587439],[100.475968,22.587547],[100.475658,22.587744],[100.474324,22.588719],[100.473967,22.588952],[100.473551,22.589151],[100.471153,22.590054],[100.470687,22.590177],[100.469024,22.590541],[100.46771,22.590826],[100.467364,22.590906],[100.467138,22.591005],[100.466725,22.591235],[100.466291,22.591525],[100.465816,22.591829],[100.465478,22.59203],[100.46525,22.592094],[100.46488,22.592139],[100.464577,22.592112],[100.464327,22.59204],[100.46407,22.591891],[100.463279,22.591002],[100.462662,22.590466],[100.462405,22.590263],[100.461893,22.590061],[100.461216,22.589813],[100.460999,22.58969],[100.460787,22.589534],[100.460602,22.589301],[100.460291,22.588823],[100.460071,22.58857],[100.459819,22.58835],[100.458453,22.587382],[100.457957,22.587079],[100.457126,22.586478],[100.456903,22.586406],[100.456637,22.586359],[100.456375,22.586371],[100.455734,22.586494],[100.455324,22.58658],[100.454983,22.586636],[100.454693,22.586673],[100.453553,22.586722],[100.453117,22.586705],[100.452775,22.586671],[100.452453,22.586631],[100.452282,22.586609],[100.452192,22.586592],[100.449699,22.586135],[100.449146,22.586005],[100.44882,22.585877],[100.448544,22.58568],[100.448111,22.585135],[100.447735,22.584823],[100.447365,22.58463],[100.447137,22.584491],[100.446912,22.584296],[100.446695,22.583981],[100.446448,22.583516],[100.446327,22.583372],[100.446164,22.583281],[100.445997,22.583214],[100.445821,22.583183],[100.445424,22.583225],[100.442907,22.583773],[100.442571,22.583771],[100.44228,22.583667],[100.442023,22.58349],[100.441422,22.582829],[100.440113,22.581614],[100.439802,22.581132],[100.439705,22.580585],[100.439694,22.578993],[100.439599,22.578703],[100.43944,22.578434],[100.436925,22.575862],[100.436352,22.575348],[100.436006,22.57514],[100.435756,22.574981],[100.435579,22.574815],[100.435416,22.574595],[100.435319,22.574332],[100.435283,22.574111],[100.435258,22.573959],[100.435156,22.572301],[100.435042,22.571899],[100.434951,22.571737],[100.434757,22.571537],[100.434522,22.571348],[100.434268,22.571183],[100.433938,22.571071],[100.433608,22.571036],[100.431755,22.571113],[100.431235,22.570986],[100.430368,22.570228],[100.429769,22.569705],[100.429508,22.569586],[100.429227,22.569502],[100.428768,22.569499],[100.427505,22.569649],[100.427125,22.569639],[100.42675,22.569576],[100.425379,22.569036],[100.42476,22.568873],[100.42315,22.56878],[100.419432,22.567761],[100.419311,22.567679],[100.418228,22.567683],[100.41794,22.567587],[100.41772,22.567404],[100.417623,22.567151],[100.417568,22.566717],[100.417464,22.566442],[100.417287,22.566229],[100.417174,22.566151],[100.416283,22.565887],[100.416035,22.565706],[100.415883,22.565462],[100.415836,22.565173],[100.41602,22.563836],[100.415992,22.563557],[100.415808,22.563348],[100.41557,22.563208],[100.415031,22.563161],[100.41334,22.563213],[100.410537,22.562669],[100.41032,22.562571],[100.40986,22.562132],[100.409559,22.561705],[100.409234,22.561474],[100.408703,22.561332],[100.407576,22.561228],[100.407356,22.56109],[100.407246,22.560853],[100.407236,22.560472],[100.407351,22.559696],[100.407292,22.559317],[100.4071,22.559155],[100.406865,22.559082],[100.406512,22.559103],[100.406282,22.559234],[100.406052,22.559518],[100.405811,22.559836],[100.405714,22.559912],[100.405594,22.559955],[100.405188,22.559899],[100.404088,22.559379],[100.403884,22.55922],[100.403752,22.558998],[100.403708,22.558757],[100.403835,22.558189],[100.403839,22.557873],[100.403756,22.557524],[100.403599,22.557209],[100.40111,22.554734],[100.400625,22.553694],[100.400304,22.552744],[100.39989,22.55201],[100.399178,22.551233],[100.398471,22.550736],[100.396535,22.549738],[100.394937,22.548469],[100.394237,22.54763],[100.393844,22.546609],[100.392844,22.541995],[100.391489,22.538481],[100.391327,22.538065],[100.391121,22.537863],[100.390857,22.537741],[100.390432,22.537699],[100.389536,22.537882],[100.389224,22.537873],[100.388906,22.537795],[100.388533,22.537545],[100.388211,22.537024],[100.387741,22.536042],[100.387697,22.535767],[100.387753,22.535503],[100.388021,22.53502],[100.388075,22.534768],[100.388063,22.534643],[100.387924,22.534445],[100.387831,22.534365],[100.387587,22.534289],[100.387329,22.534301],[100.3871,22.534412],[100.386774,22.534673],[100.386509,22.53479],[100.386068,22.534747],[100.385805,22.534613],[100.385304,22.534054],[100.38485,22.533467],[100.384615,22.533283],[100.384332,22.533195],[100.38388,22.533258],[100.383166,22.533714],[100.382885,22.533772],[100.382595,22.533738],[100.38233,22.533596],[100.38214,22.533372],[100.381674,22.531727],[100.381537,22.531478],[100.381325,22.531254],[100.381053,22.531086],[100.380563,22.530936],[100.378466,22.53095],[100.378194,22.530872],[100.377985,22.530718],[100.377893,22.530485],[100.378046,22.529634],[100.378003,22.529447],[100.377803,22.529218],[100.377625,22.529126],[100.376017,22.529037],[100.375812,22.528916],[100.375641,22.52874],[100.375271,22.527648],[100.374173,22.526747],[100.373668,22.525981],[100.373432,22.525783],[100.372566,22.525416],[100.37233,22.525235],[100.37219,22.524989],[100.372115,22.524711],[100.372101,22.523465],[100.372025,22.52315],[100.371481,22.522038],[100.371218,22.521615],[100.370857,22.521134],[100.370459,22.520734],[100.369926,22.520262],[100.369359,22.519825],[100.368806,22.519523],[100.368367,22.519029],[100.368094,22.518478],[100.367979,22.517888],[100.368448,22.514863],[100.368397,22.514571],[100.368328,22.514425],[100.368105,22.51421],[100.367815,22.514078],[100.366055,22.514025],[100.365641,22.514112],[100.365269,22.514319],[100.364379,22.515164],[100.364032,22.51538],[100.363484,22.515525],[100.362215,22.515484],[100.361827,22.515575],[100.361453,22.5157],[100.360936,22.51607],[100.359983,22.516931],[100.35943,22.517269],[100.358331,22.517942],[100.356304,22.519182],[100.353879,22.520665],[100.352052,22.522114],[100.34708,22.526114],[100.346741,22.526305],[100.34638,22.526411],[100.342626,22.526992],[100.339158,22.528144],[100.338746,22.528386],[100.337467,22.52995],[100.334541,22.533562],[100.334185,22.533762],[100.330455,22.535124],[100.329848,22.53549],[100.329483,22.535961],[100.329364,22.536221],[100.329256,22.536986],[100.329121,22.537216],[100.329021,22.537306],[100.328755,22.537414],[100.328296,22.537365],[100.327549,22.537047],[100.327228,22.536991],[100.326911,22.537013],[100.326591,22.537143],[100.325999,22.537494],[100.325283,22.537728],[100.324381,22.537907],[100.324038,22.538048],[100.32283,22.538981],[100.32236,22.539208],[100.321139,22.539291],[100.31916,22.539235],[100.318808,22.539286],[100.318474,22.539399],[100.318056,22.539727],[100.316071,22.542958],[100.315711,22.543311],[100.31229,22.545408],[100.310002,22.546967],[100.307631,22.548416],[100.307007,22.548633],[100.304737,22.548892],[100.304175,22.549057],[100.301551,22.550607],[100.297412,22.555008],[100.29721,22.555161],[100.292903,22.557715],[100.292127,22.558186],[100.291835,22.558334],[100.289364,22.559037],[100.289082,22.559174],[100.28846,22.559716],[100.287237,22.561167],[100.286127,22.562086],[100.284679,22.562751],[100.2842,22.562941],[100.283679,22.563262],[100.283505,22.563333],[100.282961,22.563663],[100.279907,22.564959],[100.279625,22.565206],[100.279108,22.565971],[100.279002,22.566064],[100.275272,22.571385],[100.275247,22.57157],[100.274918,22.57202],[100.274622,22.572741],[100.27423,22.574213],[100.27402,22.574616],[100.27381,22.574845],[100.273411,22.575088],[100.271716,22.575708],[100.271437,22.575891],[100.27011,22.578177],[100.269573,22.578686],[100.269074,22.579022],[100.268941,22.579113],[100.267368,22.580185],[100.265166,22.581935],[100.26488,22.58216],[100.264099,22.582783],[100.263806,22.583188],[100.261718,22.587992],[100.261429,22.588338],[100.26034,22.588813],[100.257104,22.58994],[100.251798,22.592946],[100.250939,22.593077],[100.249311,22.592817],[100.248571,22.59287],[100.248048,22.593041],[100.247414,22.593388],[100.246002,22.594425],[100.245507,22.594675],[100.244226,22.594854],[100.243075,22.594918],[100.241909,22.595054],[100.241381,22.595234],[100.241068,22.595442],[100.240477,22.596024],[100.240216,22.596176],[100.23976,22.596288],[100.239434,22.59631],[100.238559,22.596245],[100.237827,22.596342],[100.237274,22.596551],[100.236798,22.596896],[100.236277,22.597508],[100.235497,22.598844],[100.235276,22.599112],[100.234874,22.599369],[100.23114,22.600639],[100.226787,22.600962],[100.226223,22.601088],[100.222792,22.602583],[100.22069,22.603544],[100.220342,22.603635],[100.219793,22.603671],[100.218895,22.60352],[100.218521,22.603537],[100.217994,22.603691],[100.212192,22.606663],[100.210705,22.60731],[100.207703,22.608146],[100.206929,22.608478],[100.20622,22.608894],[100.204533,22.610247],[100.204214,22.610445],[100.201792,22.611206],[100.201389,22.611315],[100.200736,22.611642],[100.195789,22.615183],[100.193305,22.615976],[100.193002,22.616151],[100.192751,22.616409],[100.191545,22.61901],[100.191334,22.619277],[100.190909,22.619494],[100.188942,22.61967],[100.1884,22.61984],[100.186428,22.620972],[100.186254,22.621025],[100.185562,22.621041],[100.184921,22.620929],[100.184439,22.620984],[100.18413,22.621125],[100.183767,22.621484],[100.183107,22.62257],[100.182755,22.622834],[100.182448,22.622934],[100.181277,22.622962],[100.180952,22.623051],[100.180604,22.62321],[100.179719,22.624224],[100.177318,22.626055],[100.176843,22.626259],[100.17439,22.626943],[100.173875,22.627199],[100.173628,22.627436],[100.173447,22.627716],[100.173384,22.627872],[100.173223,22.628499],[100.17294,22.629059],[100.17264,22.629443],[100.172104,22.629881],[100.169767,22.631154],[100.169602,22.631157],[100.169251,22.631216],[100.169088,22.631202],[100.168636,22.63104],[100.167888,22.630471],[100.167754,22.630411],[100.167471,22.630381],[100.167186,22.630431],[100.166912,22.630581],[100.166737,22.63083],[100.166377,22.631764],[100.165935,22.632265],[100.165383,22.632889],[100.165035,22.633283],[100.164832,22.633435],[100.164588,22.633506],[100.164342,22.63347],[100.164128,22.633342],[100.163965,22.633152],[100.163486,22.632121],[100.16317,22.631817],[100.163047,22.631763],[100.162796,22.631775],[100.162596,22.631903],[100.162362,22.632189],[100.161968,22.633346],[100.161672,22.633702],[100.161358,22.633874],[100.161091,22.633858],[100.160681,22.633724],[100.158827,22.633399],[100.157868,22.633387],[100.157502,22.633435],[100.156494,22.633772],[100.153656,22.63546],[100.153129,22.635611],[100.152705,22.635578],[100.151392,22.635059],[100.151089,22.635056],[100.15069,22.635153],[100.150446,22.635308],[100.150123,22.635636],[100.149832,22.636126],[100.149535,22.636442],[100.149282,22.6366],[100.14826,22.636938],[100.147883,22.637225],[100.147385,22.637942],[100.147179,22.638118],[100.146772,22.638307],[100.144545,22.638216],[100.143585,22.638349],[100.14163,22.638783],[100.141073,22.638762],[100.138862,22.638345],[100.13839,22.638343],[100.133932,22.639439],[100.133449,22.639479],[100.1328,22.639405],[100.131027,22.638817],[100.130519,22.638745],[100.129826,22.63879],[100.127446,22.639569],[100.126899,22.639848],[100.126682,22.6401],[100.126541,22.640395],[100.12644,22.642124],[100.126261,22.642339],[100.125998,22.642536],[100.122516,22.643953],[100.122182,22.644006],[100.121369,22.644022],[100.120922,22.644141],[100.120659,22.64431],[100.120423,22.644524],[100.119947,22.645237],[100.119847,22.645315],[100.119603,22.645413],[100.119348,22.645434],[100.117822,22.644969],[100.117294,22.644454],[100.117143,22.644187],[100.116792,22.64282],[100.116308,22.641509],[100.115556,22.640285],[100.114446,22.638789],[100.114094,22.637752],[100.113899,22.636814],[100.113705,22.636562],[100.113095,22.635665],[100.112742,22.635086],[100.112566,22.634476],[100.112261,22.632877],[100.112223,22.632436],[100.112266,22.632005],[100.112513,22.631545],[100.113108,22.630871],[100.113841,22.63018],[100.114246,22.629945],[100.11498,22.629584],[100.115544,22.629232],[100.116548,22.628506],[100.117453,22.627821],[100.117958,22.627346],[100.118342,22.626916],[100.118737,22.626372],[100.119059,22.625718],[100.119326,22.625142],[100.119411,22.624766],[100.119326,22.624281],[100.119138,22.623855],[100.118778,22.623459],[100.118101,22.622894],[100.117732,22.62235],[100.117534,22.621869],[100.117287,22.621478],[100.116838,22.621094],[100.116531,22.620731],[100.116429,22.620424],[100.116332,22.619701],[100.116257,22.619319],[100.116072,22.619051],[100.115666,22.618616],[100.115148,22.618162],[100.114755,22.617651],[100.11438,22.616987],[100.113791,22.615884],[100.113073,22.6149],[100.11191,22.613862],[100.111397,22.613387],[100.110421,22.612164],[100.109798,22.611461],[100.108974,22.610873],[100.108309,22.610457],[100.107959,22.610274],[100.107645,22.61019],[100.10754,22.610161],[100.107153,22.610135],[100.106864,22.610109],[100.106697,22.610078],[100.106376,22.609916],[100.105233,22.609009],[100.104575,22.60861],[100.104155,22.608445],[100.103474,22.608276],[100.102681,22.608134],[100.10215,22.608001],[100.101415,22.60758],[100.100707,22.607154],[100.100225,22.606916],[100.099756,22.606796],[100.099053,22.606741],[100.098095,22.606738],[100.097644,22.606668],[100.097285,22.606569],[100.096779,22.606291],[100.095416,22.6053],[100.095026,22.605054],[100.094515,22.604884],[100.093845,22.604745],[100.093245,22.604534],[100.092666,22.604257],[100.092333,22.604138],[100.091989,22.604077],[100.091618,22.604097],[100.091286,22.604176],[100.090955,22.604326],[100.089457,22.605161],[100.088834,22.605473],[100.088551,22.605543],[100.088223,22.605503],[100.087736,22.605297],[100.087425,22.605099],[100.087144,22.604983],[100.086452,22.604844],[100.085964,22.60479],[100.085712,22.60481],[100.08538,22.604854],[100.085015,22.604968],[100.083829,22.605439],[100.083491,22.605523],[100.083223,22.605523],[100.082935,22.605465],[100.081276,22.604666],[100.080788,22.604518],[100.080455,22.604458],[100.080053,22.604488],[100.079736,22.604607],[100.079194,22.604924],[100.078552,22.605445],[100.078202,22.605691],[100.077805,22.60585],[100.077413,22.605919],[100.076813,22.605904],[100.076455,22.60594],[100.07618,22.606023],[100.074921,22.606654],[100.074631,22.606871],[100.074432,22.607164],[100.074356,22.607415],[100.074356,22.608004],[100.074334,22.608217],[100.074265,22.60844],[100.074143,22.608595],[100.073884,22.608747],[100.073193,22.608976],[100.072623,22.609222],[100.072466,22.609293],[100.072265,22.609432],[100.071112,22.610422],[100.070783,22.610619],[100.070407,22.610767],[100.070064,22.610827],[100.069646,22.610842],[100.068171,22.610634],[100.067807,22.61065],[100.067532,22.610733],[100.067303,22.610878],[100.067124,22.611055],[100.066603,22.611493],[100.065379,22.611437],[100.063743,22.611927],[100.062282,22.611756],[100.061862,22.61186],[100.061589,22.612046],[100.061416,22.612336],[100.061286,22.613206],[100.061101,22.613459],[100.060907,22.613578],[100.059599,22.613769],[100.059178,22.613971],[100.058525,22.614547],[100.058109,22.614727],[100.057008,22.614881],[100.056741,22.615022],[100.056572,22.61525],[100.056474,22.615623],[100.056518,22.616022],[100.056472,22.616355],[100.056425,22.616484],[100.055982,22.616884],[100.053217,22.617617],[100.052901,22.617593],[100.052549,22.617383],[100.052068,22.61694],[100.051774,22.616825],[100.051198,22.616857],[100.049525,22.617237],[100.049087,22.617504],[100.048904,22.617745],[100.048628,22.618391],[100.048429,22.618673],[100.048097,22.618872],[100.046315,22.619054],[100.045967,22.618973],[100.045154,22.618552],[100.044748,22.618516],[100.044457,22.618598],[100.044067,22.618899],[100.043227,22.619858],[100.042951,22.620012],[100.041505,22.620041],[100.040106,22.620416],[100.039383,22.620329],[100.038966,22.620088],[100.038201,22.619265],[100.037731,22.619059],[100.036825,22.618904],[100.03647,22.618696],[100.035342,22.617131],[100.034918,22.616835],[100.034258,22.616731],[100.033547,22.616879],[100.03301,22.616836],[100.032067,22.616411],[100.031851,22.6164],[100.031625,22.616459],[100.031435,22.616588],[100.031023,22.6173],[100.030857,22.617459],[100.030635,22.61753],[100.0297,22.617373],[100.029349,22.617411],[100.029018,22.617551],[100.028834,22.617703],[100.028244,22.618883],[100.027991,22.619128],[100.027786,22.619225],[100.02741,22.619241],[100.026978,22.619049],[100.026744,22.618794],[100.026591,22.61813],[100.026532,22.617373],[100.026445,22.617159],[100.0263,22.61701],[100.025996,22.616885],[100.025309,22.616786],[100.024708,22.616554],[100.024525,22.616373],[100.023896,22.615844],[100.023565,22.615581],[100.023151,22.615378],[100.021451,22.615017],[100.021043,22.614814],[100.020716,22.614551],[100.020116,22.613848],[100.01929,22.613283],[100.019053,22.612982],[100.018924,22.612704],[100.018919,22.612021],[100.018876,22.611585],[100.018753,22.611258],[100.01849,22.610991],[100.017615,22.61051],[100.016859,22.610035],[100.016618,22.609831],[100.016372,22.609534],[100.015857,22.608489],[100.015378,22.607881],[100.01525,22.607584],[100.01524,22.607355],[100.015363,22.60684],[100.015347,22.606405],[100.015201,22.606019],[100.014735,22.605751],[100.014493,22.605573],[100.014322,22.60533],[100.014214,22.604984],[100.014188,22.604326],[100.014128,22.604063],[100.013989,22.60385],[100.013668,22.603636],[100.013292,22.603572],[100.012541,22.603805],[100.012225,22.603805],[100.011988,22.603726],[100.011313,22.603141],[100.010883,22.602889],[100.010035,22.602711],[100.009714,22.602587],[100.009468,22.602393],[100.008764,22.601477],[100.00832,22.601229],[100.007279,22.601011],[100.006586,22.600814],[100.006002,22.600442],[100.005444,22.599952],[100.004988,22.599452],[100.004307,22.598462],[100.004038,22.598153],[100.003898,22.597961],[100.003785,22.59767],[100.003565,22.59706],[100.003377,22.596827],[100.003192,22.596707],[100.002991,22.596669],[100.002784,22.596741],[100.002338,22.597026],[100.002135,22.597035],[100.001954,22.596976],[100.001816,22.596832],[100.001577,22.596213],[100.001403,22.596005],[100.00119,22.595941],[99.999601,22.595931],[99.999056,22.595857],[99.998765,22.595723],[99.998442,22.595426],[99.998272,22.595084],[99.99818,22.594658],[99.998201,22.594262],[99.998353,22.593666],[99.998358,22.59337],[99.998287,22.593129],[99.998062,22.592965],[99.997787,22.592925],[99.997521,22.593009],[99.997268,22.593195],[99.996442,22.594342],[99.996345,22.594713],[99.996361,22.595261],[99.996275,22.595504],[99.996131,22.595624],[99.995943,22.595678],[99.995674,22.595639],[99.994419,22.594777],[99.994253,22.594479],[99.994107,22.593731],[99.994011,22.593518],[99.993827,22.593342],[99.993621,22.593264],[99.993277,22.593274],[99.993067,22.593341],[99.992531,22.593637],[99.992194,22.593718],[99.991857,22.593687],[99.989694,22.592955],[99.989024,22.592449],[99.988706,22.592005],[99.988218,22.59071],[99.987809,22.590173],[99.987075,22.589773],[99.986556,22.589649],[99.985664,22.589727],[99.985119,22.589943],[99.983538,22.59118],[99.983309,22.591527],[99.983228,22.591898],[99.983299,22.592689],[99.983209,22.593047],[99.983075,22.593263],[99.982874,22.593438],[99.982607,22.593549],[99.981752,22.593736],[99.981534,22.593844],[99.981171,22.594202],[99.980987,22.594493],[99.980948,22.59463],[99.981011,22.595466],[99.981457,22.596958],[99.981506,22.597281],[99.981496,22.59742],[99.981448,22.59753],[99.981417,22.597653],[99.981133,22.598111],[99.980745,22.598387],[99.98009,22.598601],[99.979228,22.599134],[99.978963,22.599224],[99.978754,22.599248],[99.978499,22.599191],[99.978268,22.599072],[99.978083,22.598939],[99.977949,22.598723],[99.977737,22.598248],[99.977563,22.597968],[99.977364,22.597812],[99.977136,22.597725],[99.976941,22.59772],[99.976721,22.597763],[99.975991,22.598102],[99.975691,22.598164],[99.975393,22.598141],[99.975111,22.598062],[99.974913,22.597961],[99.973384,22.596562],[99.973191,22.596321],[99.973054,22.596089],[99.973006,22.595876],[99.973008,22.595665],[99.973078,22.595447],[99.97362,22.594355],[99.973746,22.593956],[99.973784,22.593696],[99.97377,22.593439],[99.973703,22.593117],[99.973301,22.591926],[99.973252,22.591626],[99.973244,22.591421],[99.973285,22.591175],[99.973608,22.590118],[99.973663,22.589811],[99.97366,22.589536],[99.973601,22.589241],[99.973513,22.589011],[99.973346,22.588726],[99.973134,22.588521],[99.972874,22.58833],[99.972593,22.588199],[99.971697,22.587951],[99.971316,22.587753],[99.97094,22.58751],[99.970648,22.587416],[99.970399,22.587411],[99.970117,22.587486],[99.969806,22.587607],[99.969401,22.587718],[99.969031,22.58776],[99.968819,22.587723],[99.968599,22.587654],[99.968304,22.587518],[99.967405,22.587025],[99.963312,22.585321],[99.962918,22.585138],[99.962432,22.584813],[99.961963,22.584422],[99.961628,22.584231],[99.961333,22.58413],[99.959654,22.583865],[99.959233,22.583838],[99.958897,22.583853],[99.958463,22.583957],[99.958192,22.584078],[99.957854,22.584318],[99.95754,22.584692],[99.954375,22.588476],[99.953946,22.588724],[99.953261,22.588849],[99.952594,22.588753],[99.95209,22.588456],[99.951757,22.58803],[99.951629,22.587624],[99.951575,22.584761],[99.951446,22.584335],[99.951285,22.584068],[99.951017,22.5839],[99.950513,22.58383],[99.94913,22.583827],[99.948755,22.583926],[99.94839,22.584134],[99.946661,22.585276],[99.946148,22.585392],[99.945558,22.585273],[99.945213,22.585068],[99.945009,22.584791],[99.944892,22.584431],[99.944666,22.583672],[99.944462,22.583295],[99.944258,22.583077],[99.94399,22.582909],[99.943616,22.582806],[99.943163,22.582929],[99.942714,22.583114],[99.942445,22.583434],[99.941951,22.58389],[99.941533,22.584088],[99.94105,22.584187],[99.940354,22.584282],[99.939945,22.584464],[99.939442,22.584798],[99.939001,22.585227],[99.938732,22.585574],[99.938153,22.58591],[99.937543,22.586115],[99.937102,22.586227],[99.936694,22.586436],[99.936374,22.586709],[99.93619,22.58702],[99.935891,22.58773],[99.935601,22.588136],[99.934967,22.588615],[99.932907,22.589734],[99.93237,22.59016],[99.932016,22.590745],[99.931363,22.592405],[99.93089,22.593122],[99.93031,22.593805],[99.929421,22.594376],[99.928413,22.594842],[99.925752,22.596397],[99.925032,22.596618],[99.924325,22.596625],[99.923744,22.5965],[99.923272,22.596252],[99.92133,22.594954],[99.920751,22.594697],[99.920096,22.594528],[99.919345,22.594469],[99.918693,22.594574],[99.91764,22.594984],[99.913691,22.596737],[99.913071,22.596892],[99.91249,22.596866],[99.912018,22.596688],[99.911589,22.596311],[99.91132,22.595915],[99.910762,22.594687],[99.910376,22.594241],[99.909968,22.593964],[99.90938,22.593693],[99.908638,22.59333],[99.908198,22.592963],[99.907962,22.592547],[99.907866,22.592092],[99.90793,22.591646],[99.908102,22.591329],[99.909089,22.590338],[99.909604,22.589764],[99.909968,22.589189],[99.910237,22.588575],[99.910462,22.587743],[99.910816,22.586019],[99.911224,22.584573],[99.911256,22.584058],[99.91117,22.583503],[99.910891,22.582721],[99.910205,22.581819],[99.90926,22.580898],[99.908252,22.579907],[99.907662,22.579521],[99.907012,22.579175],[99.906861,22.579091],[99.905704,22.578547],[99.90544,22.578432],[99.904786,22.579432],[99.903928,22.580551],[99.903585,22.581542],[99.903499,22.582354],[99.903156,22.583097],[99.902701,22.583643],[99.902244,22.584001],[99.900989,22.585021],[99.900741,22.585526],[99.90057,22.586604],[99.900502,22.587287],[99.900429,22.588016],[99.900432,22.588336],[99.900445,22.589031],[99.900361,22.589343],[99.900235,22.589578],[99.900053,22.589789],[99.899513,22.590281],[99.899491,22.590617],[99.899637,22.590972],[99.900045,22.591349],[99.900249,22.591537],[99.900263,22.591765],[99.90021,22.592008],[99.900071,22.592201],[99.899401,22.592424],[99.899088,22.592582],[99.89891,22.592984],[99.898524,22.593974],[99.898338,22.594277],[99.897835,22.594667],[99.89744,22.594826],[99.897286,22.595014],[99.897234,22.595311],[99.897201,22.595836],[99.897105,22.596074],[99.896837,22.596282],[99.896208,22.596442],[99.895922,22.596689],[99.895586,22.597753],[99.895375,22.598045],[99.895087,22.598154],[99.894819,22.598183],[99.894519,22.598094],[99.894122,22.597866],[99.893843,22.597797],[99.893403,22.597906],[99.89203,22.598649],[99.891891,22.598897],[99.891859,22.599105],[99.891955,22.599323],[99.892213,22.599531],[99.892663,22.59958],[99.893231,22.599739],[99.8935,22.599897],[99.893683,22.600135],[99.893747,22.600521],[99.893629,22.601581],[99.8935,22.603156],[99.893382,22.603671],[99.893007,22.604968],[99.892996,22.605463],[99.893114,22.60587],[99.893092,22.606325],[99.893028,22.606761],[99.892449,22.609009],[99.892169,22.610069],[99.89041,22.613743],[99.89042,22.61411],[99.890592,22.614447],[99.891193,22.614932],[99.891354,22.615209],[99.891386,22.615526],[99.891279,22.615942],[99.88894,22.618121],[99.888489,22.618289],[99.887943,22.618398],[99.887706,22.618537],[99.886827,22.619993],[99.886741,22.620458],[99.886805,22.621023],[99.88672,22.621409],[99.886494,22.621716],[99.885871,22.622162],[99.885743,22.622528],[99.885818,22.622984],[99.885925,22.623261],[99.886022,22.623667],[99.885942,22.623889],[99.885692,22.624244],[99.885094,22.625009],[99.884815,22.62529],[99.884506,22.625407],[99.88408,22.62551],[99.883802,22.625669],[99.883604,22.625889],[99.883258,22.626507],[99.883035,22.62675],[99.882508,22.627096],[99.882306,22.62733],[99.882194,22.627733],[99.882204,22.628621],[99.882215,22.629098],[99.882103,22.629416],[99.881657,22.630127],[99.881566,22.630445],[99.881576,22.630913],[99.881566,22.631306],[99.881424,22.631568],[99.880765,22.632447],[99.880076,22.633327],[99.879894,22.633645],[99.879864,22.633839],[99.879862,22.633983],[99.879863,22.634108],[99.879958,22.634485],[99.879967,22.634667],[99.87993,22.634893],[99.879877,22.635003],[99.879792,22.635105],[99.879675,22.635185],[99.87954,22.635242],[99.879393,22.635282],[99.879233,22.635298],[99.87872,22.635303],[99.87854,22.635323],[99.878363,22.635373],[99.878193,22.635448],[99.877193,22.636075],[99.876183,22.636755],[99.875833,22.637018],[99.875677,22.63717],[99.875403,22.637508],[99.87455,22.63875],[99.873948,22.63966],[99.873823,22.639825],[99.873565,22.640132],[99.873423,22.640272],[99.873263,22.640393],[99.872895,22.640592],[99.872278,22.640805],[99.872063,22.640852],[99.871408,22.64094],[99.871197,22.640985],[99.8708,22.641105],[99.869627,22.641552],[99.869505,22.641617],[99.869405,22.641693],[99.869332,22.641788],[99.869282,22.641892],[99.869252,22.64209],[99.869265,22.642183],[99.86932,22.642345],[99.86941,22.642472],[99.869523,22.642582],[99.86966,22.642673],[99.869835,22.642757],[99.870278,22.64288],[99.872247,22.643242],[99.872653,22.643287],[99.872848,22.643273],[99.873035,22.643227],[99.873212,22.64315],[99.873548,22.642968],[99.87372,22.642903],[99.873893,22.642865],[99.874068,22.642855],[99.874232,22.642877],[99.874377,22.642935],[99.874488,22.643028],[99.874578,22.643143],[99.874645,22.643267],[99.874682,22.643402],[99.874677,22.643545],[99.874632,22.64368],[99.874565,22.643802],[99.874473,22.643905],[99.874362,22.64399],[99.874238,22.644058],[99.8741,22.64411],[99.873948,22.64414],[99.873453,22.64418],[99.873285,22.644208],[99.873118,22.644255],[99.872958,22.64433],[99.872812,22.644433],[99.872678,22.644553],[99.872297,22.644927],[99.872155,22.645022],[99.871992,22.645087],[99.871828,22.645122],[99.871677,22.645133],[99.871522,22.645122],[99.870683,22.644968],[99.870375,22.644938],[99.870222,22.644953],[99.870068,22.644988],[99.869915,22.645045],[99.869758,22.645122],[99.869442,22.645313],[99.868717,22.645808],[99.868388,22.64599],[99.868168,22.646075],[99.868082,22.646137],[99.867853,22.646248],[99.867573,22.646497],[99.867438,22.64659],[99.866973,22.64676],[99.866507,22.646905],[99.86584,22.647043],[99.865305,22.647098],[99.864798,22.6471],[99.86375,22.647045],[99.863645,22.647048],[99.863447,22.647093],[99.86335,22.647138],[99.863262,22.647205],[99.863102,22.647377],[99.862585,22.648222],[99.862407,22.648427],[99.862307,22.648508],[99.862197,22.648573],[99.862075,22.648622],[99.861383,22.648775],[99.861255,22.648843],[99.861155,22.648933],[99.861087,22.649038],[99.86105,22.649155],[99.861045,22.64928],[99.861072,22.649412],[99.861132,22.649537],[99.861223,22.649648],[99.86134,22.649745],[99.861478,22.649832],[99.862432,22.65036],[99.862562,22.650457],[99.862662,22.650562],[99.862723,22.650683],[99.86275,22.650808],[99.862723,22.651087],[99.862507,22.65183],[99.86248,22.65198],[99.86248,22.65213],[99.862513,22.652273],[99.86258,22.652413],[99.862677,22.65254],[99.862797,22.652653],[99.863668,22.653245],[99.863905,22.653452],[99.86399,22.653573],[99.86405,22.653702],[99.864082,22.65384],[99.864087,22.653988],[99.86402,22.654455],[99.86402,22.654622],[99.864055,22.654787],[99.86412,22.654943],[99.864218,22.655082],[99.864347,22.655197],[99.865522,22.655933],[99.865987,22.656262],[99.866102,22.656378],[99.866187,22.656502],[99.866238,22.656638],[99.866255,22.656778],[99.866235,22.656915],[99.866182,22.657045],[99.866097,22.657165],[99.865763,22.657512],[99.864632,22.658598],[99.86442,22.658843],[99.864343,22.658978],[99.864298,22.659123],[99.86429,22.659273],[99.864318,22.659412],[99.864428,22.659632],[99.864802,22.66005],[99.864766,22.660498],[99.864292,22.6618],[99.863901,22.662785],[99.863723,22.664218],[99.864197,22.665793],[99.864221,22.666099],[99.864185,22.666559],[99.864387,22.666843],[99.86428,22.667543],[99.864055,22.668014],[99.864316,22.669042],[99.864505,22.669479],[99.865015,22.670201],[99.865051,22.670475],[99.864244,22.670781],[99.864007,22.670847],[99.863758,22.671372],[99.863474,22.671547],[99.863213,22.67205],[99.863094,22.6724],[99.863118,22.672619],[99.864173,22.672838],[99.864799,22.672403],[99.865009,22.672379],[99.865315,22.672756],[99.865579,22.673321],[99.865567,22.672957],[99.865667,22.672629],[99.865785,22.672467],[99.86582,22.671786],[99.866168,22.671556],[99.866241,22.671344],[99.866581,22.671037],[99.866868,22.670593],[99.867174,22.670762],[99.867384,22.67072],[99.867782,22.670423],[99.868337,22.670346],[99.86862,22.670169],[99.869044,22.670046],[99.869277,22.669887],[99.869538,22.669859],[99.869717,22.669679],[99.86987,22.66929],[99.870215,22.669177],[99.870482,22.668877],[99.87057,22.66892],[99.870784,22.669114],[99.871041,22.669093],[99.871511,22.66875],[99.871894,22.668574],[99.872043,22.668253],[99.87311,22.666583],[99.87324,22.666248],[99.87345,22.666195],[99.87373,22.666015],[99.874227,22.665743],[99.874709,22.665704],[99.875057,22.665263],[99.875535,22.664804],[99.875998,22.664822],[99.876243,22.664674],[99.876388,22.664466],[99.876614,22.664307],[99.876805,22.664116],[99.877321,22.664116],[99.877512,22.663827],[99.877425,22.663407],[99.877428,22.663227],[99.877715,22.662987],[99.877891,22.662835],[99.878048,22.662486],[99.878113,22.662207],[99.87835,22.662062],[99.878561,22.661942],[99.878851,22.661427],[99.878756,22.661285],[99.878561,22.661123],[99.878671,22.660947],[99.879207,22.660749],[99.87954,22.660714],[99.87983,22.66065],[99.880347,22.660745],[99.880603,22.660721],[99.881299,22.660347],[99.881789,22.660191],[99.882278,22.660191],[99.882477,22.660128],[99.882779,22.660276],[99.883001,22.660318],[99.883502,22.659849],[99.884214,22.659775],[99.884566,22.659351],[99.885212,22.659019],[99.885442,22.658977],[99.885874,22.658606],[99.886249,22.658095],[99.886773,22.658095],[99.887392,22.657759],[99.887591,22.657657],[99.88841,22.657548],[99.888609,22.657413],[99.889117,22.656933],[99.889259,22.656545],[99.889649,22.65628],[99.889985,22.656471],[99.890475,22.656947],[99.890823,22.657788],[99.890815,22.658141],[99.890773,22.658458],[99.891198,22.658624],[99.8916,22.658631],[99.891768,22.658794],[99.891753,22.659111],[99.891982,22.659379],[99.890965,22.660107],[99.890881,22.660844],[99.890544,22.660993],[99.890487,22.661257],[99.89062,22.661741],[99.890341,22.662066],[99.889955,22.662246],[99.889947,22.662348],[99.890303,22.662574],[99.890777,22.663135],[99.891091,22.663887],[99.891232,22.66412],[99.891569,22.664137],[99.89194,22.664363],[99.892701,22.664487],[99.893153,22.664466],[99.893371,22.664706],[99.893493,22.665277],[99.893309,22.665489],[99.892854,22.665828],[99.892785,22.665994],[99.892743,22.666244],[99.892273,22.666619],[99.892388,22.666774],[99.892644,22.66677],[99.893045,22.667261],[99.893638,22.667014],[99.89396,22.667286],[99.894323,22.667917],[99.894438,22.668517],[99.894793,22.669012],[99.894709,22.669312],[99.895073,22.669626],[99.895195,22.669982],[99.895577,22.670377],[99.895497,22.67079],[99.895933,22.670413],[99.896526,22.670106],[99.897402,22.670423],[99.897574,22.670028],[99.897609,22.669647],[99.898163,22.669005],[99.89871,22.668793],[99.899039,22.66856],[99.899552,22.668503],[99.90032,22.66917],[99.900825,22.669142],[99.901453,22.669485],[99.901923,22.669534],[99.902175,22.669855],[99.902646,22.669901],[99.902956,22.669876],[99.903396,22.669957],[99.903893,22.669816],[99.904168,22.669672],[99.904604,22.67],[99.905163,22.669841],[99.905691,22.669968],[99.906249,22.670236],[99.906383,22.670684],[99.906922,22.671387],[99.907232,22.671514],[99.907687,22.671793],[99.907836,22.672128],[99.907836,22.672128],[99.907829,22.672559],[99.907549,22.672837],[99.907534,22.673102],[99.907679,22.673346],[99.907741,22.674066],[99.907894,22.674489],[99.907894,22.67469],[99.907894,22.674489],[99.907741,22.674066],[99.907679,22.673346],[99.907534,22.673102],[99.907549,22.672837],[99.907829,22.672559],[99.907836,22.672128],[99.907687,22.671793],[99.907232,22.671514],[99.906922,22.671387],[99.906383,22.670684],[99.906249,22.670236],[99.905691,22.669968],[99.905163,22.669841],[99.904604,22.67],[99.904168,22.669672],[99.903893,22.669816],[99.903396,22.669957],[99.902956,22.669876],[99.902646,22.669901],[99.902175,22.669855],[99.901923,22.669534],[99.901453,22.669485],[99.900825,22.669142],[99.90032,22.66917],[99.899552,22.668503],[99.899039,22.66856],[99.89871,22.668793],[99.898163,22.669005],[99.897609,22.669647],[99.897574,22.670028],[99.897402,22.670423],[99.896526,22.670106],[99.895933,22.670413],[99.895497,22.67079],[99.895577,22.670377],[99.895195,22.669982],[99.895073,22.669626],[99.894709,22.669312],[99.894793,22.669012],[99.894438,22.668517],[99.894323,22.667917],[99.89396,22.667286],[99.893638,22.667014],[99.893045,22.667261],[99.892644,22.66677],[99.892388,22.666774],[99.892273,22.666619],[99.892743,22.666244],[99.892785,22.665994],[99.892854,22.665828],[99.893309,22.665489],[99.893493,22.665277],[99.893371,22.664706],[99.893153,22.664466],[99.892701,22.664487],[99.89194,22.664363],[99.891569,22.664137],[99.891232,22.66412],[99.891091,22.663887],[99.890777,22.663135],[99.890303,22.662574],[99.889947,22.662348],[99.889955,22.662246],[99.890341,22.662066],[99.89062,22.661741],[99.890487,22.661257],[99.890544,22.660993],[99.890881,22.660844],[99.890965,22.660107],[99.891982,22.659379],[99.891753,22.659111],[99.891768,22.658794],[99.8916,22.658631],[99.891198,22.658624],[99.890773,22.658458],[99.890815,22.658141],[99.890823,22.657788],[99.890475,22.656947],[99.889985,22.656471],[99.889649,22.65628],[99.889259,22.656545],[99.889117,22.656933],[99.888609,22.657413],[99.88841,22.657548],[99.887591,22.657657],[99.887392,22.657759],[99.886773,22.658095],[99.886249,22.658095],[99.885874,22.658606],[99.885442,22.658977],[99.885212,22.659019],[99.884566,22.659351],[99.884214,22.659775],[99.883502,22.659849],[99.883001,22.660318],[99.882779,22.660276],[99.882477,22.660128],[99.882278,22.660191],[99.881789,22.660191],[99.881299,22.660347],[99.880603,22.660721],[99.880347,22.660745],[99.87983,22.66065],[99.87954,22.660714],[99.879207,22.660749],[99.878671,22.660947],[99.878561,22.661123],[99.878756,22.661285],[99.878851,22.661427],[99.878561,22.661942],[99.87835,22.662062],[99.878113,22.662207],[99.878048,22.662486],[99.877891,22.662835],[99.877715,22.662987],[99.877428,22.663227],[99.877425,22.663407],[99.877512,22.663827],[99.877321,22.664116],[99.876805,22.664116],[99.876614,22.664307],[99.876388,22.664466],[99.876243,22.664674],[99.875998,22.664822],[99.875535,22.664804],[99.875057,22.665263],[99.874709,22.665704],[99.874227,22.665743],[99.87373,22.666015],[99.87345,22.666195],[99.87324,22.666248],[99.87311,22.666583],[99.872043,22.668253],[99.871894,22.668574],[99.871511,22.66875],[99.871041,22.669093],[99.870784,22.669114],[99.87057,22.66892],[99.870482,22.668877],[99.870215,22.669177],[99.86987,22.66929],[99.869717,22.669679],[99.869538,22.669859],[99.869277,22.669887],[99.869044,22.670046],[99.86862,22.670169],[99.868337,22.670346],[99.867782,22.670423],[99.867384,22.67072],[99.867174,22.670762],[99.866868,22.670593],[99.866581,22.671037],[99.866241,22.671344],[99.866168,22.671556],[99.86582,22.671786],[99.865785,22.672467],[99.865667,22.672629],[99.865567,22.672957],[99.865579,22.673321],[99.865315,22.672756],[99.865009,22.672379],[99.864799,22.672403],[99.864173,22.672838],[99.863118,22.672619],[99.863094,22.6724],[99.863213,22.67205],[99.863474,22.671547],[99.863758,22.671372],[99.864007,22.670847],[99.864244,22.670781],[99.865051,22.670475],[99.865015,22.670201],[99.864505,22.669479],[99.864316,22.669042],[99.864055,22.668014],[99.86428,22.667543],[99.864387,22.666843],[99.864185,22.666559],[99.864221,22.666099],[99.864197,22.665793],[99.863723,22.664218],[99.863901,22.662785],[99.864292,22.6618],[99.864766,22.660498],[99.864802,22.66005],[99.864428,22.659632],[99.864318,22.659412],[99.86429,22.659273],[99.864298,22.659123],[99.864343,22.658978],[99.86442,22.658843],[99.864632,22.658598],[99.865763,22.657512],[99.866097,22.657165],[99.866182,22.657045],[99.866235,22.656915],[99.866255,22.656778],[99.866238,22.656638],[99.866187,22.656502],[99.866102,22.656378],[99.865987,22.656262],[99.865522,22.655933],[99.864347,22.655197],[99.864218,22.655082],[99.86412,22.654943],[99.864055,22.654787],[99.86402,22.654622],[99.86402,22.654455],[99.864087,22.653988],[99.864082,22.65384],[99.86405,22.653702],[99.86399,22.653573],[99.863905,22.653452],[99.863668,22.653245],[99.862797,22.652653],[99.862677,22.65254],[99.86258,22.652413],[99.862513,22.652273],[99.86248,22.65213],[99.86248,22.65198],[99.862507,22.65183],[99.862723,22.651087],[99.86275,22.650808],[99.862723,22.650683],[99.862662,22.650562],[99.862562,22.650457],[99.862432,22.65036],[99.861478,22.649832],[99.86134,22.649745],[99.861223,22.649648],[99.861132,22.649537],[99.861072,22.649412],[99.861045,22.64928],[99.86105,22.649155],[99.861087,22.649038],[99.861155,22.648933],[99.861255,22.648843],[99.861383,22.648775],[99.862075,22.648622],[99.862197,22.648573],[99.862307,22.648508],[99.862407,22.648427],[99.862585,22.648222],[99.863102,22.647377],[99.863262,22.647205],[99.86335,22.647138],[99.863447,22.647093],[99.863645,22.647048],[99.86375,22.647045],[99.864798,22.6471],[99.865305,22.647098],[99.86584,22.647043],[99.866507,22.646905],[99.866973,22.64676],[99.867438,22.64659],[99.867573,22.646497],[99.867853,22.646248],[99.868082,22.646137],[99.868168,22.646075],[99.868388,22.64599],[99.868717,22.645808],[99.869442,22.645313],[99.869758,22.645122],[99.869915,22.645045],[99.870068,22.644988],[99.870222,22.644953],[99.870375,22.644938],[99.870683,22.644968],[99.871522,22.645122],[99.871677,22.645133],[99.871828,22.645122],[99.871992,22.645087],[99.872155,22.645022],[99.872297,22.644927],[99.872678,22.644553],[99.872812,22.644433],[99.872958,22.64433],[99.873118,22.644255],[99.873285,22.644208],[99.873453,22.64418],[99.873948,22.64414],[99.8741,22.64411],[99.874238,22.644058],[99.874362,22.64399],[99.874473,22.643905],[99.874565,22.643802],[99.874632,22.64368],[99.874677,22.643545],[99.874682,22.643402],[99.874645,22.643267],[99.874578,22.643143],[99.874488,22.643028],[99.874377,22.642935],[99.874232,22.642877],[99.874068,22.642855],[99.873893,22.642865],[99.87372,22.642903],[99.873548,22.642968],[99.873212,22.64315],[99.873035,22.643227],[99.872848,22.643273],[99.872653,22.643287],[99.872247,22.643242],[99.870278,22.64288],[99.869835,22.642757],[99.86966,22.642673],[99.869523,22.642582],[99.86941,22.642472],[99.86932,22.642345],[99.869265,22.642183],[99.869252,22.64209],[99.869282,22.641892],[99.869332,22.641788],[99.869405,22.641693],[99.869505,22.641617],[99.869627,22.641552],[99.8708,22.641105],[99.871197,22.640985],[99.871408,22.64094],[99.872063,22.640852],[99.872278,22.640805],[99.872895,22.640592],[99.873263,22.640393],[99.873423,22.640272],[99.873565,22.640132],[99.873823,22.639825],[99.873948,22.63966],[99.87455,22.63875],[99.875403,22.637508],[99.875677,22.63717],[99.875833,22.637018],[99.876183,22.636755],[99.877193,22.636075],[99.878193,22.635448],[99.878363,22.635373],[99.87854,22.635323],[99.87872,22.635303],[99.879233,22.635298],[99.879393,22.635282],[99.87954,22.635242],[99.879675,22.635185],[99.879792,22.635105],[99.879877,22.635003],[99.87993,22.634893],[99.879967,22.634667],[99.879958,22.634485],[99.879863,22.634108],[99.879862,22.633983],[99.879864,22.633839],[99.879894,22.633645],[99.880076,22.633327],[99.880765,22.632447],[99.881424,22.631568],[99.881566,22.631306],[99.881576,22.630913],[99.881566,22.630445],[99.881657,22.630127],[99.882103,22.629416],[99.882215,22.629098],[99.882204,22.628621],[99.882194,22.627733],[99.882306,22.62733],[99.882508,22.627096],[99.883035,22.62675],[99.883258,22.626507],[99.883604,22.625889],[99.883802,22.625669],[99.88408,22.62551],[99.884506,22.625407],[99.884815,22.62529],[99.885094,22.625009],[99.885692,22.624244],[99.885942,22.623889],[99.886022,22.623667],[99.885925,22.623261],[99.885818,22.622984],[99.885743,22.622528],[99.885871,22.622162],[99.886494,22.621716],[99.88672,22.621409],[99.886805,22.621023],[99.886741,22.620458],[99.886827,22.619993],[99.887706,22.618537],[99.887943,22.618398],[99.888489,22.618289],[99.88894,22.618121],[99.891279,22.615942],[99.891386,22.615526],[99.891354,22.615209],[99.891193,22.614932],[99.890592,22.614447],[99.89042,22.61411],[99.89041,22.613743],[99.892169,22.610069],[99.892449,22.609009],[99.893028,22.606761],[99.893092,22.606325],[99.893114,22.60587],[99.892996,22.605463],[99.893007,22.604968],[99.893382,22.603671],[99.8935,22.603156],[99.893629,22.601581],[99.893747,22.600521],[99.893683,22.600135],[99.8935,22.599897],[99.893231,22.599739],[99.892663,22.59958],[99.892213,22.599531],[99.891955,22.599323],[99.891859,22.599105],[99.891891,22.598897],[99.89203,22.598649],[99.893403,22.597906],[99.893843,22.597797],[99.894122,22.597866],[99.894519,22.598094],[99.894819,22.598183],[99.895087,22.598154],[99.895375,22.598045],[99.895586,22.597753],[99.895922,22.596689],[99.896208,22.596442],[99.896837,22.596282],[99.897105,22.596074],[99.897201,22.595836],[99.897234,22.595311],[99.897286,22.595014],[99.89744,22.594826],[99.897835,22.594667],[99.898338,22.594277],[99.898524,22.593974],[99.89891,22.592984],[99.899088,22.592582],[99.899401,22.592424],[99.900071,22.592201],[99.90021,22.592008],[99.900263,22.591765],[99.900249,22.591537],[99.900045,22.591349],[99.899637,22.590972],[99.899491,22.590617],[99.899513,22.590281],[99.900053,22.589789],[99.900235,22.589578],[99.900361,22.589343],[99.900445,22.589031],[99.900432,22.588336],[99.900429,22.588016],[99.900502,22.587287],[99.90057,22.586604],[99.900741,22.585526],[99.900989,22.585021],[99.902244,22.584001],[99.902701,22.583643],[99.903156,22.583097],[99.903499,22.582354],[99.903585,22.581542],[99.903928,22.580551],[99.904786,22.579432],[99.90544,22.578432],[99.906021,22.577084],[99.906675,22.575162],[99.907319,22.574152],[99.908821,22.572537],[99.909304,22.571893],[99.90955,22.571269],[99.909883,22.569555],[99.910151,22.568851],[99.910719,22.567999],[99.910839,22.567536],[99.91088,22.567375],[99.911119,22.565551],[99.911133,22.565444],[99.911336,22.563717],[99.911436,22.563214],[99.911575,22.562786],[99.911816,22.56229],[99.912074,22.561881],[99.912415,22.56145],[99.912611,22.561257],[99.912859,22.561015],[99.913163,22.560779],[99.913589,22.56046],[99.915708,22.559023],[99.916228,22.5586],[99.91676,22.557973],[99.917243,22.557131],[99.917672,22.556407],[99.918122,22.555892],[99.918766,22.555348],[99.91926,22.554981],[99.922645,22.552466],[99.922953,22.552174],[99.92328,22.551822],[99.923498,22.551577],[99.923787,22.551131],[99.923908,22.550938],[99.92397,22.550852],[99.92406,22.550705],[99.924342,22.55049],[99.924661,22.55028],[99.925056,22.550093],[99.925343,22.550007],[99.92572,22.549927],[99.927286,22.549821],[99.928143,22.549771],[99.92859,22.549726],[99.929436,22.549469],[99.929785,22.549389],[99.930745,22.549273],[99.931289,22.549128],[99.931671,22.548962],[99.931947,22.548768],[99.932272,22.548458],[99.932904,22.547542],[99.933302,22.547022],[99.933649,22.546632],[99.934522,22.545709],[99.934694,22.545545],[99.935073,22.545153],[99.935461,22.544667],[99.935681,22.544218],[99.935821,22.543733],[99.935867,22.543358],[99.93588,22.542966],[99.935824,22.54261],[99.935742,22.542338],[99.935647,22.542105],[99.935445,22.541706],[99.934876,22.540907],[99.934698,22.540486],[99.934643,22.54017],[99.934643,22.53981],[99.934737,22.539144],[99.934745,22.538811],[99.934703,22.538476],[99.934545,22.538094],[99.934156,22.537425],[99.934057,22.537197],[99.934008,22.536937],[99.934019,22.536673],[99.934118,22.536374],[99.934298,22.536116],[99.934521,22.535923],[99.935925,22.534979],[99.93623,22.534825],[99.937243,22.534496],[99.938044,22.534043],[99.938305,22.533937],[99.938706,22.533864],[99.939193,22.533831],[99.939451,22.533766],[99.939757,22.533636],[99.940001,22.53343],[99.940932,22.532125],[99.941256,22.531689],[99.941495,22.531455],[99.941836,22.53119],[99.942223,22.53094],[99.942643,22.53073],[99.94352,22.530408],[99.943876,22.530236],[99.9442,22.530033],[99.944767,22.529621],[99.945168,22.529395],[99.945716,22.529177],[99.946022,22.529021],[99.946237,22.528851],[99.946718,22.528368],[99.946995,22.528173],[99.947363,22.528014],[99.948183,22.527761],[99.948639,22.527547],[99.94922,22.527256],[99.949537,22.52715],[99.949985,22.527085],[99.950473,22.527051],[99.950693,22.526991],[99.950953,22.52685],[99.951454,22.526521],[99.951822,22.526317],[99.952263,22.526201],[99.952705,22.526173],[99.953229,22.526166],[99.953575,22.526117],[99.953899,22.525977],[99.954139,22.525814],[99.954377,22.52555],[99.954846,22.524684],[99.955091,22.524363],[99.955339,22.524128],[99.95684,22.523055],[99.95719,22.522783],[99.957464,22.522444],[99.957654,22.522093],[99.957759,22.521725],[99.957851,22.521153],[99.957937,22.520802],[99.958106,22.520398],[99.958304,22.520082],[99.958877,22.519396],[99.959071,22.519027],[99.959334,22.518386],[99.959556,22.518047],[99.959824,22.517813],[99.96015,22.517648],[99.9607,22.517474],[99.96101,22.517359],[99.961272,22.51722],[99.961574,22.517024],[99.961991,22.516663],[99.962365,22.516385],[99.962724,22.516186],[99.96311,22.516065],[99.963584,22.516005],[99.964096,22.516025],[99.964588,22.516145],[99.965692,22.516592],[99.966725,22.516908],[99.967107,22.516959],[99.967568,22.516951],[99.968004,22.516881],[99.968533,22.516711],[99.968912,22.51655],[99.969264,22.51633],[99.969475,22.516154],[99.969771,22.515857],[99.969929,22.515723],[99.969981,22.515635],[99.970165,22.515253],[99.970326,22.51477],[99.970842,22.51185],[99.970626,22.509795],[99.96998,22.506948],[99.970055,22.506374],[99.970509,22.505638],[99.970984,22.50464],[99.971204,22.504383],[99.971744,22.50398],[99.972085,22.503583],[99.972345,22.503],[99.972967,22.502067],[99.973051,22.501816],[99.973039,22.501391],[99.972726,22.500629],[99.97268,22.500247],[99.972771,22.499884],[99.972909,22.499673],[99.973297,22.499304],[99.973794,22.498704],[99.973943,22.498243],[99.973921,22.497168],[99.973909,22.496586],[99.974174,22.495807],[99.975703,22.494106],[99.976592,22.492543],[99.976954,22.49232],[99.978384,22.492017],[99.978998,22.491542],[99.979275,22.491022],[99.97935,22.490319],[99.979018,22.489176],[99.978996,22.48884],[99.979063,22.48852],[99.979267,22.488085],[99.979535,22.487784],[99.979942,22.487513],[99.982014,22.486679],[99.982908,22.486119],[99.983373,22.485611],[99.984426,22.483691],[99.986208,22.481877],[99.987071,22.480196],[99.987301,22.47994],[99.98772,22.479617],[99.988356,22.479334],[99.989516,22.479136],[99.989965,22.478933],[99.990197,22.478707],[99.990371,22.478427],[99.990452,22.478133],[99.990442,22.47785],[99.990265,22.47747],[99.989948,22.477185],[99.989544,22.47699],[99.989088,22.476951],[99.986542,22.477464],[99.986106,22.477429],[99.985985,22.477369],[99.985796,22.477185],[99.985657,22.476948],[99.985622,22.476694],[99.985685,22.476449],[99.985955,22.476148],[99.98645,22.475899],[99.98759,22.475599],[99.988065,22.475357],[99.988651,22.47485],[99.98934,22.473806],[99.989762,22.47333],[99.991335,22.47243],[99.992723,22.470955],[99.992907,22.470593],[99.992917,22.470296],[99.992848,22.470006],[99.992486,22.469319],[99.992469,22.469184],[99.992501,22.468925],[99.992554,22.468815],[99.992857,22.468479],[99.993619,22.467999],[99.993794,22.467759],[99.993971,22.467095],[99.994074,22.466862],[99.994226,22.466662],[99.994476,22.466513],[99.995238,22.466307],[99.995537,22.466142],[99.995778,22.465912],[99.995956,22.465623],[99.996309,22.46449],[99.996541,22.464219],[99.998174,22.462917],[99.999334,22.461302],[99.999727,22.46101],[100.000057,22.460908],[100.000567,22.460877],[100.001516,22.461018],[100.001939,22.460896],[100.00216,22.460718],[100.002375,22.46037],[100.002642,22.459248],[100.002924,22.458922],[100.003187,22.458769],[100.004378,22.458423],[100.005688,22.457779],[100.005898,22.457509],[100.006101,22.457012],[100.00609,22.456721],[100.005966,22.456531],[100.005585,22.456213],[100.005081,22.455962],[100.004033,22.455512],[100.00162,22.454941],[100.001253,22.454741],[100.001025,22.454454],[100.001002,22.454048],[100.001071,22.453746],[100.001549,22.452774],[100.001984,22.451475],[100.002142,22.4501],[100.002371,22.449663],[100.002672,22.449352],[100.003061,22.449176],[100.003602,22.449056],[100.003826,22.448924],[100.004034,22.44867],[100.004054,22.448498],[100.003925,22.448222],[100.003772,22.448077],[100.003565,22.447989],[100.002786,22.447874],[100.00254,22.44778],[100.002319,22.447494],[100.002271,22.447256],[100.002408,22.446326],[100.002415,22.44583],[100.002284,22.445479],[100.002112,22.445299],[100.001362,22.444849],[100.001234,22.444657],[100.001178,22.444433],[100.0012,22.444211],[100.001574,22.443475],[100.001615,22.443242],[100.001557,22.443015],[100.001325,22.442761],[100.000822,22.442501],[100.000559,22.442175],[100.000521,22.441979],[100.000571,22.441782],[100.000772,22.441547],[100.001502,22.441317],[100.001683,22.441175],[100.001783,22.44098],[100.001789,22.440784],[100.001631,22.440518],[100.001147,22.440255],[100.000955,22.440092],[100.000792,22.439896],[100.000701,22.439672],[100.000728,22.439348],[100.001143,22.438688],[100.001178,22.438371],[100.000994,22.437673],[100.001061,22.436796],[100.001034,22.43659],[100.000936,22.436415],[100.000648,22.436222],[100.000066,22.436117],[99.999743,22.436001],[99.999557,22.435743],[99.999533,22.435559],[99.999639,22.43532],[99.999806,22.435188],[100.00044,22.434941],[100.000731,22.434692],[100.000835,22.434463],[100.000857,22.434212],[100.000772,22.433879],[100.000021,22.432964],[99.999951,22.432699],[99.999959,22.432439],[100.000232,22.431667],[100.000281,22.431411],[100.000231,22.430561],[100.000427,22.429658],[100.000334,22.429327],[100.000051,22.428963],[99.99999,22.42862],[100.000061,22.428377],[100.000447,22.427713],[100.000617,22.427103],[100.000615,22.426456],[100.000713,22.425966],[100.001379,22.424617],[100.001516,22.422938],[100.001681,22.422516],[100.002052,22.422045],[100.002423,22.421777],[100.0027,22.421471],[100.00285,22.421075],[100.002892,22.420748],[100.002792,22.420278],[100.002532,22.419874],[100.001696,22.419209],[100.001453,22.418849],[100.001414,22.418575],[100.001923,22.41666],[100.002011,22.415043],[100.001931,22.414788],[100.001797,22.413508],[100.001834,22.413029],[100.001909,22.412494],[100.001877,22.412254],[100.001786,22.412013],[100.001737,22.41194],[100.00157,22.411689],[100.001436,22.41139],[100.001298,22.411053],[100.001228,22.410612],[100.001212,22.409372],[100.001266,22.408912],[100.001983,22.407337],[100.002089,22.4068],[100.001571,22.404504],[100.001651,22.403052],[100.001509,22.40215],[100.001559,22.401326],[100.001384,22.400435],[100.001038,22.398739],[100.000809,22.398339],[100.000413,22.397503],[100.000318,22.396742],[100.000725,22.393671],[100.000723,22.392607],[100.000653,22.392442],[100.000203,22.391855],[100.000015,22.391466],[100.000022,22.391134],[100.000276,22.390527],[100.000499,22.389749],[100.000714,22.389097],[100.001489,22.388247],[100.001681,22.387841],[100.001765,22.386749],[100.002973,22.383547],[100.003336,22.382717],[100.003335,22.381703],[100.003399,22.381324],[100.003633,22.380992],[100.004421,22.380445],[100.00469,22.38016],[100.004821,22.379807],[100.004752,22.378317],[100.00485,22.377772],[100.005619,22.376374],[100.005871,22.375746],[100.005921,22.374929],[100.005715,22.373656],[100.005791,22.373029],[100.006199,22.372148],[100.007308,22.371007],[100.007487,22.370802],[100.007689,22.370497],[100.00779,22.37031],[100.008151,22.369419],[100.00865,22.368636],[100.008773,22.368312],[100.008899,22.367567],[100.008957,22.36732],[100.009096,22.367048],[100.009276,22.366831],[100.009868,22.36633],[100.010097,22.365988],[100.010406,22.365231],[100.011337,22.363737],[100.01142,22.36324],[100.011263,22.362122],[100.011334,22.361862],[100.01168,22.361452],[100.012504,22.360909],[100.01265,22.360689],[100.012715,22.360414],[100.012619,22.358695],[100.012474,22.358179],[100.011858,22.357386],[100.011635,22.357017],[100.011591,22.356743],[100.011624,22.356475],[100.011817,22.356083],[100.013167,22.354479],[100.013851,22.353904],[100.01498,22.35338],[100.015374,22.353092],[100.015653,22.352715],[100.015781,22.352269],[100.015765,22.351363],[100.015909,22.350767],[100.016729,22.349214],[100.017429,22.348373],[100.017671,22.347965],[100.017725,22.347657],[100.017696,22.347361],[100.017592,22.347077],[100.01694,22.346045],[100.016884,22.345746],[100.016899,22.345589],[100.017032,22.345138],[100.018488,22.342748],[100.018635,22.342288],[100.018666,22.341799],[100.018292,22.340246],[100.018334,22.339336],[100.019429,22.335753],[100.019578,22.335263],[100.019516,22.334546],[100.019296,22.333867],[100.018363,22.332234],[100.018254,22.331906],[100.018223,22.33142],[100.018341,22.330936],[100.018602,22.330504],[100.018972,22.330154],[100.019989,22.329542],[100.020278,22.329156],[100.020447,22.328526],[100.020636,22.328042],[100.020838,22.32777],[100.021745,22.326986],[100.021923,22.326703],[100.022245,22.32575],[100.022704,22.325026],[100.023386,22.32434],[100.023623,22.323945],[100.023866,22.323127],[100.024057,22.321769],[100.023913,22.321264],[100.022622,22.31922],[100.022566,22.318789],[100.022685,22.318361],[100.02293,22.317976],[100.023287,22.317684],[100.023979,22.317378],[100.025226,22.316706],[100.02577,22.315907],[100.026467,22.314998],[100.026711,22.314829],[100.027695,22.314389],[100.028046,22.314051],[100.028291,22.313636],[100.028919,22.310158],[100.029329,22.309539],[100.030518,22.308615],[100.030935,22.308013],[100.031041,22.307615],[100.030988,22.305707],[100.031101,22.305191],[100.031418,22.304779],[100.031741,22.304555],[100.032126,22.304423],[100.032394,22.304397],[100.033615,22.304742],[100.034017,22.304718],[100.034406,22.304555],[100.035318,22.303716],[100.035668,22.303488],[100.03607,22.303313],[100.037847,22.303109],[100.038228,22.302895],[100.038588,22.302472],[100.038991,22.301576],[100.039928,22.30057],[100.040032,22.300326],[100.040053,22.300078],[100.039981,22.299848],[100.039769,22.299552],[100.039191,22.299191],[100.038784,22.298757],[100.03861,22.298363],[100.038575,22.297796],[100.038687,22.297394],[100.038918,22.297051],[100.039248,22.29679],[100.043137,22.295082],[100.043744,22.294946],[100.045009,22.294916],[100.045656,22.294815],[100.045955,22.294668],[100.046348,22.294377],[100.047424,22.293002],[100.048023,22.292559],[100.049566,22.291838],[100.050045,22.291587],[100.050436,22.291261],[100.050969,22.290323],[100.051341,22.290063],[100.051765,22.289889],[100.052801,22.289788],[100.053588,22.289535],[100.054165,22.289078],[100.055048,22.287567],[100.055464,22.287215],[100.055958,22.286961],[100.056511,22.286782],[100.057163,22.286444],[100.057789,22.285875],[100.05826,22.28554],[100.058393,22.28549],[100.059593,22.28525],[100.060554,22.284805],[100.060939,22.28468],[100.061736,22.284672],[100.062256,22.284607],[100.062979,22.284231],[100.063233,22.284143],[100.06405,22.284106],[100.064414,22.28399],[100.064587,22.283813],[100.064701,22.28346],[100.064701,22.282393],[100.064876,22.281924],[100.065125,22.281522],[100.065708,22.281197],[100.066833,22.280656],[100.067562,22.280546],[100.068119,22.280626],[100.068383,22.280631],[100.068629,22.280539],[100.06882,22.280362],[100.06893,22.28014],[100.068996,22.279498],[100.069115,22.279142],[100.069338,22.27888],[100.070167,22.278441],[100.07035,22.278184],[100.07044,22.277851],[100.070495,22.277574],[100.070402,22.275839],[100.070259,22.275028],[100.070405,22.274662],[100.070891,22.274053],[100.071061,22.273698],[100.071059,22.27345],[100.070942,22.273099],[100.0703,22.272158],[100.069916,22.271774],[100.069667,22.271705],[100.068616,22.271705],[100.068405,22.2716],[100.068254,22.271436],[100.068171,22.271229],[100.068239,22.27079],[100.068872,22.269768],[100.070576,22.268041],[100.071863,22.267345],[100.072612,22.266701],[100.073266,22.265798],[100.073613,22.265467],[100.07465,22.264879],[100.075049,22.264544],[100.075965,22.263321],[100.077876,22.261458],[100.078349,22.261272],[100.078587,22.26127],[100.078992,22.261267],[100.080164,22.261259],[100.08114,22.261053],[100.082055,22.260557],[100.08311,22.259509],[100.083936,22.258688],[100.084946,22.257275],[100.084779,22.256663],[100.084638,22.256384],[100.084362,22.256126],[100.084353,22.256016],[100.08444,22.255686],[100.08427,22.254947],[100.082553,22.251928],[100.082539,22.251777],[100.082598,22.251616],[100.083326,22.250687],[100.083473,22.250581],[100.083791,22.250455],[100.085012,22.249924],[100.08522,22.24972],[100.086068,22.247668],[100.086121,22.247366],[100.086088,22.247214],[100.08602,22.24708],[100.085216,22.24635],[100.083666,22.245758],[100.083437,22.245538],[100.08328,22.245276],[100.083195,22.245023],[100.083206,22.244894],[100.083464,22.244244],[100.083638,22.24403],[100.084918,22.243279],[100.085032,22.243156],[100.085261,22.242739],[100.085508,22.241925],[100.085816,22.238881],[100.085762,22.238285],[100.085563,22.237862],[100.084275,22.23617],[100.084026,22.235935],[100.083123,22.235511],[100.082928,22.235295],[100.082692,22.234572],[100.082567,22.234475],[100.082102,22.233551],[100.082049,22.233355],[100.081116,22.232756],[100.080983,22.232752],[100.08073,22.232855],[100.080507,22.232824],[100.080154,22.232602],[100.07934,22.23222],[100.079149,22.231987],[100.078963,22.231352],[100.078976,22.231243],[100.079048,22.231139],[100.079445,22.230782],[100.079646,22.23026],[100.079684,22.229864],[100.079632,22.229745],[100.079542,22.22966],[100.079409,22.22961],[100.079005,22.229567],[100.078636,22.229449],[100.078539,22.229371],[100.078388,22.22893],[100.078303,22.228875],[100.0782,22.228884],[100.078132,22.228949],[100.078111,22.229055],[100.078127,22.229162],[100.078416,22.229735],[100.078354,22.229832],[100.078222,22.229805],[100.078166,22.229719],[100.077984,22.229233],[100.077816,22.229033],[100.077385,22.228836],[100.07684,22.22854],[100.075819,22.228276],[100.075651,22.228274],[100.074959,22.2284],[100.07432,22.228432],[100.073835,22.228592],[100.072877,22.228583],[100.071971,22.228924],[100.071704,22.228954],[100.071435,22.228871],[100.071174,22.228522],[100.071073,22.228467],[100.070366,22.228784],[100.069966,22.228902],[100.069714,22.228862],[100.069186,22.228569],[100.068891,22.228482],[100.06821,22.228459],[100.068074,22.228404],[100.067854,22.228232],[100.06759,22.228058],[100.066802,22.227324],[100.066306,22.227008],[100.06574,22.226451],[100.065608,22.226417],[100.065477,22.226464],[100.065252,22.226654],[100.065104,22.226721],[100.064962,22.226734],[100.064811,22.226696],[100.064676,22.226625],[100.064588,22.226532],[100.064453,22.226286],[100.064325,22.225629],[100.064007,22.225087],[100.063715,22.224835],[100.063481,22.2248],[100.063152,22.224879],[100.06302,22.224864],[100.062986,22.224752],[100.06303,22.224666],[100.063112,22.224596],[100.063551,22.224491],[100.064087,22.224293],[100.064313,22.224066],[100.064453,22.223596],[100.064735,22.223251],[100.064759,22.223141],[100.064647,22.222948],[100.064451,22.222565],[100.064479,22.222478],[100.064546,22.222402],[100.064642,22.22235],[100.065722,22.222056],[100.065914,22.22194],[100.065929,22.221841],[100.065856,22.221748],[100.065754,22.221683],[100.065523,22.221643],[100.065297,22.221696],[100.064805,22.22199],[100.06413,22.222052],[100.063635,22.222501],[100.063526,22.222514],[100.063172,22.222454],[100.062943,22.22249],[100.062754,22.222611],[100.062485,22.222937],[100.062199,22.223186],[100.061465,22.223561],[100.061144,22.223698],[100.06081,22.22391],[100.060593,22.224036],[100.060483,22.224033],[100.060414,22.223991],[100.060183,22.223686],[100.060108,22.223602],[100.059269,22.223462],[100.058562,22.223143],[100.058006,22.222617],[100.057553,22.221744],[100.056958,22.221038],[100.0562,22.220613],[100.056142,22.220499],[100.056229,22.220416],[100.056338,22.220428],[100.056938,22.220744],[100.05798,22.221606],[100.058606,22.222224],[100.058867,22.222409],[100.059332,22.22244],[100.05964,22.222382],[100.059759,22.222311],[100.059824,22.222204],[100.059796,22.222089],[100.059692,22.222014],[100.059142,22.221947],[100.059024,22.221872],[100.058777,22.22119],[100.058599,22.220989],[100.058085,22.220667],[100.057987,22.220566],[100.057544,22.219838],[100.057165,22.218647],[100.057252,22.218585],[100.057341,22.218612],[100.057417,22.218703],[100.057587,22.219126],[100.057753,22.219408],[100.058358,22.219925],[100.058499,22.219968],[100.058648,22.219966],[100.058938,22.219889],[100.059247,22.219869],[100.059559,22.219962],[100.060084,22.220294],[100.060232,22.220311],[100.060368,22.22027],[100.060492,22.220194],[100.060854,22.21988],[100.061039,22.219651],[100.061064,22.219515],[100.061022,22.219244],[100.061041,22.219122],[100.061117,22.21903],[100.061229,22.218963],[100.061758,22.2188],[100.062027,22.21868],[100.062128,22.218585],[100.06222,22.218346],[100.062219,22.217972],[100.062136,22.2179],[100.06202,22.217957],[100.061967,22.218321],[100.061907,22.218415],[100.061796,22.218465],[100.061665,22.218443],[100.061246,22.218283],[100.06112,22.218302],[100.061012,22.218375],[100.060407,22.219033],[100.060295,22.219074],[100.060078,22.218989],[100.060015,22.218897],[100.05912,22.216215],[100.058747,22.215748],[100.058613,22.215685],[100.058443,22.215676],[100.057986,22.215768],[100.057429,22.215814],[100.057275,22.215779],[100.056845,22.215609],[100.05618,22.215501],[100.056063,22.215426],[100.056021,22.215341],[100.056071,22.215221],[100.056183,22.215209],[100.056521,22.215382],[100.056664,22.215406],[100.057237,22.215375],[100.057539,22.215272],[100.05853,22.21473],[100.058718,22.214565],[100.058694,22.214459],[100.05857,22.214388],[100.058363,22.214456],[100.057731,22.214899],[100.057593,22.214919],[100.057474,22.214871],[100.0574,22.214764],[100.057386,22.214637],[100.057462,22.214196],[100.05744,22.214052],[100.057362,22.213946],[100.057227,22.213889],[100.057078,22.213896],[100.056937,22.213939],[100.056581,22.214176],[100.056451,22.214216],[100.056321,22.21421],[100.056059,22.214108],[100.055971,22.214017],[100.055928,22.213902],[100.05603,22.21299],[100.055774,22.212214],[100.055825,22.211651],[100.055746,22.210673],[100.055828,22.210568],[100.055944,22.21061],[100.055992,22.210704],[100.056186,22.211692],[100.056501,22.21243],[100.056731,22.212783],[100.056861,22.212823],[100.057004,22.212789],[100.057569,22.21255],[100.057892,22.212497],[100.058362,22.21251],[100.058477,22.212446],[100.058508,22.212327],[100.058471,22.212058],[100.058544,22.2118],[100.058822,22.211445],[100.05907,22.21128],[100.059178,22.211254],[100.059283,22.211277],[100.05935,22.211365],[100.059379,22.211612],[100.059422,22.211733],[100.059523,22.21182],[100.059665,22.211847],[100.059808,22.211808],[100.059928,22.211716],[100.060105,22.211356],[100.060213,22.211272],[100.060348,22.211229],[100.060489,22.211241],[100.060621,22.211297],[100.061258,22.212027],[100.061379,22.21207],[100.061487,22.212021],[100.061557,22.211907],[100.061694,22.211195],[100.061558,22.210328],[100.061585,22.21019],[100.061785,22.209647],[100.062184,22.209445],[100.062262,22.209353],[100.062236,22.209246],[100.062134,22.209177],[100.062,22.209175],[100.061866,22.209227],[100.060884,22.210056],[100.060754,22.21007],[100.060643,22.210008],[100.060569,22.209898],[100.060432,22.209548],[100.060326,22.209456],[100.060194,22.209411],[100.059631,22.209342],[100.059272,22.20922],[100.059188,22.209141],[100.059156,22.209032],[100.059296,22.208296],[100.059281,22.20817],[100.059136,22.207712],[100.059153,22.207612],[100.059358,22.207493],[100.059744,22.207428],[100.059831,22.207348],[100.059848,22.20724],[100.059715,22.207019],[100.059385,22.206733],[100.058432,22.206305],[100.058252,22.205919],[100.058272,22.204764],[100.058167,22.204485],[100.057942,22.204272],[100.057095,22.203802],[100.056878,22.203681],[100.05667,22.203458],[100.05655,22.203375],[100.056269,22.203359],[100.055653,22.203625],[100.05543,22.203657],[100.055272,22.203617],[100.054802,22.203081],[100.054639,22.202812],[100.054515,22.202554],[100.054373,22.202274],[100.054341,22.202132],[100.054336,22.201727],[100.054236,22.201151],[100.054089,22.200833],[100.054016,22.200775],[100.053929,22.200735],[100.053791,22.200724],[100.052919,22.200808],[100.052109,22.201007],[100.051552,22.201067],[100.051155,22.201186],[100.050978,22.201322],[100.050854,22.201531],[100.050755,22.201936],[100.050656,22.202053],[100.050508,22.202067],[100.04997,22.201917],[100.049218,22.201707],[100.048952,22.20176],[100.048624,22.201903],[100.048239,22.202028],[100.047636,22.202095],[100.046091,22.20197],[100.045935,22.2019],[100.04566,22.201887],[100.04538,22.201827],[100.043267,22.2017],[100.042621,22.201801],[100.039989,22.203244],[100.039322,22.203523],[100.038289,22.203955],[100.037947,22.204019],[100.037351,22.204011],[100.036903,22.204085],[100.036408,22.204116],[100.035206,22.203891],[100.034727,22.203962],[100.034162,22.203898],[100.033937,22.203982],[100.033833,22.204079],[100.033544,22.204502],[100.03343,22.204578],[100.033304,22.20461],[100.033184,22.204592],[100.032511,22.204324],[100.032092,22.203829],[100.031721,22.203571],[100.03059,22.203044],[100.030029,22.20257],[100.029785,22.202477],[100.02954,22.202461],[100.028685,22.202711],[100.028449,22.202787],[100.028312,22.202831],[100.028127,22.202829],[100.027871,22.20298],[100.027806,22.202916],[100.027744,22.202855],[100.028079,22.202494],[100.029333,22.201724],[100.029752,22.20171],[100.029977,22.201628],[100.030105,22.201455],[100.02983,22.201005],[100.029549,22.200788],[100.029287,22.200664],[100.028879,22.199979],[100.028401,22.199566],[100.027334,22.200133],[100.02697,22.20089],[100.026471,22.201268],[100.026326,22.201329],[100.025718,22.201468],[100.025387,22.201409],[100.024469,22.200883],[100.02404,22.200555],[100.023506,22.200495],[100.022411,22.200538],[100.021706,22.200891],[100.021251,22.200933],[100.020887,22.200945],[100.020029,22.201067],[100.018381,22.201464],[100.017452,22.201305],[100.017209,22.201263],[100.016106,22.200967],[100.015176,22.2003],[100.01443,22.199736],[100.014201,22.199642],[100.012593,22.199615],[100.01175,22.199404],[100.010726,22.199122],[100.010101,22.199134],[100.009758,22.199188],[100.008532,22.199544],[100.007864,22.199589],[100.006902,22.199615],[100.006503,22.199585],[100.006166,22.199477],[100.005874,22.199378],[100.005637,22.199202],[100.005488,22.198858],[100.005242,22.19854],[100.004893,22.198366],[100.004453,22.198327],[100.004101,22.198357],[100.002192,22.197771],[100.001896,22.197528],[100.001199,22.1973],[100.000017,22.196798],[99.999874,22.196738],[99.998726,22.196519],[99.997846,22.196539],[99.996303,22.196152],[99.996172,22.195991],[99.995936,22.195635],[99.995536,22.194781],[99.995534,22.194578],[99.995665,22.19418],[99.995842,22.19376],[99.996446,22.192735],[99.996682,22.192196],[99.996783,22.192054],[99.997333,22.191508],[99.997492,22.191205],[99.997585,22.190957],[99.997618,22.190783],[99.99761,22.190611],[99.997438,22.190184],[99.997459,22.190055],[99.99754,22.18999],[99.997883,22.189886],[99.998033,22.189787],[99.998154,22.18961],[99.998221,22.189377],[99.998224,22.188185],[99.998197,22.187847],[99.997851,22.186496],[99.997881,22.186277],[99.99799,22.186099],[99.998162,22.185937],[99.998421,22.18581],[99.998487,22.185778],[99.998892,22.185637],[99.999176,22.185473],[99.999729,22.185093],[99.999887,22.184879],[99.999959,22.184653],[99.99997,22.18438],[99.999914,22.183821],[99.999951,22.1836],[100.000136,22.183138],[100.000227,22.182803],[100.00027,22.182321],[100.000319,22.182102],[100.000399,22.181953],[100.000914,22.181489],[100.001115,22.181206],[100.00118,22.181],[100.001227,22.180309],[100.001282,22.179509],[100.001359,22.179292],[100.001504,22.179122],[100.001719,22.179008],[100.002419,22.178921],[100.002566,22.178859],[100.002682,22.178717],[100.002934,22.178054],[100.003299,22.177234],[100.003344,22.176969],[100.003325,22.176122],[100.003374,22.175933],[100.00394,22.174852],[100.00435,22.173839],[100.004447,22.173675],[100.004691,22.173432],[100.004978,22.173258],[100.005192,22.173109],[100.005608,22.172612],[100.006346,22.172247],[100.007089,22.171961],[100.007786,22.171849],[100.007936,22.171735],[100.008038,22.171527],[100.008135,22.171345],[100.008403,22.170987],[100.008765,22.170622],[100.009077,22.170319],[100.009291,22.170145],[100.011233,22.169194],[100.01152,22.169046],[100.011718,22.168884],[100.012284,22.168543],[100.012566,22.16831],[100.012827,22.168001],[100.012845,22.167979],[100.012992,22.167629],[100.013081,22.166693],[100.013105,22.166603],[100.013145,22.166305],[100.01314,22.166],[100.012957,22.165163],[100.012981,22.165033],[100.013073,22.16487],[100.013236,22.164755],[100.013579,22.164629],[100.013901,22.164586],[100.014202,22.164477],[100.014453,22.164283],[100.014682,22.163988],[100.014999,22.163424],[100.015307,22.162957],[100.015387,22.162706],[100.015637,22.162231],[100.015669,22.161904],[100.015712,22.161777],[100.015961,22.16135],[100.015999,22.161206],[100.015977,22.16086],[100.016007,22.160706],[100.016124,22.160414],[100.016152,22.160269],[100.01613,22.160073],[100.015908,22.159742],[100.015867,22.159561],[100.015873,22.159511],[100.015902,22.159268],[100.015849,22.15892],[100.015715,22.158555],[100.015358,22.158247],[100.014939,22.15734],[100.014845,22.156995],[100.014883,22.156563],[100.014674,22.155584],[100.014626,22.15499],[100.014481,22.154478],[100.014494,22.153559],[100.014395,22.151798],[100.014435,22.151624],[100.014714,22.151209],[100.014727,22.151053],[100.014537,22.150432],[100.014387,22.149796],[100.014387,22.149555],[100.01451,22.14907],[100.014789,22.148148],[100.014805,22.148092],[100.014837,22.147952],[100.014655,22.147919],[100.014648,22.147803],[100.014483,22.147721],[100.014432,22.14792],[100.014308,22.147894],[100.014183,22.147838],[100.014111,22.147966],[100.013991,22.147935],[100.013995,22.147884],[100.014199,22.147398],[100.014234,22.147185],[100.014381,22.146884],[100.014422,22.146661],[100.01436,22.146529],[100.01429,22.146236],[100.014236,22.146182]]}},{"type":"Feature","properties":{"dayId":5,"mode":"drive","label":"芒洪—芒景—翁基—糯岗","distanceKm":13.7,"durationHours":0.4,"source":"OSRM / OpenStreetMap, fetched 2026-08-10"},"geometry":{"type":"LineString","coordinates":[[100.014236,22.146182],[100.01429,22.146236],[100.01436,22.146529],[100.014422,22.146661],[100.014381,22.146884],[100.014234,22.147185],[100.014199,22.147398],[100.013995,22.147884],[100.013991,22.147935],[100.014111,22.147966],[100.014183,22.147838],[100.014308,22.147894],[100.014432,22.14792],[100.014483,22.147721],[100.014648,22.147803],[100.014655,22.147919],[100.014837,22.147952],[100.014805,22.148092],[100.014789,22.148148],[100.01451,22.14907],[100.014387,22.149555],[100.014387,22.149796],[100.014537,22.150432],[100.014727,22.151053],[100.014714,22.151209],[100.014435,22.151624],[100.014395,22.151798],[100.014494,22.153559],[100.014481,22.154478],[100.014626,22.15499],[100.014674,22.155584],[100.014883,22.156563],[100.014845,22.156995],[100.014939,22.15734],[100.015358,22.158247],[100.015715,22.158555],[100.015849,22.15892],[100.015902,22.159268],[100.015873,22.159511],[100.015867,22.159561],[100.015908,22.159742],[100.01613,22.160073],[100.01613,22.160073],[100.016152,22.160269],[100.016124,22.160414],[100.016007,22.160706],[100.015977,22.16086],[100.015999,22.161206],[100.015961,22.16135],[100.015712,22.161777],[100.015669,22.161904],[100.015637,22.162231],[100.015387,22.162706],[100.015307,22.162957],[100.014999,22.163424],[100.014682,22.163988],[100.014453,22.164283],[100.014202,22.164477],[100.013901,22.164586],[100.013579,22.164629],[100.013236,22.164755],[100.013073,22.16487],[100.012981,22.165033],[100.012957,22.165163],[100.01314,22.166],[100.013145,22.166305],[100.013105,22.166603],[100.013081,22.166693],[100.012992,22.167629],[100.012845,22.167979],[100.012827,22.168001],[100.012566,22.16831],[100.012284,22.168543],[100.011718,22.168884],[100.01152,22.169046],[100.011233,22.169194],[100.009291,22.170145],[100.009077,22.170319],[100.008765,22.170622],[100.008403,22.170987],[100.008135,22.171345],[100.008038,22.171527],[100.007936,22.171735],[100.007786,22.171849],[100.007089,22.171961],[100.006346,22.172247],[100.005608,22.172612],[100.005192,22.173109],[100.004978,22.173258],[100.004691,22.173432],[100.004524,22.173447],[100.004227,22.173658],[100.004074,22.173861],[100.00395,22.174192],[100.003787,22.174443],[100.003376,22.174842],[100.002934,22.175429],[100.002864,22.17563],[100.002835,22.176102],[100.00277,22.176223],[100.002397,22.176477],[100.002218,22.176539],[100.002054,22.176514],[100.001764,22.176179],[100.00082,22.175354],[100.000501,22.17522],[100.000201,22.175133],[99.999924,22.174952],[99.999444,22.174423],[99.999181,22.174296],[99.998961,22.174284],[99.998784,22.174368],[99.998594,22.174507],[99.998567,22.174411],[99.998571,22.174311],[99.998594,22.174212],[99.998653,22.174147],[99.998718,22.174084],[99.998773,22.174032],[99.998789,22.173965],[99.998795,22.173953],[99.998829,22.173889],[99.998906,22.173753],[99.998923,22.173674],[99.998933,22.173625],[99.998938,22.1736],[99.998922,22.173455],[99.998911,22.173295],[99.998903,22.173156],[99.9989,22.173094],[99.998891,22.172981],[99.998785,22.173018],[99.99871,22.173099],[99.998544,22.173307],[99.998465,22.17344],[99.998365,22.173871],[99.998227,22.174472],[99.99805,22.175023],[99.998594,22.174507],[99.998784,22.174368],[99.998961,22.174284],[99.999181,22.174296],[99.999444,22.174423],[99.999924,22.174952],[100.000201,22.175133],[100.000501,22.17522],[100.00082,22.175354],[100.001764,22.176179],[100.002054,22.176514],[100.002218,22.176539],[100.002397,22.176477],[100.00277,22.176223],[100.002835,22.176102],[100.002864,22.17563],[100.002934,22.175429],[100.003376,22.174842],[100.003787,22.174443],[100.00395,22.174192],[100.004074,22.173861],[100.004227,22.173658],[100.004524,22.173447],[100.004691,22.173432],[100.004447,22.173675],[100.00435,22.173839],[100.00394,22.174852],[100.003374,22.175933],[100.003325,22.176122],[100.003344,22.176969],[100.003299,22.177234],[100.002934,22.178054],[100.002682,22.178717],[100.002566,22.178859],[100.002419,22.178921],[100.001719,22.179008],[100.001504,22.179122],[100.001359,22.179292],[100.001282,22.179509],[100.001227,22.180309],[100.00118,22.181],[100.001115,22.181206],[100.000914,22.181489],[100.000399,22.181953],[100.000319,22.182102],[100.00027,22.182321],[100.000227,22.182803],[100.000136,22.183138],[99.999951,22.1836],[99.999914,22.183821],[99.99997,22.18438],[99.999959,22.184653],[99.999887,22.184879],[99.999729,22.185093],[99.999176,22.185473],[99.998892,22.185637],[99.998487,22.185778],[99.998421,22.18581],[99.998162,22.185937],[99.99799,22.186099],[99.997881,22.186277],[99.997851,22.186496],[99.998197,22.187847],[99.998224,22.188185],[99.998221,22.189377],[99.998154,22.18961],[99.998033,22.189787],[99.997883,22.189886],[99.99754,22.18999],[99.997459,22.190055],[99.997438,22.190184],[99.99761,22.190611],[99.997618,22.190783],[99.997585,22.190957],[99.997492,22.191205],[99.997333,22.191508],[99.996783,22.192054],[99.996682,22.192196],[99.996446,22.192735],[99.995842,22.19376],[99.995665,22.19418],[99.995534,22.194578],[99.995536,22.194781],[99.995936,22.195635],[99.995628,22.195899],[99.995465,22.196002],[99.995107,22.196044],[99.994735,22.196251],[99.993201,22.197502],[99.992611,22.197642],[99.992385,22.197681],[99.991473,22.198347],[99.990475,22.199614],[99.990352,22.199832],[99.99033,22.200078],[99.990437,22.200232],[99.991162,22.201894],[99.991347,22.202137],[99.992119,22.202763],[99.992259,22.203009],[99.992331,22.203222],[99.992361,22.203716],[99.992508,22.204139],[99.992814,22.204653],[99.992948,22.205169],[99.992935,22.205303],[99.992854,22.20539],[99.992715,22.205398],[99.99195,22.205129],[99.991754,22.20509],[99.991634,22.205157],[99.991618,22.205266],[99.991698,22.205385],[99.992816,22.206309],[99.993117,22.206423],[99.993715,22.206433],[99.995166,22.207046],[99.995228,22.207213],[99.995225,22.207397],[99.995053,22.207739],[99.995016,22.207893],[99.995056,22.208017],[99.995182,22.208087],[99.995928,22.208206],[99.996207,22.20841],[99.996325,22.208688],[99.996314,22.209373],[99.995818,22.210595],[99.995676,22.210841],[99.995429,22.211087],[99.995196,22.211246],[99.995062,22.211278],[99.994935,22.211268],[99.993777,22.210868],[99.993447,22.210801],[99.993291,22.210833],[99.993144,22.210948],[99.993039,22.211092],[99.99301,22.211251],[99.993034,22.211395],[99.993095,22.211496],[99.993999,22.212149],[99.994139,22.212306],[99.994198,22.212442],[99.994195,22.212574],[99.994142,22.212688],[99.994023,22.212778],[99.992795,22.213356],[99.992648,22.213453],[99.992578,22.213562],[99.992583,22.213701],[99.992661,22.213831],[99.992768,22.21394],[99.992916,22.213992],[99.993315,22.214002],[99.99423,22.213942],[99.994369,22.213977],[99.994463,22.214081],[99.99463,22.214459],[99.994636,22.214506],[99.994622,22.214553],[99.994536,22.214655],[99.99404,22.21504],[99.993222,22.215733],[99.993157,22.215849],[99.993109,22.216259],[99.99309,22.216639],[99.99313,22.21679],[99.993267,22.216887],[99.994643,22.217304],[99.995257,22.217376],[99.995654,22.217443],[99.996794,22.217841],[99.99718,22.217938],[99.997422,22.21794],[99.997585,22.217908],[99.998268,22.217455],[99.998505,22.217252],[99.998707,22.217036],[99.999125,22.216746],[99.999747,22.21654],[99.999792,22.216521]]}},{"type":"Feature","properties":{"dayId":6,"mode":"drive","label":"景迈古茶林—惠民—澜沧—思茅","distanceKm":293.7,"durationHours":4.5,"source":"OSRM / OpenStreetMap, fetched 2026-08-10"},"geometry":{"type":"LineString","coordinates":[[100.006455,22.181993],[100.006212,22.182048],[100.005857,22.182126],[100.005638,22.182233],[100.005462,22.182406],[100.005327,22.182598],[100.005263,22.182694],[100.005012,22.182794],[100.004876,22.18282],[100.004796,22.182923],[100.004748,22.183126],[100.004617,22.183381],[100.004497,22.183473],[100.004338,22.183496],[100.00417,22.183518],[100.004126,22.183632],[100.004067,22.183865],[100.004015,22.183939],[100.003919,22.183861],[100.003807,22.18375],[100.0037,22.183684],[100.003496,22.183573],[100.003385,22.183462],[100.003253,22.183348],[100.003205,22.183208],[100.003209,22.183082],[100.003261,22.183038],[100.003381,22.182993],[100.003456,22.182812],[100.003488,22.182598],[100.003449,22.182336],[100.003373,22.182266],[100.003153,22.182163],[100.00305,22.182],[100.002982,22.181649],[100.00286,22.18155],[100.002818,22.181518],[100.002742,22.181473],[100.002597,22.181434],[100.002458,22.181405],[100.002316,22.181361],[100.002223,22.181316],[100.002112,22.181306],[100.001981,22.181345],[100.001842,22.181373],[100.001721,22.181373],[100.001603,22.181351],[100.001493,22.181367],[100.001399,22.181415],[100.001288,22.181415],[100.001199,22.181357],[100.001219,22.181181],[100.001278,22.180953],[100.001309,22.180652],[100.001227,22.180309],[100.00118,22.181],[100.001115,22.181206],[100.000914,22.181489],[100.000399,22.181953],[100.000319,22.182102],[100.00027,22.182321],[100.000227,22.182803],[100.000136,22.183138],[99.999951,22.1836],[99.999914,22.183821],[99.99997,22.18438],[99.999959,22.184653],[99.999887,22.184879],[99.999729,22.185093],[99.999176,22.185473],[99.998892,22.185637],[99.998487,22.185778],[99.998421,22.18581],[99.998162,22.185937],[99.99799,22.186099],[99.997881,22.186277],[99.997851,22.186496],[99.998197,22.187847],[99.998224,22.188185],[99.998221,22.189377],[99.998154,22.18961],[99.998033,22.189787],[99.997883,22.189886],[99.99754,22.18999],[99.997459,22.190055],[99.997438,22.190184],[99.99761,22.190611],[99.997618,22.190783],[99.997585,22.190957],[99.997492,22.191205],[99.997333,22.191508],[99.996783,22.192054],[99.996682,22.192196],[99.996446,22.192735],[99.995842,22.19376],[99.995665,22.19418],[99.995534,22.194578],[99.995536,22.194781],[99.995936,22.195635],[99.996172,22.195991],[99.996303,22.196152],[99.997846,22.196539],[99.998726,22.196519],[99.999874,22.196738],[100.000017,22.196798],[100.001199,22.1973],[100.001896,22.197528],[100.002192,22.197771],[100.004101,22.198357],[100.004453,22.198327],[100.004893,22.198366],[100.005242,22.19854],[100.005488,22.198858],[100.005637,22.199202],[100.005874,22.199378],[100.006166,22.199477],[100.006503,22.199585],[100.006902,22.199615],[100.007864,22.199589],[100.008532,22.199544],[100.009758,22.199188],[100.010101,22.199134],[100.010726,22.199122],[100.01175,22.199404],[100.012593,22.199615],[100.014201,22.199642],[100.01443,22.199736],[100.015176,22.2003],[100.016106,22.200967],[100.017209,22.201263],[100.017452,22.201305],[100.018381,22.201464],[100.020029,22.201067],[100.020887,22.200945],[100.021251,22.200933],[100.021706,22.200891],[100.022411,22.200538],[100.023506,22.200495],[100.02404,22.200555],[100.024469,22.200883],[100.025387,22.201409],[100.025718,22.201468],[100.026326,22.201329],[100.026471,22.201268],[100.02697,22.20089],[100.027334,22.200133],[100.028401,22.199566],[100.028879,22.199979],[100.029287,22.200664],[100.029549,22.200788],[100.02983,22.201005],[100.030105,22.201455],[100.029977,22.201628],[100.029752,22.20171],[100.029333,22.201724],[100.028079,22.202494],[100.027744,22.202855],[100.027806,22.202916],[100.027871,22.20298],[100.028127,22.202829],[100.028312,22.202831],[100.028449,22.202787],[100.028685,22.202711],[100.02954,22.202461],[100.029785,22.202477],[100.030029,22.20257],[100.03059,22.203044],[100.031721,22.203571],[100.032092,22.203829],[100.032511,22.204324],[100.033184,22.204592],[100.033304,22.20461],[100.03343,22.204578],[100.033544,22.204502],[100.033833,22.204079],[100.033937,22.203982],[100.034162,22.203898],[100.034727,22.203962],[100.035206,22.203891],[100.036408,22.204116],[100.036903,22.204085],[100.037351,22.204011],[100.037947,22.204019],[100.038289,22.203955],[100.039322,22.203523],[100.039989,22.203244],[100.042621,22.201801],[100.043267,22.2017],[100.04538,22.201827],[100.04566,22.201887],[100.045935,22.2019],[100.046091,22.20197],[100.047636,22.202095],[100.048239,22.202028],[100.048624,22.201903],[100.048952,22.20176],[100.049218,22.201707],[100.04997,22.201917],[100.050508,22.202067],[100.050656,22.202053],[100.050755,22.201936],[100.050854,22.201531],[100.050978,22.201322],[100.051155,22.201186],[100.051552,22.201067],[100.052109,22.201007],[100.052919,22.200808],[100.053791,22.200724],[100.053929,22.200735],[100.054016,22.200775],[100.054089,22.200833],[100.054236,22.201151],[100.054336,22.201727],[100.054341,22.202132],[100.054373,22.202274],[100.054515,22.202554],[100.054639,22.202812],[100.054802,22.203081],[100.055272,22.203617],[100.05543,22.203657],[100.055653,22.203625],[100.056269,22.203359],[100.05655,22.203375],[100.05667,22.203458],[100.056878,22.203681],[100.057095,22.203802],[100.057942,22.204272],[100.058167,22.204485],[100.058272,22.204764],[100.058252,22.205919],[100.058432,22.206305],[100.059385,22.206733],[100.059715,22.207019],[100.059848,22.20724],[100.059831,22.207348],[100.059744,22.207428],[100.059358,22.207493],[100.059153,22.207612],[100.059136,22.207712],[100.059281,22.20817],[100.059296,22.208296],[100.059156,22.209032],[100.059188,22.209141],[100.059272,22.20922],[100.059631,22.209342],[100.060194,22.209411],[100.060326,22.209456],[100.060432,22.209548],[100.060569,22.209898],[100.060643,22.210008],[100.060754,22.21007],[100.060884,22.210056],[100.061866,22.209227],[100.062,22.209175],[100.062134,22.209177],[100.062236,22.209246],[100.062262,22.209353],[100.062184,22.209445],[100.061785,22.209647],[100.061585,22.21019],[100.061558,22.210328],[100.061694,22.211195],[100.061557,22.211907],[100.061487,22.212021],[100.061379,22.21207],[100.061258,22.212027],[100.060621,22.211297],[100.060489,22.211241],[100.060348,22.211229],[100.060213,22.211272],[100.060105,22.211356],[100.059928,22.211716],[100.059808,22.211808],[100.059665,22.211847],[100.059523,22.21182],[100.059422,22.211733],[100.059379,22.211612],[100.05935,22.211365],[100.059283,22.211277],[100.059178,22.211254],[100.05907,22.21128],[100.058822,22.211445],[100.058544,22.2118],[100.058471,22.212058],[100.058508,22.212327],[100.058477,22.212446],[100.058362,22.21251],[100.057892,22.212497],[100.057569,22.21255],[100.057004,22.212789],[100.056861,22.212823],[100.056731,22.212783],[100.056501,22.21243],[100.056186,22.211692],[100.055992,22.210704],[100.055944,22.21061],[100.055828,22.210568],[100.055746,22.210673],[100.055825,22.211651],[100.055774,22.212214],[100.05603,22.21299],[100.055928,22.213902],[100.055971,22.214017],[100.056059,22.214108],[100.056321,22.21421],[100.056451,22.214216],[100.056581,22.214176],[100.056937,22.213939],[100.057078,22.213896],[100.057227,22.213889],[100.057362,22.213946],[100.05744,22.214052],[100.057462,22.214196],[100.057386,22.214637],[100.0574,22.214764],[100.057474,22.214871],[100.057593,22.214919],[100.057731,22.214899],[100.058363,22.214456],[100.05857,22.214388],[100.058694,22.214459],[100.058718,22.214565],[100.05853,22.21473],[100.057539,22.215272],[100.057237,22.215375],[100.056664,22.215406],[100.056521,22.215382],[100.056183,22.215209],[100.056071,22.215221],[100.056021,22.215341],[100.056063,22.215426],[100.05618,22.215501],[100.056845,22.215609],[100.057275,22.215779],[100.057429,22.215814],[100.057986,22.215768],[100.058443,22.215676],[100.058613,22.215685],[100.058747,22.215748],[100.05912,22.216215],[100.060015,22.218897],[100.060078,22.218989],[100.060295,22.219074],[100.060407,22.219033],[100.061012,22.218375],[100.06112,22.218302],[100.061246,22.218283],[100.061665,22.218443],[100.061796,22.218465],[100.061907,22.218415],[100.061967,22.218321],[100.06202,22.217957],[100.062136,22.2179],[100.062219,22.217972],[100.06222,22.218346],[100.062128,22.218585],[100.062027,22.21868],[100.061758,22.2188],[100.061229,22.218963],[100.061117,22.21903],[100.061041,22.219122],[100.061022,22.219244],[100.061064,22.219515],[100.061039,22.219651],[100.060854,22.21988],[100.060492,22.220194],[100.060368,22.22027],[100.060232,22.220311],[100.060084,22.220294],[100.059559,22.219962],[100.059247,22.219869],[100.058938,22.219889],[100.058648,22.219966],[100.058499,22.219968],[100.058358,22.219925],[100.057753,22.219408],[100.057587,22.219126],[100.057417,22.218703],[100.057341,22.218612],[100.057252,22.218585],[100.057165,22.218647],[100.057544,22.219838],[100.057987,22.220566],[100.058085,22.220667],[100.058599,22.220989],[100.058777,22.22119],[100.059024,22.221872],[100.059142,22.221947],[100.059692,22.222014],[100.059796,22.222089],[100.059824,22.222204],[100.059759,22.222311],[100.05964,22.222382],[100.059332,22.22244],[100.058867,22.222409],[100.058606,22.222224],[100.05798,22.221606],[100.056938,22.220744],[100.056338,22.220428],[100.056229,22.220416],[100.056142,22.220499],[100.0562,22.220613],[100.056958,22.221038],[100.057553,22.221744],[100.058006,22.222617],[100.058562,22.223143],[100.059269,22.223462],[100.060108,22.223602],[100.060183,22.223686],[100.060414,22.223991],[100.060483,22.224033],[100.060593,22.224036],[100.06081,22.22391],[100.061144,22.223698],[100.061465,22.223561],[100.062199,22.223186],[100.062485,22.222937],[100.062754,22.222611],[100.062943,22.22249],[100.063172,22.222454],[100.063526,22.222514],[100.063635,22.222501],[100.06413,22.222052],[100.064805,22.22199],[100.065297,22.221696],[100.065523,22.221643],[100.065754,22.221683],[100.065856,22.221748],[100.065929,22.221841],[100.065914,22.22194],[100.065722,22.222056],[100.064642,22.22235],[100.064546,22.222402],[100.064479,22.222478],[100.064451,22.222565],[100.064647,22.222948],[100.064759,22.223141],[100.064735,22.223251],[100.064453,22.223596],[100.064313,22.224066],[100.064087,22.224293],[100.063551,22.224491],[100.063112,22.224596],[100.06303,22.224666],[100.062986,22.224752],[100.06302,22.224864],[100.063152,22.224879],[100.063481,22.2248],[100.063715,22.224835],[100.064007,22.225087],[100.064325,22.225629],[100.064453,22.226286],[100.064588,22.226532],[100.064676,22.226625],[100.064811,22.226696],[100.064962,22.226734],[100.065104,22.226721],[100.065252,22.226654],[100.065477,22.226464],[100.065608,22.226417],[100.06574,22.226451],[100.066306,22.227008],[100.066802,22.227324],[100.06759,22.228058],[100.067854,22.228232],[100.068074,22.228404],[100.06821,22.228459],[100.068891,22.228482],[100.069186,22.228569],[100.069714,22.228862],[100.069966,22.228902],[100.070366,22.228784],[100.071073,22.228467],[100.071174,22.228522],[100.071435,22.228871],[100.071704,22.228954],[100.071971,22.228924],[100.072877,22.228583],[100.073835,22.228592],[100.07432,22.228432],[100.074959,22.2284],[100.075651,22.228274],[100.075819,22.228276],[100.07684,22.22854],[100.077385,22.228836],[100.077816,22.229033],[100.077984,22.229233],[100.078166,22.229719],[100.078222,22.229805],[100.078354,22.229832],[100.078416,22.229735],[100.078127,22.229162],[100.078111,22.229055],[100.078132,22.228949],[100.0782,22.228884],[100.078303,22.228875],[100.078388,22.22893],[100.078539,22.229371],[100.078636,22.229449],[100.079005,22.229567],[100.079409,22.22961],[100.079542,22.22966],[100.079632,22.229745],[100.079684,22.229864],[100.079646,22.23026],[100.079445,22.230782],[100.079048,22.231139],[100.078976,22.231243],[100.078963,22.231352],[100.079149,22.231987],[100.07934,22.23222],[100.080154,22.232602],[100.080507,22.232824],[100.08073,22.232855],[100.080983,22.232752],[100.081116,22.232756],[100.082049,22.233355],[100.082102,22.233551],[100.082567,22.234475],[100.082692,22.234572],[100.082928,22.235295],[100.083123,22.235511],[100.084026,22.235935],[100.084275,22.23617],[100.085563,22.237862],[100.085762,22.238285],[100.085816,22.238881],[100.085508,22.241925],[100.085261,22.242739],[100.085032,22.243156],[100.084918,22.243279],[100.083638,22.24403],[100.083464,22.244244],[100.083206,22.244894],[100.083195,22.245023],[100.08328,22.245276],[100.083437,22.245538],[100.083666,22.245758],[100.085216,22.24635],[100.08602,22.24708],[100.086088,22.247214],[100.086121,22.247366],[100.086068,22.247668],[100.08522,22.24972],[100.085012,22.249924],[100.083791,22.250455],[100.083473,22.250581],[100.083326,22.250687],[100.082598,22.251616],[100.082539,22.251777],[100.082553,22.251928],[100.08427,22.254947],[100.08444,22.255686],[100.084353,22.256016],[100.084362,22.256126],[100.084638,22.256384],[100.084779,22.256663],[100.084946,22.257275],[100.083936,22.258688],[100.08311,22.259509],[100.082055,22.260557],[100.08114,22.261053],[100.080164,22.261259],[100.078992,22.261267],[100.078587,22.26127],[100.078349,22.261272],[100.077876,22.261458],[100.075965,22.263321],[100.075049,22.264544],[100.07465,22.264879],[100.073613,22.265467],[100.073266,22.265798],[100.072612,22.266701],[100.071863,22.267345],[100.070576,22.268041],[100.068872,22.269768],[100.068239,22.27079],[100.068171,22.271229],[100.068254,22.271436],[100.068405,22.2716],[100.068616,22.271705],[100.069667,22.271705],[100.069916,22.271774],[100.0703,22.272158],[100.070942,22.273099],[100.071059,22.27345],[100.071061,22.273698],[100.070891,22.274053],[100.070405,22.274662],[100.070259,22.275028],[100.070402,22.275839],[100.070495,22.277574],[100.07044,22.277851],[100.07035,22.278184],[100.070167,22.278441],[100.069338,22.27888],[100.069115,22.279142],[100.068996,22.279498],[100.06893,22.28014],[100.06882,22.280362],[100.068629,22.280539],[100.068383,22.280631],[100.068119,22.280626],[100.067562,22.280546],[100.066833,22.280656],[100.065708,22.281197],[100.065125,22.281522],[100.064876,22.281924],[100.064701,22.282393],[100.064701,22.28346],[100.064587,22.283813],[100.064414,22.28399],[100.06405,22.284106],[100.063233,22.284143],[100.062979,22.284231],[100.062256,22.284607],[100.061736,22.284672],[100.060939,22.28468],[100.060554,22.284805],[100.059593,22.28525],[100.058393,22.28549],[100.05826,22.28554],[100.057789,22.285875],[100.057163,22.286444],[100.056511,22.286782],[100.055958,22.286961],[100.055464,22.287215],[100.055048,22.287567],[100.054165,22.289078],[100.053588,22.289535],[100.052801,22.289788],[100.051765,22.289889],[100.051341,22.290063],[100.050969,22.290323],[100.050436,22.291261],[100.050045,22.291587],[100.049566,22.291838],[100.048023,22.292559],[100.047424,22.293002],[100.046348,22.294377],[100.045955,22.294668],[100.045656,22.294815],[100.045009,22.294916],[100.043744,22.294946],[100.043137,22.295082],[100.039248,22.29679],[100.038918,22.297051],[100.038687,22.297394],[100.038575,22.297796],[100.03861,22.298363],[100.038784,22.298757],[100.039191,22.299191],[100.039769,22.299552],[100.039981,22.299848],[100.040053,22.300078],[100.040032,22.300326],[100.039928,22.30057],[100.038991,22.301576],[100.038588,22.302472],[100.038228,22.302895],[100.037847,22.303109],[100.03607,22.303313],[100.035668,22.303488],[100.035318,22.303716],[100.034406,22.304555],[100.034017,22.304718],[100.033615,22.304742],[100.032394,22.304397],[100.032126,22.304423],[100.031741,22.304555],[100.031418,22.304779],[100.031101,22.305191],[100.030988,22.305707],[100.031041,22.307615],[100.030935,22.308013],[100.030518,22.308615],[100.029329,22.309539],[100.028919,22.310158],[100.028291,22.313636],[100.028046,22.314051],[100.027695,22.314389],[100.026711,22.314829],[100.026467,22.314998],[100.02577,22.315907],[100.025226,22.316706],[100.023979,22.317378],[100.023287,22.317684],[100.02293,22.317976],[100.022685,22.318361],[100.022566,22.318789],[100.022622,22.31922],[100.023913,22.321264],[100.024057,22.321769],[100.023866,22.323127],[100.023623,22.323945],[100.023386,22.32434],[100.022704,22.325026],[100.022245,22.32575],[100.021923,22.326703],[100.021745,22.326986],[100.020838,22.32777],[100.020636,22.328042],[100.020447,22.328526],[100.020278,22.329156],[100.019989,22.329542],[100.018972,22.330154],[100.018602,22.330504],[100.018341,22.330936],[100.018223,22.33142],[100.018254,22.331906],[100.018363,22.332234],[100.019296,22.333867],[100.019516,22.334546],[100.019578,22.335263],[100.019429,22.335753],[100.018334,22.339336],[100.018292,22.340246],[100.018666,22.341799],[100.018635,22.342288],[100.018488,22.342748],[100.017032,22.345138],[100.016899,22.345589],[100.016884,22.345746],[100.01694,22.346045],[100.017592,22.347077],[100.017696,22.347361],[100.017725,22.347657],[100.017671,22.347965],[100.017429,22.348373],[100.016729,22.349214],[100.015909,22.350767],[100.015765,22.351363],[100.015781,22.352269],[100.015653,22.352715],[100.015374,22.353092],[100.01498,22.35338],[100.013851,22.353904],[100.013167,22.354479],[100.011817,22.356083],[100.011624,22.356475],[100.011591,22.356743],[100.011635,22.357017],[100.011858,22.357386],[100.012474,22.358179],[100.012619,22.358695],[100.012715,22.360414],[100.01265,22.360689],[100.012504,22.360909],[100.01168,22.361452],[100.011334,22.361862],[100.011263,22.362122],[100.01142,22.36324],[100.011337,22.363737],[100.010406,22.365231],[100.010097,22.365988],[100.009868,22.36633],[100.009276,22.366831],[100.009096,22.367048],[100.008957,22.36732],[100.008899,22.367567],[100.008773,22.368312],[100.00865,22.368636],[100.008151,22.369419],[100.00779,22.37031],[100.007689,22.370497],[100.007487,22.370802],[100.007308,22.371007],[100.006199,22.372148],[100.005791,22.373029],[100.005715,22.373656],[100.005921,22.374929],[100.005871,22.375746],[100.005619,22.376374],[100.00485,22.377772],[100.004752,22.378317],[100.004821,22.379807],[100.00469,22.38016],[100.004421,22.380445],[100.003633,22.380992],[100.003399,22.381324],[100.003335,22.381703],[100.003336,22.382717],[100.002973,22.383547],[100.001765,22.386749],[100.001681,22.387841],[100.001489,22.388247],[100.000714,22.389097],[100.000499,22.389749],[100.000276,22.390527],[100.000022,22.391134],[100.000015,22.391466],[100.000203,22.391855],[100.000653,22.392442],[100.000723,22.392607],[100.000725,22.393671],[100.000318,22.396742],[100.000413,22.397503],[100.000809,22.398339],[100.001038,22.398739],[100.001384,22.400435],[100.001559,22.401326],[100.001509,22.40215],[100.001651,22.403052],[100.001571,22.404504],[100.002089,22.4068],[100.001983,22.407337],[100.001266,22.408912],[100.001212,22.409372],[100.001228,22.410612],[100.001298,22.411053],[100.001436,22.41139],[100.00157,22.411689],[100.001737,22.41194],[100.001786,22.412013],[100.001877,22.412254],[100.001909,22.412494],[100.001834,22.413029],[100.001797,22.413508],[100.001931,22.414788],[100.002011,22.415043],[100.001923,22.41666],[100.001414,22.418575],[100.001453,22.418849],[100.001696,22.419209],[100.002532,22.419874],[100.002792,22.420278],[100.002892,22.420748],[100.00285,22.421075],[100.0027,22.421471],[100.002423,22.421777],[100.002052,22.422045],[100.001681,22.422516],[100.001516,22.422938],[100.001379,22.424617],[100.000713,22.425966],[100.000615,22.426456],[100.000617,22.427103],[100.000447,22.427713],[100.000061,22.428377],[99.99999,22.42862],[100.000051,22.428963],[100.000334,22.429327],[100.000427,22.429658],[100.000231,22.430561],[100.000281,22.431411],[100.000232,22.431667],[99.999959,22.432439],[99.999951,22.432699],[100.000021,22.432964],[100.000772,22.433879],[100.000857,22.434212],[100.000835,22.434463],[100.000731,22.434692],[100.00044,22.434941],[99.999806,22.435188],[99.999639,22.43532],[99.999533,22.435559],[99.999557,22.435743],[99.999743,22.436001],[100.000066,22.436117],[100.000648,22.436222],[100.000936,22.436415],[100.001034,22.43659],[100.001061,22.436796],[100.000994,22.437673],[100.001178,22.438371],[100.001143,22.438688],[100.000728,22.439348],[100.000701,22.439672],[100.000792,22.439896],[100.000955,22.440092],[100.001147,22.440255],[100.001631,22.440518],[100.001789,22.440784],[100.001783,22.44098],[100.001683,22.441175],[100.001502,22.441317],[100.000772,22.441547],[100.000571,22.441782],[100.000521,22.441979],[100.000559,22.442175],[100.000822,22.442501],[100.001325,22.442761],[100.001557,22.443015],[100.001615,22.443242],[100.001574,22.443475],[100.0012,22.444211],[100.001178,22.444433],[100.001234,22.444657],[100.001362,22.444849],[100.002112,22.445299],[100.002284,22.445479],[100.002415,22.44583],[100.002408,22.446326],[100.002271,22.447256],[100.002319,22.447494],[100.00254,22.44778],[100.002786,22.447874],[100.003565,22.447989],[100.003772,22.448077],[100.003925,22.448222],[100.004054,22.448498],[100.004034,22.44867],[100.003826,22.448924],[100.003602,22.449056],[100.003061,22.449176],[100.002672,22.449352],[100.002371,22.449663],[100.002142,22.4501],[100.001984,22.451475],[100.001549,22.452774],[100.001071,22.453746],[100.001002,22.454048],[100.001025,22.454454],[100.001253,22.454741],[100.00162,22.454941],[100.004033,22.455512],[100.005081,22.455962],[100.005585,22.456213],[100.005966,22.456531],[100.00609,22.456721],[100.006101,22.457012],[100.005898,22.457509],[100.005688,22.457779],[100.004378,22.458423],[100.003187,22.458769],[100.002924,22.458922],[100.002642,22.459248],[100.002375,22.46037],[100.00216,22.460718],[100.001939,22.460896],[100.001516,22.461018],[100.000567,22.460877],[100.000057,22.460908],[99.999727,22.46101],[99.999334,22.461302],[99.998174,22.462917],[99.996541,22.464219],[99.996309,22.46449],[99.995956,22.465623],[99.995778,22.465912],[99.995537,22.466142],[99.995238,22.466307],[99.994476,22.466513],[99.994226,22.466662],[99.994074,22.466862],[99.993971,22.467095],[99.993794,22.467759],[99.993619,22.467999],[99.992857,22.468479],[99.992554,22.468815],[99.992501,22.468925],[99.992469,22.469184],[99.992486,22.469319],[99.992848,22.470006],[99.992917,22.470296],[99.992907,22.470593],[99.992723,22.470955],[99.991335,22.47243],[99.989762,22.47333],[99.98934,22.473806],[99.988651,22.47485],[99.988065,22.475357],[99.98759,22.475599],[99.98645,22.475899],[99.985955,22.476148],[99.985685,22.476449],[99.985622,22.476694],[99.985657,22.476948],[99.985796,22.477185],[99.985985,22.477369],[99.986106,22.477429],[99.986542,22.477464],[99.989088,22.476951],[99.989544,22.47699],[99.989948,22.477185],[99.990265,22.47747],[99.990442,22.47785],[99.990452,22.478133],[99.990371,22.478427],[99.990197,22.478707],[99.989965,22.478933],[99.989516,22.479136],[99.988356,22.479334],[99.98772,22.479617],[99.987301,22.47994],[99.987071,22.480196],[99.986208,22.481877],[99.984426,22.483691],[99.983373,22.485611],[99.982908,22.486119],[99.982014,22.486679],[99.979942,22.487513],[99.979535,22.487784],[99.979267,22.488085],[99.979063,22.48852],[99.978996,22.48884],[99.979018,22.489176],[99.97935,22.490319],[99.979275,22.491022],[99.978998,22.491542],[99.978384,22.492017],[99.976954,22.49232],[99.976592,22.492543],[99.975703,22.494106],[99.974174,22.495807],[99.973909,22.496586],[99.973921,22.497168],[99.973943,22.498243],[99.973794,22.498704],[99.973297,22.499304],[99.972909,22.499673],[99.972771,22.499884],[99.97268,22.500247],[99.972726,22.500629],[99.973039,22.501391],[99.973051,22.501816],[99.972967,22.502067],[99.972345,22.503],[99.972085,22.503583],[99.971744,22.50398],[99.971204,22.504383],[99.970984,22.50464],[99.970509,22.505638],[99.970055,22.506374],[99.96998,22.506948],[99.970626,22.509795],[99.970842,22.51185],[99.970326,22.51477],[99.970165,22.515253],[99.969981,22.515635],[99.969929,22.515723],[99.969838,22.515909],[99.969537,22.516211],[99.969318,22.516393],[99.968955,22.51662],[99.968566,22.516786],[99.968026,22.516959],[99.967576,22.517032],[99.967102,22.51704],[99.966705,22.516987],[99.96566,22.516668],[99.964559,22.516222],[99.964083,22.516105],[99.963588,22.516086],[99.96313,22.516144],[99.962761,22.51626],[99.962415,22.516452],[99.962049,22.516724],[99.961629,22.517087],[99.961319,22.517288],[99.961048,22.517432],[99.96073,22.51755],[99.960186,22.517722],[99.959876,22.517879],[99.959625,22.518098],[99.959413,22.518422],[99.959151,22.519059],[99.958952,22.519439],[99.958377,22.520127],[99.958185,22.520433],[99.958021,22.520826],[99.957937,22.521168],[99.957845,22.521741],[99.957736,22.522122],[99.957539,22.522487],[99.957254,22.522838],[99.956896,22.523118],[99.955397,22.524189],[99.955158,22.524414],[99.954921,22.524726],[99.954451,22.525595],[99.954199,22.525873],[99.953944,22.526047],[99.953601,22.526196],[99.953236,22.526247],[99.952709,22.526254],[99.952278,22.526281],[99.951857,22.526392],[99.951502,22.526589],[99.951,22.526918],[99.950728,22.527066],[99.950489,22.527131],[99.949995,22.527165],[99.949559,22.527229],[99.949256,22.52733],[99.948679,22.527619],[99.948217,22.527836],[99.947395,22.528089],[99.94704,22.528242],[99.946777,22.528428],[99.946298,22.52891],[99.946072,22.529088],[99.945754,22.52925],[99.945208,22.529467],[99.944817,22.529687],[99.944252,22.530098],[99.943921,22.530306],[99.943557,22.530482],[99.94268,22.530804],[99.942269,22.531009],[99.94189,22.531254],[99.941555,22.531514],[99.941324,22.53174],[99.941004,22.53217],[99.940068,22.533483],[99.939806,22.533704],[99.939481,22.533842],[99.939207,22.533912],[99.938717,22.533944],[99.938331,22.534014],[99.938085,22.534115],[99.937281,22.534569],[99.936266,22.534899],[99.935972,22.535047],[99.934577,22.535985],[99.934366,22.536168],[99.934198,22.536408],[99.934106,22.536686],[99.934095,22.536931],[99.934142,22.537174],[99.934236,22.537391],[99.934625,22.53806],[99.934789,22.538457],[99.934833,22.538807],[99.934825,22.53915],[99.934731,22.539816],[99.934731,22.540163],[99.934783,22.540465],[99.934954,22.54087],[99.935521,22.541666],[99.935728,22.542074],[99.935826,22.542313],[99.93591,22.542593],[99.935968,22.542961],[99.935954,22.543363],[99.935908,22.543748],[99.935764,22.544245],[99.935537,22.544708],[99.935141,22.545204],[99.934758,22.545601],[99.934587,22.545764],[99.933716,22.546684],[99.933372,22.547071],[99.932977,22.547587],[99.932342,22.548509],[99.932006,22.548829],[99.931717,22.549032],[99.93132,22.549204],[99.930885,22.549321],[99.930763,22.549352],[99.929803,22.549468],[99.929457,22.549553],[99.92861,22.549805],[99.928156,22.549853],[99.927295,22.549894],[99.925724,22.549989],[99.925354,22.550064],[99.925081,22.550135],[99.924696,22.550317],[99.924385,22.550522],[99.924112,22.55073],[99.92397,22.550852],[99.923908,22.550938],[99.923787,22.551131],[99.923498,22.551577],[99.92328,22.551822],[99.922953,22.552174],[99.922645,22.552466],[99.91926,22.554981],[99.918766,22.555348],[99.918122,22.555892],[99.917672,22.556407],[99.917243,22.557131],[99.91676,22.557973],[99.916228,22.5586],[99.915708,22.559023],[99.913589,22.56046],[99.913163,22.560779],[99.912859,22.561015],[99.912611,22.561257],[99.912415,22.56145],[99.912074,22.561881],[99.911816,22.56229],[99.911575,22.562786],[99.911436,22.563214],[99.911336,22.563717],[99.911133,22.565444],[99.911119,22.565551],[99.91088,22.567375],[99.910839,22.567536],[99.910719,22.567999],[99.910151,22.568851],[99.909883,22.569555],[99.90955,22.571269],[99.909304,22.571893],[99.908821,22.572537],[99.907319,22.574152],[99.906675,22.575162],[99.906021,22.577084],[99.90544,22.578432],[99.904786,22.579432],[99.903928,22.580551],[99.903585,22.581542],[99.903499,22.582354],[99.903156,22.583097],[99.902701,22.583643],[99.902244,22.584001],[99.900989,22.585021],[99.900741,22.585526],[99.90057,22.586604],[99.900502,22.587287],[99.900429,22.588016],[99.900432,22.588336],[99.900445,22.589031],[99.900361,22.589343],[99.900235,22.589578],[99.900053,22.589789],[99.899513,22.590281],[99.899491,22.590617],[99.899637,22.590972],[99.900045,22.591349],[99.900249,22.591537],[99.900263,22.591765],[99.90021,22.592008],[99.900071,22.592201],[99.899401,22.592424],[99.899088,22.592582],[99.89891,22.592984],[99.898524,22.593974],[99.898338,22.594277],[99.897835,22.594667],[99.89744,22.594826],[99.897286,22.595014],[99.897234,22.595311],[99.897201,22.595836],[99.897105,22.596074],[99.896837,22.596282],[99.896208,22.596442],[99.895922,22.596689],[99.895586,22.597753],[99.895375,22.598045],[99.895087,22.598154],[99.894819,22.598183],[99.894519,22.598094],[99.894122,22.597866],[99.893843,22.597797],[99.893403,22.597906],[99.89203,22.598649],[99.891891,22.598897],[99.891859,22.599105],[99.891955,22.599323],[99.892213,22.599531],[99.892663,22.59958],[99.893231,22.599739],[99.8935,22.599897],[99.893683,22.600135],[99.893747,22.600521],[99.893629,22.601581],[99.8935,22.603156],[99.893382,22.603671],[99.893007,22.604968],[99.892996,22.605463],[99.893114,22.60587],[99.893092,22.606325],[99.893028,22.606761],[99.892449,22.609009],[99.892169,22.610069],[99.89041,22.613743],[99.89042,22.61411],[99.890592,22.614447],[99.891193,22.614932],[99.891354,22.615209],[99.891386,22.615526],[99.891279,22.615942],[99.88894,22.618121],[99.888489,22.618289],[99.887943,22.618398],[99.887706,22.618537],[99.886827,22.619993],[99.886741,22.620458],[99.886805,22.621023],[99.88672,22.621409],[99.886494,22.621716],[99.885871,22.622162],[99.885743,22.622528],[99.885818,22.622984],[99.885925,22.623261],[99.886022,22.623667],[99.885942,22.623889],[99.885692,22.624244],[99.885094,22.625009],[99.884815,22.62529],[99.884506,22.625407],[99.88408,22.62551],[99.883802,22.625669],[99.883604,22.625889],[99.883258,22.626507],[99.883035,22.62675],[99.882508,22.627096],[99.882306,22.62733],[99.882194,22.627733],[99.882204,22.628621],[99.882215,22.629098],[99.882103,22.629416],[99.881657,22.630127],[99.881566,22.630445],[99.881576,22.630913],[99.881566,22.631306],[99.881424,22.631568],[99.880765,22.632447],[99.880076,22.633327],[99.879894,22.633645],[99.879864,22.633839],[99.879862,22.633983],[99.879863,22.634108],[99.879958,22.634485],[99.879967,22.634667],[99.87993,22.634893],[99.879877,22.635003],[99.879792,22.635105],[99.879675,22.635185],[99.87954,22.635242],[99.879393,22.635282],[99.879233,22.635298],[99.87872,22.635303],[99.87854,22.635323],[99.878363,22.635373],[99.878193,22.635448],[99.877193,22.636075],[99.876183,22.636755],[99.875833,22.637018],[99.875677,22.63717],[99.875403,22.637508],[99.87455,22.63875],[99.873948,22.63966],[99.873823,22.639825],[99.873565,22.640132],[99.873423,22.640272],[99.873263,22.640393],[99.872895,22.640592],[99.872278,22.640805],[99.872063,22.640852],[99.871408,22.64094],[99.871197,22.640985],[99.8708,22.641105],[99.869627,22.641552],[99.869505,22.641617],[99.869405,22.641693],[99.869332,22.641788],[99.869282,22.641892],[99.869252,22.64209],[99.869265,22.642183],[99.86932,22.642345],[99.86941,22.642472],[99.869523,22.642582],[99.86966,22.642673],[99.869835,22.642757],[99.870278,22.64288],[99.872247,22.643242],[99.872653,22.643287],[99.872848,22.643273],[99.873035,22.643227],[99.873212,22.64315],[99.873548,22.642968],[99.87372,22.642903],[99.873893,22.642865],[99.874068,22.642855],[99.874232,22.642877],[99.874377,22.642935],[99.874488,22.643028],[99.874578,22.643143],[99.874645,22.643267],[99.874682,22.643402],[99.874677,22.643545],[99.874632,22.64368],[99.874565,22.643802],[99.874473,22.643905],[99.874362,22.64399],[99.874238,22.644058],[99.8741,22.64411],[99.873948,22.64414],[99.873453,22.64418],[99.873285,22.644208],[99.873118,22.644255],[99.872958,22.64433],[99.872812,22.644433],[99.872678,22.644553],[99.872297,22.644927],[99.872155,22.645022],[99.871992,22.645087],[99.871828,22.645122],[99.871677,22.645133],[99.871522,22.645122],[99.870683,22.644968],[99.870375,22.644938],[99.870222,22.644953],[99.870068,22.644988],[99.869915,22.645045],[99.869758,22.645122],[99.869442,22.645313],[99.868717,22.645808],[99.868388,22.64599],[99.868168,22.646075],[99.868082,22.646137],[99.867853,22.646248],[99.867573,22.646497],[99.867438,22.64659],[99.866973,22.64676],[99.866507,22.646905],[99.86584,22.647043],[99.865305,22.647098],[99.864798,22.6471],[99.86375,22.647045],[99.863645,22.647048],[99.863447,22.647093],[99.86335,22.647138],[99.863262,22.647205],[99.863102,22.647377],[99.862585,22.648222],[99.862407,22.648427],[99.862307,22.648508],[99.862197,22.648573],[99.862075,22.648622],[99.861383,22.648775],[99.861255,22.648843],[99.861155,22.648933],[99.861087,22.649038],[99.86105,22.649155],[99.861045,22.64928],[99.861072,22.649412],[99.861132,22.649537],[99.861223,22.649648],[99.86134,22.649745],[99.861478,22.649832],[99.862432,22.65036],[99.862562,22.650457],[99.862662,22.650562],[99.862723,22.650683],[99.86275,22.650808],[99.862723,22.651087],[99.862507,22.65183],[99.86248,22.65198],[99.86248,22.65213],[99.862513,22.652273],[99.86258,22.652413],[99.862677,22.65254],[99.862797,22.652653],[99.863668,22.653245],[99.863905,22.653452],[99.86399,22.653573],[99.86405,22.653702],[99.864082,22.65384],[99.864087,22.653988],[99.86402,22.654455],[99.86402,22.654622],[99.864055,22.654787],[99.86412,22.654943],[99.864218,22.655082],[99.864347,22.655197],[99.865522,22.655933],[99.865987,22.656262],[99.866102,22.656378],[99.866187,22.656502],[99.866238,22.656638],[99.866255,22.656778],[99.866235,22.656915],[99.866182,22.657045],[99.866097,22.657165],[99.865763,22.657512],[99.864632,22.658598],[99.86442,22.658843],[99.864343,22.658978],[99.864298,22.659123],[99.86429,22.659273],[99.864318,22.659412],[99.864428,22.659632],[99.864802,22.66005],[99.864766,22.660498],[99.864292,22.6618],[99.863901,22.662785],[99.863723,22.664218],[99.864197,22.665793],[99.864221,22.666099],[99.864185,22.666559],[99.864387,22.666843],[99.86428,22.667543],[99.864055,22.668014],[99.864316,22.669042],[99.864505,22.669479],[99.865015,22.670201],[99.865051,22.670475],[99.864244,22.670781],[99.864007,22.670847],[99.863758,22.671372],[99.863474,22.671547],[99.863213,22.67205],[99.863094,22.6724],[99.863118,22.672619],[99.864173,22.672838],[99.864799,22.672403],[99.865009,22.672379],[99.865315,22.672756],[99.865579,22.673321],[99.865567,22.672957],[99.865667,22.672629],[99.865785,22.672467],[99.86582,22.671786],[99.866168,22.671556],[99.866241,22.671344],[99.866581,22.671037],[99.866868,22.670593],[99.867174,22.670762],[99.867384,22.67072],[99.867782,22.670423],[99.868337,22.670346],[99.86862,22.670169],[99.869044,22.670046],[99.869277,22.669887],[99.869538,22.669859],[99.869717,22.669679],[99.86987,22.66929],[99.870215,22.669177],[99.870482,22.668877],[99.87057,22.66892],[99.870784,22.669114],[99.871041,22.669093],[99.871511,22.66875],[99.871894,22.668574],[99.872043,22.668253],[99.87311,22.666583],[99.87324,22.666248],[99.87345,22.666195],[99.87373,22.666015],[99.874227,22.665743],[99.874709,22.665704],[99.875057,22.665263],[99.875535,22.664804],[99.875998,22.664822],[99.876243,22.664674],[99.876388,22.664466],[99.876614,22.664307],[99.876805,22.664116],[99.877321,22.664116],[99.877512,22.663827],[99.877425,22.663407],[99.877428,22.663227],[99.877715,22.662987],[99.877891,22.662835],[99.878048,22.662486],[99.878113,22.662207],[99.87835,22.662062],[99.878561,22.661942],[99.878851,22.661427],[99.878756,22.661285],[99.878561,22.661123],[99.878671,22.660947],[99.879207,22.660749],[99.87954,22.660714],[99.87983,22.66065],[99.880347,22.660745],[99.880603,22.660721],[99.881299,22.660347],[99.881789,22.660191],[99.882278,22.660191],[99.882477,22.660128],[99.882779,22.660276],[99.883001,22.660318],[99.883502,22.659849],[99.884214,22.659775],[99.884566,22.659351],[99.885212,22.659019],[99.885442,22.658977],[99.885874,22.658606],[99.886249,22.658095],[99.886773,22.658095],[99.887392,22.657759],[99.887591,22.657657],[99.88841,22.657548],[99.888609,22.657413],[99.889117,22.656933],[99.889259,22.656545],[99.889649,22.65628],[99.889985,22.656471],[99.890475,22.656947],[99.890823,22.657788],[99.890815,22.658141],[99.890773,22.658458],[99.891198,22.658624],[99.8916,22.658631],[99.891768,22.658794],[99.891753,22.659111],[99.891982,22.659379],[99.890965,22.660107],[99.890881,22.660844],[99.890544,22.660993],[99.890487,22.661257],[99.89062,22.661741],[99.890341,22.662066],[99.889955,22.662246],[99.889947,22.662348],[99.890303,22.662574],[99.890777,22.663135],[99.891091,22.663887],[99.891232,22.66412],[99.891569,22.664137],[99.89194,22.664363],[99.892701,22.664487],[99.893153,22.664466],[99.893371,22.664706],[99.893493,22.665277],[99.893309,22.665489],[99.892854,22.665828],[99.892785,22.665994],[99.892743,22.666244],[99.892273,22.666619],[99.892388,22.666774],[99.892644,22.66677],[99.893045,22.667261],[99.893638,22.667014],[99.89396,22.667286],[99.894323,22.667917],[99.894438,22.668517],[99.894793,22.669012],[99.894709,22.669312],[99.895073,22.669626],[99.895195,22.669982],[99.895577,22.670377],[99.895497,22.67079],[99.895933,22.670413],[99.896526,22.670106],[99.897402,22.670423],[99.897574,22.670028],[99.897609,22.669647],[99.898163,22.669005],[99.89871,22.668793],[99.899039,22.66856],[99.899552,22.668503],[99.90032,22.66917],[99.900825,22.669142],[99.901453,22.669485],[99.901923,22.669534],[99.902175,22.669855],[99.902646,22.669901],[99.902956,22.669876],[99.903396,22.669957],[99.903893,22.669816],[99.904168,22.669672],[99.904604,22.67],[99.905163,22.669841],[99.905691,22.669968],[99.906249,22.670236],[99.906383,22.670684],[99.906922,22.671387],[99.907232,22.671514],[99.907687,22.671793],[99.907836,22.672128],[99.907836,22.672128],[99.907829,22.672559],[99.907549,22.672837],[99.907534,22.673102],[99.907679,22.673346],[99.907741,22.674066],[99.907894,22.674489],[99.907894,22.67469],[99.907894,22.674489],[99.907741,22.674066],[99.907679,22.673346],[99.907534,22.673102],[99.907549,22.672837],[99.907829,22.672559],[99.907836,22.672128],[99.907687,22.671793],[99.907232,22.671514],[99.906922,22.671387],[99.906383,22.670684],[99.906249,22.670236],[99.905691,22.669968],[99.905163,22.669841],[99.904604,22.67],[99.904168,22.669672],[99.903893,22.669816],[99.903396,22.669957],[99.902956,22.669876],[99.902646,22.669901],[99.902175,22.669855],[99.901923,22.669534],[99.901453,22.669485],[99.900825,22.669142],[99.90032,22.66917],[99.899552,22.668503],[99.899039,22.66856],[99.89871,22.668793],[99.898163,22.669005],[99.897609,22.669647],[99.897574,22.670028],[99.897402,22.670423],[99.896526,22.670106],[99.895933,22.670413],[99.895497,22.67079],[99.895577,22.670377],[99.895195,22.669982],[99.895073,22.669626],[99.894709,22.669312],[99.894793,22.669012],[99.894438,22.668517],[99.894323,22.667917],[99.89396,22.667286],[99.893638,22.667014],[99.893045,22.667261],[99.892644,22.66677],[99.892388,22.666774],[99.892273,22.666619],[99.892743,22.666244],[99.892785,22.665994],[99.892854,22.665828],[99.893309,22.665489],[99.893493,22.665277],[99.893371,22.664706],[99.893153,22.664466],[99.892701,22.664487],[99.89194,22.664363],[99.891569,22.664137],[99.891232,22.66412],[99.891091,22.663887],[99.890777,22.663135],[99.890303,22.662574],[99.889947,22.662348],[99.889955,22.662246],[99.890341,22.662066],[99.89062,22.661741],[99.890487,22.661257],[99.890544,22.660993],[99.890881,22.660844],[99.890965,22.660107],[99.891982,22.659379],[99.891753,22.659111],[99.891768,22.658794],[99.8916,22.658631],[99.891198,22.658624],[99.890773,22.658458],[99.890815,22.658141],[99.890823,22.657788],[99.890475,22.656947],[99.889985,22.656471],[99.889649,22.65628],[99.889259,22.656545],[99.889117,22.656933],[99.888609,22.657413],[99.88841,22.657548],[99.887591,22.657657],[99.887392,22.657759],[99.886773,22.658095],[99.886249,22.658095],[99.885874,22.658606],[99.885442,22.658977],[99.885212,22.659019],[99.884566,22.659351],[99.884214,22.659775],[99.883502,22.659849],[99.883001,22.660318],[99.882779,22.660276],[99.882477,22.660128],[99.882278,22.660191],[99.881789,22.660191],[99.881299,22.660347],[99.880603,22.660721],[99.880347,22.660745],[99.87983,22.66065],[99.87954,22.660714],[99.879207,22.660749],[99.878671,22.660947],[99.878561,22.661123],[99.878756,22.661285],[99.878851,22.661427],[99.878561,22.661942],[99.87835,22.662062],[99.878113,22.662207],[99.878048,22.662486],[99.877891,22.662835],[99.877715,22.662987],[99.877428,22.663227],[99.877425,22.663407],[99.877512,22.663827],[99.877321,22.664116],[99.876805,22.664116],[99.876614,22.664307],[99.876388,22.664466],[99.876243,22.664674],[99.875998,22.664822],[99.875535,22.664804],[99.875057,22.665263],[99.874709,22.665704],[99.874227,22.665743],[99.87373,22.666015],[99.87345,22.666195],[99.87324,22.666248],[99.87311,22.666583],[99.872043,22.668253],[99.871894,22.668574],[99.871511,22.66875],[99.871041,22.669093],[99.870784,22.669114],[99.87057,22.66892],[99.870482,22.668877],[99.870215,22.669177],[99.86987,22.66929],[99.869717,22.669679],[99.869538,22.669859],[99.869277,22.669887],[99.869044,22.670046],[99.86862,22.670169],[99.868337,22.670346],[99.867782,22.670423],[99.867384,22.67072],[99.867174,22.670762],[99.866868,22.670593],[99.866581,22.671037],[99.866241,22.671344],[99.866168,22.671556],[99.86582,22.671786],[99.865785,22.672467],[99.865667,22.672629],[99.865567,22.672957],[99.865579,22.673321],[99.865315,22.672756],[99.865009,22.672379],[99.864799,22.672403],[99.864173,22.672838],[99.863118,22.672619],[99.863094,22.6724],[99.863213,22.67205],[99.863474,22.671547],[99.863758,22.671372],[99.864007,22.670847],[99.864244,22.670781],[99.865051,22.670475],[99.865015,22.670201],[99.864505,22.669479],[99.864316,22.669042],[99.864055,22.668014],[99.86428,22.667543],[99.864387,22.666843],[99.864185,22.666559],[99.864221,22.666099],[99.864197,22.665793],[99.863723,22.664218],[99.863901,22.662785],[99.864292,22.6618],[99.864766,22.660498],[99.864802,22.66005],[99.864428,22.659632],[99.864318,22.659412],[99.86429,22.659273],[99.864298,22.659123],[99.864343,22.658978],[99.86442,22.658843],[99.864632,22.658598],[99.865763,22.657512],[99.866097,22.657165],[99.866182,22.657045],[99.866235,22.656915],[99.866255,22.656778],[99.866238,22.656638],[99.866187,22.656502],[99.866102,22.656378],[99.865987,22.656262],[99.865522,22.655933],[99.864347,22.655197],[99.864218,22.655082],[99.86412,22.654943],[99.864055,22.654787],[99.86402,22.654622],[99.86402,22.654455],[99.864087,22.653988],[99.864082,22.65384],[99.86405,22.653702],[99.86399,22.653573],[99.863905,22.653452],[99.863668,22.653245],[99.862797,22.652653],[99.862677,22.65254],[99.86258,22.652413],[99.862513,22.652273],[99.86248,22.65213],[99.86248,22.65198],[99.862507,22.65183],[99.862723,22.651087],[99.86275,22.650808],[99.862723,22.650683],[99.862662,22.650562],[99.862562,22.650457],[99.862432,22.65036],[99.861478,22.649832],[99.86134,22.649745],[99.861223,22.649648],[99.861132,22.649537],[99.861072,22.649412],[99.861045,22.64928],[99.86105,22.649155],[99.861087,22.649038],[99.861155,22.648933],[99.861255,22.648843],[99.861383,22.648775],[99.862075,22.648622],[99.862197,22.648573],[99.862307,22.648508],[99.862407,22.648427],[99.862585,22.648222],[99.863102,22.647377],[99.863262,22.647205],[99.86335,22.647138],[99.863447,22.647093],[99.863645,22.647048],[99.86375,22.647045],[99.864798,22.6471],[99.865305,22.647098],[99.86584,22.647043],[99.866507,22.646905],[99.866973,22.64676],[99.867438,22.64659],[99.867573,22.646497],[99.867853,22.646248],[99.868082,22.646137],[99.868168,22.646075],[99.868388,22.64599],[99.868717,22.645808],[99.869442,22.645313],[99.869758,22.645122],[99.869915,22.645045],[99.870068,22.644988],[99.870222,22.644953],[99.870375,22.644938],[99.870683,22.644968],[99.871522,22.645122],[99.871677,22.645133],[99.871828,22.645122],[99.871992,22.645087],[99.872155,22.645022],[99.872297,22.644927],[99.872678,22.644553],[99.872812,22.644433],[99.872958,22.64433],[99.873118,22.644255],[99.873285,22.644208],[99.873453,22.64418],[99.873948,22.64414],[99.8741,22.64411],[99.874238,22.644058],[99.874362,22.64399],[99.874473,22.643905],[99.874565,22.643802],[99.874632,22.64368],[99.874677,22.643545],[99.874682,22.643402],[99.874645,22.643267],[99.874578,22.643143],[99.874488,22.643028],[99.874377,22.642935],[99.874232,22.642877],[99.874068,22.642855],[99.873893,22.642865],[99.87372,22.642903],[99.873548,22.642968],[99.873212,22.64315],[99.873035,22.643227],[99.872848,22.643273],[99.872653,22.643287],[99.872247,22.643242],[99.870278,22.64288],[99.869835,22.642757],[99.86966,22.642673],[99.869523,22.642582],[99.86941,22.642472],[99.86932,22.642345],[99.869265,22.642183],[99.869252,22.64209],[99.869282,22.641892],[99.869332,22.641788],[99.869405,22.641693],[99.869505,22.641617],[99.869627,22.641552],[99.8708,22.641105],[99.871197,22.640985],[99.871408,22.64094],[99.872063,22.640852],[99.872278,22.640805],[99.872895,22.640592],[99.873263,22.640393],[99.873423,22.640272],[99.873565,22.640132],[99.873823,22.639825],[99.873948,22.63966],[99.87455,22.63875],[99.875403,22.637508],[99.875677,22.63717],[99.875833,22.637018],[99.876183,22.636755],[99.877193,22.636075],[99.878193,22.635448],[99.878363,22.635373],[99.87854,22.635323],[99.87872,22.635303],[99.879233,22.635298],[99.879393,22.635282],[99.87954,22.635242],[99.879675,22.635185],[99.879792,22.635105],[99.879877,22.635003],[99.87993,22.634893],[99.879967,22.634667],[99.879958,22.634485],[99.879863,22.634108],[99.879862,22.633983],[99.879864,22.633839],[99.879894,22.633645],[99.880076,22.633327],[99.880765,22.632447],[99.881424,22.631568],[99.881566,22.631306],[99.881576,22.630913],[99.881566,22.630445],[99.881657,22.630127],[99.882103,22.629416],[99.882215,22.629098],[99.882204,22.628621],[99.882194,22.627733],[99.882306,22.62733],[99.882508,22.627096],[99.883035,22.62675],[99.883258,22.626507],[99.883604,22.625889],[99.883802,22.625669],[99.88408,22.62551],[99.884506,22.625407],[99.884815,22.62529],[99.885094,22.625009],[99.885692,22.624244],[99.885942,22.623889],[99.886022,22.623667],[99.885925,22.623261],[99.885818,22.622984],[99.885743,22.622528],[99.885871,22.622162],[99.886494,22.621716],[99.88672,22.621409],[99.886805,22.621023],[99.886741,22.620458],[99.886827,22.619993],[99.887706,22.618537],[99.887943,22.618398],[99.888489,22.618289],[99.88894,22.618121],[99.891279,22.615942],[99.891386,22.615526],[99.891354,22.615209],[99.891193,22.614932],[99.890592,22.614447],[99.89042,22.61411],[99.89041,22.613743],[99.892169,22.610069],[99.892449,22.609009],[99.893028,22.606761],[99.893092,22.606325],[99.893114,22.60587],[99.892996,22.605463],[99.893007,22.604968],[99.893382,22.603671],[99.8935,22.603156],[99.893629,22.601581],[99.893747,22.600521],[99.893683,22.600135],[99.8935,22.599897],[99.893231,22.599739],[99.892663,22.59958],[99.892213,22.599531],[99.891955,22.599323],[99.891859,22.599105],[99.891891,22.598897],[99.89203,22.598649],[99.893403,22.597906],[99.893843,22.597797],[99.894122,22.597866],[99.894519,22.598094],[99.894819,22.598183],[99.895087,22.598154],[99.895375,22.598045],[99.895586,22.597753],[99.895922,22.596689],[99.896208,22.596442],[99.896837,22.596282],[99.897105,22.596074],[99.897201,22.595836],[99.897234,22.595311],[99.897286,22.595014],[99.89744,22.594826],[99.897835,22.594667],[99.898338,22.594277],[99.898524,22.593974],[99.89891,22.592984],[99.899088,22.592582],[99.899401,22.592424],[99.900071,22.592201],[99.90021,22.592008],[99.900263,22.591765],[99.900249,22.591537],[99.900045,22.591349],[99.899637,22.590972],[99.899491,22.590617],[99.899513,22.590281],[99.900053,22.589789],[99.900235,22.589578],[99.900361,22.589343],[99.900445,22.589031],[99.900432,22.588336],[99.900429,22.588016],[99.900502,22.587287],[99.90057,22.586604],[99.900741,22.585526],[99.900989,22.585021],[99.902244,22.584001],[99.902701,22.583643],[99.903156,22.583097],[99.903499,22.582354],[99.903585,22.581542],[99.903928,22.580551],[99.904786,22.579432],[99.90544,22.578432],[99.905704,22.578547],[99.906861,22.579091],[99.907012,22.579175],[99.907662,22.579521],[99.908252,22.579907],[99.90926,22.580898],[99.910205,22.581819],[99.910891,22.582721],[99.91117,22.583503],[99.911256,22.584058],[99.911224,22.584573],[99.910816,22.586019],[99.910462,22.587743],[99.910237,22.588575],[99.909968,22.589189],[99.909604,22.589764],[99.909089,22.590338],[99.908102,22.591329],[99.90793,22.591646],[99.907866,22.592092],[99.907962,22.592547],[99.908198,22.592963],[99.908638,22.59333],[99.90938,22.593693],[99.909968,22.593964],[99.910376,22.594241],[99.910762,22.594687],[99.91132,22.595915],[99.911589,22.596311],[99.912018,22.596688],[99.91249,22.596866],[99.913071,22.596892],[99.913691,22.596737],[99.91764,22.594984],[99.918693,22.594574],[99.919345,22.594469],[99.920096,22.594528],[99.920751,22.594697],[99.92133,22.594954],[99.923272,22.596252],[99.923744,22.5965],[99.924325,22.596625],[99.925032,22.596618],[99.925752,22.596397],[99.928413,22.594842],[99.929421,22.594376],[99.93031,22.593805],[99.93089,22.593122],[99.931363,22.592405],[99.932016,22.590745],[99.93237,22.59016],[99.932907,22.589734],[99.934967,22.588615],[99.935601,22.588136],[99.935891,22.58773],[99.93619,22.58702],[99.936374,22.586709],[99.936694,22.586436],[99.937102,22.586227],[99.937543,22.586115],[99.938153,22.58591],[99.938732,22.585574],[99.939001,22.585227],[99.939442,22.584798],[99.939945,22.584464],[99.940354,22.584282],[99.94105,22.584187],[99.941533,22.584088],[99.941951,22.58389],[99.942445,22.583434],[99.942714,22.583114],[99.943163,22.582929],[99.943616,22.582806],[99.94399,22.582909],[99.944258,22.583077],[99.944462,22.583295],[99.944666,22.583672],[99.944892,22.584431],[99.945009,22.584791],[99.945213,22.585068],[99.945558,22.585273],[99.946148,22.585392],[99.946661,22.585276],[99.94839,22.584134],[99.948755,22.583926],[99.94913,22.583827],[99.950513,22.58383],[99.951017,22.5839],[99.951285,22.584068],[99.951446,22.584335],[99.951575,22.584761],[99.951629,22.587624],[99.951757,22.58803],[99.95209,22.588456],[99.952594,22.588753],[99.953261,22.588849],[99.953946,22.588724],[99.954375,22.588476],[99.95754,22.584692],[99.957854,22.584318],[99.958192,22.584078],[99.958463,22.583957],[99.958897,22.583853],[99.959233,22.583838],[99.959654,22.583865],[99.961333,22.58413],[99.961628,22.584231],[99.961963,22.584422],[99.962432,22.584813],[99.962918,22.585138],[99.963312,22.585321],[99.967405,22.587025],[99.968304,22.587518],[99.968599,22.587654],[99.968819,22.587723],[99.969031,22.58776],[99.969401,22.587718],[99.969806,22.587607],[99.970117,22.587486],[99.970399,22.587411],[99.970648,22.587416],[99.97094,22.58751],[99.971316,22.587753],[99.971697,22.587951],[99.972593,22.588199],[99.972874,22.58833],[99.973134,22.588521],[99.973346,22.588726],[99.973513,22.589011],[99.973601,22.589241],[99.97366,22.589536],[99.973663,22.589811],[99.973608,22.590118],[99.973285,22.591175],[99.973244,22.591421],[99.973252,22.591626],[99.973301,22.591926],[99.973703,22.593117],[99.97377,22.593439],[99.973784,22.593696],[99.973746,22.593956],[99.97362,22.594355],[99.973078,22.595447],[99.973008,22.595665],[99.973006,22.595876],[99.973054,22.596089],[99.973191,22.596321],[99.973384,22.596562],[99.974913,22.597961],[99.975111,22.598062],[99.975393,22.598141],[99.975691,22.598164],[99.975991,22.598102],[99.976721,22.597763],[99.976941,22.59772],[99.977136,22.597725],[99.977364,22.597812],[99.977563,22.597968],[99.977737,22.598248],[99.977949,22.598723],[99.978083,22.598939],[99.978268,22.599072],[99.978499,22.599191],[99.978754,22.599248],[99.978963,22.599224],[99.979228,22.599134],[99.98009,22.598601],[99.980745,22.598387],[99.981133,22.598111],[99.981417,22.597653],[99.981448,22.59753],[99.981496,22.59742],[99.981506,22.597281],[99.981457,22.596958],[99.981011,22.595466],[99.980948,22.59463],[99.980987,22.594493],[99.981171,22.594202],[99.981534,22.593844],[99.981752,22.593736],[99.982607,22.593549],[99.982874,22.593438],[99.983075,22.593263],[99.983209,22.593047],[99.983299,22.592689],[99.983228,22.591898],[99.983309,22.591527],[99.983538,22.59118],[99.985119,22.589943],[99.985664,22.589727],[99.986556,22.589649],[99.987075,22.589773],[99.987809,22.590173],[99.988218,22.59071],[99.988706,22.592005],[99.989024,22.592449],[99.989694,22.592955],[99.991857,22.593687],[99.992194,22.593718],[99.992531,22.593637],[99.993067,22.593341],[99.993277,22.593274],[99.993621,22.593264],[99.993827,22.593342],[99.994011,22.593518],[99.994107,22.593731],[99.994253,22.594479],[99.994419,22.594777],[99.995674,22.595639],[99.995943,22.595678],[99.996131,22.595624],[99.996275,22.595504],[99.996361,22.595261],[99.996345,22.594713],[99.996442,22.594342],[99.997268,22.593195],[99.997521,22.593009],[99.997787,22.592925],[99.998062,22.592965],[99.998287,22.593129],[99.998358,22.59337],[99.998353,22.593666],[99.998201,22.594262],[99.99818,22.594658],[99.998272,22.595084],[99.998442,22.595426],[99.998765,22.595723],[99.999056,22.595857],[99.999601,22.595931],[100.00119,22.595941],[100.001403,22.596005],[100.001577,22.596213],[100.001816,22.596832],[100.001954,22.596976],[100.002135,22.597035],[100.002338,22.597026],[100.002784,22.596741],[100.002991,22.596669],[100.003192,22.596707],[100.003377,22.596827],[100.003565,22.59706],[100.003785,22.59767],[100.003898,22.597961],[100.004038,22.598153],[100.004307,22.598462],[100.004988,22.599452],[100.005444,22.599952],[100.006002,22.600442],[100.006586,22.600814],[100.007279,22.601011],[100.00832,22.601229],[100.008764,22.601477],[100.009468,22.602393],[100.009714,22.602587],[100.010035,22.602711],[100.010883,22.602889],[100.011313,22.603141],[100.011988,22.603726],[100.012225,22.603805],[100.012541,22.603805],[100.013292,22.603572],[100.013668,22.603636],[100.013989,22.60385],[100.014128,22.604063],[100.014188,22.604326],[100.014214,22.604984],[100.014322,22.60533],[100.014493,22.605573],[100.014735,22.605751],[100.015201,22.606019],[100.015347,22.606405],[100.015363,22.60684],[100.01524,22.607355],[100.01525,22.607584],[100.015378,22.607881],[100.015857,22.608489],[100.016372,22.609534],[100.016618,22.609831],[100.016859,22.610035],[100.017615,22.61051],[100.01849,22.610991],[100.018753,22.611258],[100.018876,22.611585],[100.018919,22.612021],[100.018924,22.612704],[100.019053,22.612982],[100.01929,22.613283],[100.020116,22.613848],[100.020716,22.614551],[100.021043,22.614814],[100.021451,22.615017],[100.023151,22.615378],[100.023565,22.615581],[100.023896,22.615844],[100.024525,22.616373],[100.024708,22.616554],[100.025309,22.616786],[100.025996,22.616885],[100.0263,22.61701],[100.026445,22.617159],[100.026532,22.617373],[100.026591,22.61813],[100.026744,22.618794],[100.026978,22.619049],[100.02741,22.619241],[100.027786,22.619225],[100.027991,22.619128],[100.028244,22.618883],[100.028834,22.617703],[100.029018,22.617551],[100.029349,22.617411],[100.0297,22.617373],[100.030635,22.61753],[100.030857,22.617459],[100.031023,22.6173],[100.031435,22.616588],[100.031625,22.616459],[100.031851,22.6164],[100.032067,22.616411],[100.03301,22.616836],[100.033547,22.616879],[100.034258,22.616731],[100.034918,22.616835],[100.035342,22.617131],[100.03647,22.618696],[100.036825,22.618904],[100.037731,22.619059],[100.038201,22.619265],[100.038966,22.620088],[100.039383,22.620329],[100.040106,22.620416],[100.041505,22.620041],[100.042951,22.620012],[100.043227,22.619858],[100.044067,22.618899],[100.044457,22.618598],[100.044748,22.618516],[100.045154,22.618552],[100.045967,22.618973],[100.046315,22.619054],[100.048097,22.618872],[100.048429,22.618673],[100.048628,22.618391],[100.048904,22.617745],[100.049087,22.617504],[100.049525,22.617237],[100.051198,22.616857],[100.051774,22.616825],[100.052068,22.61694],[100.052549,22.617383],[100.052901,22.617593],[100.053217,22.617617],[100.055982,22.616884],[100.056425,22.616484],[100.056472,22.616355],[100.056518,22.616022],[100.056474,22.615623],[100.056572,22.61525],[100.056741,22.615022],[100.057008,22.614881],[100.058109,22.614727],[100.058525,22.614547],[100.059178,22.613971],[100.059599,22.613769],[100.060907,22.613578],[100.061101,22.613459],[100.061286,22.613206],[100.061416,22.612336],[100.061589,22.612046],[100.061862,22.61186],[100.062282,22.611756],[100.063743,22.611927],[100.065379,22.611437],[100.066603,22.611493],[100.067124,22.611055],[100.067303,22.610878],[100.067532,22.610733],[100.067807,22.61065],[100.068171,22.610634],[100.069646,22.610842],[100.070064,22.610827],[100.070407,22.610767],[100.070783,22.610619],[100.071112,22.610422],[100.072265,22.609432],[100.072466,22.609293],[100.072623,22.609222],[100.073193,22.608976],[100.073884,22.608747],[100.074143,22.608595],[100.074265,22.60844],[100.074334,22.608217],[100.074356,22.608004],[100.074356,22.607415],[100.074432,22.607164],[100.074631,22.606871],[100.074921,22.606654],[100.07618,22.606023],[100.076455,22.60594],[100.076813,22.605904],[100.077413,22.605919],[100.077805,22.60585],[100.078202,22.605691],[100.078552,22.605445],[100.079194,22.604924],[100.079736,22.604607],[100.080053,22.604488],[100.080455,22.604458],[100.080788,22.604518],[100.081276,22.604666],[100.082935,22.605465],[100.083223,22.605523],[100.083491,22.605523],[100.083829,22.605439],[100.085015,22.604968],[100.08538,22.604854],[100.085712,22.60481],[100.085964,22.60479],[100.086452,22.604844],[100.087144,22.604983],[100.087425,22.605099],[100.087736,22.605297],[100.088223,22.605503],[100.088551,22.605543],[100.088834,22.605473],[100.089457,22.605161],[100.090955,22.604326],[100.091286,22.604176],[100.091618,22.604097],[100.091989,22.604077],[100.092333,22.604138],[100.092666,22.604257],[100.093245,22.604534],[100.093845,22.604745],[100.094515,22.604884],[100.095026,22.605054],[100.095416,22.6053],[100.096779,22.606291],[100.097285,22.606569],[100.097644,22.606668],[100.098095,22.606738],[100.099053,22.606741],[100.099756,22.606796],[100.100225,22.606916],[100.100707,22.607154],[100.101415,22.60758],[100.10215,22.608001],[100.102681,22.608134],[100.103474,22.608276],[100.104155,22.608445],[100.104575,22.60861],[100.105233,22.609009],[100.106376,22.609916],[100.106697,22.610078],[100.106864,22.610109],[100.107153,22.610135],[100.10754,22.610161],[100.107645,22.61019],[100.107959,22.610274],[100.108309,22.610457],[100.108974,22.610873],[100.109798,22.611461],[100.110421,22.612164],[100.111397,22.613387],[100.11191,22.613862],[100.113073,22.6149],[100.113791,22.615884],[100.11438,22.616987],[100.114755,22.617651],[100.115148,22.618162],[100.115666,22.618616],[100.116072,22.619051],[100.116257,22.619319],[100.116332,22.619701],[100.116429,22.620424],[100.116531,22.620731],[100.116838,22.621094],[100.117287,22.621478],[100.117534,22.621869],[100.117732,22.62235],[100.118101,22.622894],[100.118778,22.623459],[100.119138,22.623855],[100.119326,22.624281],[100.119411,22.624766],[100.119326,22.625142],[100.119059,22.625718],[100.118737,22.626372],[100.118342,22.626916],[100.117958,22.627346],[100.117453,22.627821],[100.116548,22.628506],[100.115544,22.629232],[100.11498,22.629584],[100.114246,22.629945],[100.113841,22.63018],[100.113108,22.630871],[100.112513,22.631545],[100.112266,22.632005],[100.112223,22.632436],[100.112261,22.632877],[100.112566,22.634476],[100.112742,22.635086],[100.113095,22.635665],[100.113705,22.636562],[100.113899,22.636814],[100.114094,22.637752],[100.114446,22.638789],[100.115556,22.640285],[100.116308,22.641509],[100.116792,22.64282],[100.117143,22.644187],[100.117294,22.644454],[100.117822,22.644969],[100.119348,22.645434],[100.119603,22.645413],[100.119847,22.645315],[100.119947,22.645237],[100.120423,22.644524],[100.120659,22.64431],[100.120922,22.644141],[100.121369,22.644022],[100.122182,22.644006],[100.122516,22.643953],[100.125998,22.642536],[100.126261,22.642339],[100.12644,22.642124],[100.126541,22.640395],[100.126682,22.6401],[100.126899,22.639848],[100.127446,22.639569],[100.129826,22.63879],[100.130519,22.638745],[100.131027,22.638817],[100.1328,22.639405],[100.133449,22.639479],[100.133932,22.639439],[100.13839,22.638343],[100.138862,22.638345],[100.141073,22.638762],[100.14163,22.638783],[100.143585,22.638349],[100.144545,22.638216],[100.146772,22.638307],[100.147179,22.638118],[100.147385,22.637942],[100.147883,22.637225],[100.14826,22.636938],[100.149282,22.6366],[100.149535,22.636442],[100.149832,22.636126],[100.150123,22.635636],[100.150446,22.635308],[100.15069,22.635153],[100.151089,22.635056],[100.151392,22.635059],[100.152705,22.635578],[100.153129,22.635611],[100.153656,22.63546],[100.156494,22.633772],[100.157502,22.633435],[100.157868,22.633387],[100.158827,22.633399],[100.160681,22.633724],[100.161091,22.633858],[100.161358,22.633874],[100.161672,22.633702],[100.161968,22.633346],[100.162362,22.632189],[100.162596,22.631903],[100.162796,22.631775],[100.163047,22.631763],[100.16317,22.631817],[100.163486,22.632121],[100.163965,22.633152],[100.164128,22.633342],[100.164342,22.63347],[100.164588,22.633506],[100.164832,22.633435],[100.165035,22.633283],[100.165383,22.632889],[100.165935,22.632265],[100.166377,22.631764],[100.166737,22.63083],[100.166912,22.630581],[100.167186,22.630431],[100.167471,22.630381],[100.167754,22.630411],[100.167888,22.630471],[100.168636,22.63104],[100.169088,22.631202],[100.169251,22.631216],[100.169602,22.631157],[100.169767,22.631154],[100.172104,22.629881],[100.17264,22.629443],[100.17294,22.629059],[100.173223,22.628499],[100.173384,22.627872],[100.173447,22.627716],[100.173628,22.627436],[100.173875,22.627199],[100.17439,22.626943],[100.176843,22.626259],[100.177318,22.626055],[100.179719,22.624224],[100.180604,22.62321],[100.180952,22.623051],[100.181277,22.622962],[100.182448,22.622934],[100.182755,22.622834],[100.183107,22.62257],[100.183767,22.621484],[100.18413,22.621125],[100.184439,22.620984],[100.184921,22.620929],[100.185562,22.621041],[100.186254,22.621025],[100.186428,22.620972],[100.1884,22.61984],[100.188942,22.61967],[100.190909,22.619494],[100.191334,22.619277],[100.191545,22.61901],[100.192751,22.616409],[100.193002,22.616151],[100.193305,22.615976],[100.195789,22.615183],[100.200736,22.611642],[100.201389,22.611315],[100.201792,22.611206],[100.204214,22.610445],[100.204533,22.610247],[100.20622,22.608894],[100.206929,22.608478],[100.207703,22.608146],[100.210705,22.60731],[100.212192,22.606663],[100.217994,22.603691],[100.218521,22.603537],[100.218895,22.60352],[100.219793,22.603671],[100.220342,22.603635],[100.22069,22.603544],[100.222792,22.602583],[100.226223,22.601088],[100.226787,22.600962],[100.23114,22.600639],[100.234874,22.599369],[100.235276,22.599112],[100.235497,22.598844],[100.236277,22.597508],[100.236798,22.596896],[100.237274,22.596551],[100.237827,22.596342],[100.238559,22.596245],[100.239434,22.59631],[100.23976,22.596288],[100.240216,22.596176],[100.240477,22.596024],[100.241068,22.595442],[100.241381,22.595234],[100.241909,22.595054],[100.243075,22.594918],[100.244226,22.594854],[100.245507,22.594675],[100.246002,22.594425],[100.247414,22.593388],[100.248048,22.593041],[100.248571,22.59287],[100.249311,22.592817],[100.250939,22.593077],[100.251798,22.592946],[100.257104,22.58994],[100.26034,22.588813],[100.261429,22.588338],[100.261718,22.587992],[100.263806,22.583188],[100.264099,22.582783],[100.26488,22.58216],[100.265166,22.581935],[100.267368,22.580185],[100.268941,22.579113],[100.269074,22.579022],[100.269573,22.578686],[100.27011,22.578177],[100.271437,22.575891],[100.271716,22.575708],[100.273411,22.575088],[100.27381,22.574845],[100.27402,22.574616],[100.27423,22.574213],[100.274622,22.572741],[100.274918,22.57202],[100.275247,22.57157],[100.275272,22.571385],[100.279002,22.566064],[100.279108,22.565971],[100.279625,22.565206],[100.279907,22.564959],[100.282961,22.563663],[100.283505,22.563333],[100.283679,22.563262],[100.2842,22.562941],[100.284679,22.562751],[100.286127,22.562086],[100.287237,22.561167],[100.28846,22.559716],[100.289082,22.559174],[100.289364,22.559037],[100.291835,22.558334],[100.292127,22.558186],[100.292903,22.557715],[100.29721,22.555161],[100.297412,22.555008],[100.301551,22.550607],[100.304175,22.549057],[100.304737,22.548892],[100.307007,22.548633],[100.307631,22.548416],[100.310002,22.546967],[100.31229,22.545408],[100.315711,22.543311],[100.316071,22.542958],[100.318056,22.539727],[100.318474,22.539399],[100.318808,22.539286],[100.31916,22.539235],[100.321139,22.539291],[100.32236,22.539208],[100.32283,22.538981],[100.324038,22.538048],[100.324381,22.537907],[100.325283,22.537728],[100.325999,22.537494],[100.326591,22.537143],[100.326911,22.537013],[100.327228,22.536991],[100.327549,22.537047],[100.328296,22.537365],[100.328755,22.537414],[100.329021,22.537306],[100.329121,22.537216],[100.329256,22.536986],[100.329364,22.536221],[100.329483,22.535961],[100.329848,22.53549],[100.330455,22.535124],[100.334185,22.533762],[100.334541,22.533562],[100.337467,22.52995],[100.338746,22.528386],[100.339158,22.528144],[100.342626,22.526992],[100.34638,22.526411],[100.346741,22.526305],[100.34708,22.526114],[100.352052,22.522114],[100.353879,22.520665],[100.356304,22.519182],[100.358331,22.517942],[100.35943,22.517269],[100.359983,22.516931],[100.360936,22.51607],[100.361453,22.5157],[100.361827,22.515575],[100.362215,22.515484],[100.363484,22.515525],[100.364032,22.51538],[100.364379,22.515164],[100.365269,22.514319],[100.365641,22.514112],[100.366055,22.514025],[100.367815,22.514078],[100.368105,22.51421],[100.368328,22.514425],[100.368397,22.514571],[100.368448,22.514863],[100.367979,22.517888],[100.368094,22.518478],[100.368367,22.519029],[100.368806,22.519523],[100.369359,22.519825],[100.369926,22.520262],[100.370459,22.520734],[100.370857,22.521134],[100.371218,22.521615],[100.371481,22.522038],[100.372025,22.52315],[100.372101,22.523465],[100.372115,22.524711],[100.37219,22.524989],[100.37233,22.525235],[100.372566,22.525416],[100.373432,22.525783],[100.373668,22.525981],[100.374173,22.526747],[100.375271,22.527648],[100.375641,22.52874],[100.375812,22.528916],[100.376017,22.529037],[100.377625,22.529126],[100.377803,22.529218],[100.378003,22.529447],[100.378046,22.529634],[100.377893,22.530485],[100.377985,22.530718],[100.378194,22.530872],[100.378466,22.53095],[100.380563,22.530936],[100.381053,22.531086],[100.381325,22.531254],[100.381537,22.531478],[100.381674,22.531727],[100.38214,22.533372],[100.38233,22.533596],[100.382595,22.533738],[100.382885,22.533772],[100.383166,22.533714],[100.38388,22.533258],[100.384332,22.533195],[100.384615,22.533283],[100.38485,22.533467],[100.385304,22.534054],[100.385805,22.534613],[100.386068,22.534747],[100.386509,22.53479],[100.386774,22.534673],[100.3871,22.534412],[100.387329,22.534301],[100.387587,22.534289],[100.387831,22.534365],[100.387924,22.534445],[100.388063,22.534643],[100.388075,22.534768],[100.388021,22.53502],[100.387753,22.535503],[100.387697,22.535767],[100.387741,22.536042],[100.388211,22.537024],[100.388533,22.537545],[100.388906,22.537795],[100.389224,22.537873],[100.389536,22.537882],[100.390432,22.537699],[100.390857,22.537741],[100.391121,22.537863],[100.391327,22.538065],[100.391489,22.538481],[100.392844,22.541995],[100.393844,22.546609],[100.394237,22.54763],[100.394937,22.548469],[100.396535,22.549738],[100.398471,22.550736],[100.399178,22.551233],[100.39989,22.55201],[100.400304,22.552744],[100.400625,22.553694],[100.40111,22.554734],[100.403599,22.557209],[100.403756,22.557524],[100.403839,22.557873],[100.403835,22.558189],[100.403708,22.558757],[100.403752,22.558998],[100.403884,22.55922],[100.404088,22.559379],[100.405188,22.559899],[100.405594,22.559955],[100.405714,22.559912],[100.405811,22.559836],[100.406052,22.559518],[100.406282,22.559234],[100.406512,22.559103],[100.406865,22.559082],[100.4071,22.559155],[100.407292,22.559317],[100.407351,22.559696],[100.407236,22.560472],[100.407246,22.560853],[100.407356,22.56109],[100.407576,22.561228],[100.408703,22.561332],[100.409234,22.561474],[100.409559,22.561705],[100.40986,22.562132],[100.41032,22.562571],[100.410537,22.562669],[100.41334,22.563213],[100.415031,22.563161],[100.41557,22.563208],[100.415808,22.563348],[100.415992,22.563557],[100.41602,22.563836],[100.415836,22.565173],[100.415883,22.565462],[100.416035,22.565706],[100.416283,22.565887],[100.417174,22.566151],[100.417287,22.566229],[100.417464,22.566442],[100.417568,22.566717],[100.417623,22.567151],[100.41772,22.567404],[100.41794,22.567587],[100.418228,22.567683],[100.419311,22.567679],[100.419432,22.567761],[100.42315,22.56878],[100.42476,22.568873],[100.425379,22.569036],[100.42675,22.569576],[100.427125,22.569639],[100.427505,22.569649],[100.428768,22.569499],[100.429227,22.569502],[100.429508,22.569586],[100.429769,22.569705],[100.430368,22.570228],[100.431235,22.570986],[100.431755,22.571113],[100.433608,22.571036],[100.433938,22.571071],[100.434268,22.571183],[100.434522,22.571348],[100.434757,22.571537],[100.434951,22.571737],[100.435042,22.571899],[100.435156,22.572301],[100.435258,22.573959],[100.435283,22.574111],[100.435319,22.574332],[100.435416,22.574595],[100.435579,22.574815],[100.435756,22.574981],[100.436006,22.57514],[100.436352,22.575348],[100.436925,22.575862],[100.43944,22.578434],[100.439599,22.578703],[100.439694,22.578993],[100.439705,22.580585],[100.439802,22.581132],[100.440113,22.581614],[100.441422,22.582829],[100.442023,22.58349],[100.44228,22.583667],[100.442571,22.583771],[100.442907,22.583773],[100.445424,22.583225],[100.445821,22.583183],[100.445997,22.583214],[100.446164,22.583281],[100.446327,22.583372],[100.446448,22.583516],[100.446695,22.583981],[100.446912,22.584296],[100.447137,22.584491],[100.447365,22.58463],[100.447735,22.584823],[100.448111,22.585135],[100.448544,22.58568],[100.44882,22.585877],[100.449146,22.586005],[100.449699,22.586135],[100.452192,22.586592],[100.452282,22.586609],[100.452453,22.586631],[100.452775,22.586671],[100.453117,22.586705],[100.453553,22.586722],[100.454693,22.586673],[100.454983,22.586636],[100.455324,22.58658],[100.455734,22.586494],[100.456375,22.586371],[100.456637,22.586359],[100.456903,22.586406],[100.457126,22.586478],[100.457957,22.587079],[100.458453,22.587382],[100.459819,22.58835],[100.460071,22.58857],[100.460291,22.588823],[100.460602,22.589301],[100.460787,22.589534],[100.460999,22.58969],[100.461216,22.589813],[100.461893,22.590061],[100.462405,22.590263],[100.462662,22.590466],[100.463279,22.591002],[100.46407,22.591891],[100.464327,22.59204],[100.464577,22.592112],[100.46488,22.592139],[100.46525,22.592094],[100.465478,22.59203],[100.465816,22.591829],[100.466291,22.591525],[100.466725,22.591235],[100.467138,22.591005],[100.467364,22.590906],[100.46771,22.590826],[100.469024,22.590541],[100.470687,22.590177],[100.471153,22.590054],[100.473551,22.589151],[100.473967,22.588952],[100.474324,22.588719],[100.475658,22.587744],[100.475968,22.587547],[100.476196,22.587439],[100.476446,22.587347],[100.477073,22.587218],[100.478565,22.587013],[100.478929,22.586938],[100.480217,22.586653],[100.482803,22.585925],[100.483329,22.585813],[100.484358,22.585728],[100.488276,22.585756],[100.488701,22.585735],[100.48907,22.585444],[100.4904,22.584111],[100.49192,22.582774],[100.492156,22.582383],[100.492591,22.580382],[100.492996,22.579023],[100.493202,22.577546],[100.494009,22.574563],[100.494211,22.574305],[100.494486,22.574101],[100.494824,22.573958],[100.498773,22.572781],[100.502775,22.570996],[100.504424,22.570082],[100.508506,22.565676],[100.508778,22.565556],[100.509063,22.565541],[100.509389,22.565648],[100.509519,22.5658],[100.509581,22.565871],[100.511376,22.567434],[100.511453,22.567531],[100.51153,22.567627],[100.511817,22.568172],[100.512104,22.568531],[100.512323,22.568616],[100.513221,22.568516],[100.513499,22.568593],[100.514443,22.569161],[100.514758,22.569234],[100.516125,22.56923],[100.516437,22.569327],[100.516853,22.569611],[100.517058,22.56988],[100.517325,22.570484],[100.517545,22.571478],[100.51772,22.571936],[100.518163,22.572644],[100.518596,22.573132],[100.519131,22.573506],[100.520978,22.574178],[100.521816,22.574702],[100.522229,22.575085],[100.522761,22.575858],[100.523157,22.577081],[100.523466,22.577552],[100.52399,22.577923],[100.526644,22.578949],[100.529242,22.579456],[100.532902,22.579772],[100.534621,22.57992],[100.535214,22.579853],[100.535522,22.579735],[100.53613,22.579347],[100.536497,22.579207],[100.536727,22.579176],[100.53706,22.579206],[100.537426,22.579239],[100.537667,22.579217],[100.538392,22.578966],[100.538881,22.578587],[100.53949,22.577656],[100.539722,22.577431],[100.542729,22.575304],[100.543636,22.574976],[100.544325,22.574614],[100.544607,22.57428],[100.544899,22.573624],[100.545068,22.573401],[100.545309,22.573245],[100.546587,22.572818],[100.547663,22.572138],[100.550015,22.570905],[100.551493,22.569496],[100.553072,22.568163],[100.553276,22.567764],[100.553596,22.566572],[100.553925,22.565884],[100.554148,22.565651],[100.554554,22.565378],[100.555013,22.565217],[100.555526,22.565186],[100.556193,22.565345],[100.556607,22.565603],[100.556989,22.566088],[100.557259,22.566822],[100.557431,22.567079],[100.557897,22.567492],[100.558493,22.568195],[100.558645,22.568293],[100.5587,22.568329],[100.558879,22.568445],[100.559648,22.568736],[100.560717,22.569029],[100.561042,22.568987],[100.562982,22.568459],[100.56374,22.56817],[100.564218,22.567795],[100.564872,22.567391],[100.566923,22.566857],[100.567598,22.566837],[100.568749,22.567176],[100.569147,22.567209],[100.569269,22.567162],[100.569573,22.566892],[100.570646,22.56517],[100.570995,22.564895],[100.571264,22.564816],[100.57167,22.564864],[100.572152,22.565168],[100.572545,22.565339],[100.574021,22.565357],[100.574286,22.565421],[100.574517,22.56555],[100.574627,22.565768],[100.574645,22.566012],[100.57434,22.567166],[100.574359,22.567526],[100.575189,22.569722],[100.575926,22.570544],[100.576339,22.570942],[100.576594,22.571011],[100.578201,22.57097],[100.578624,22.570894],[100.579374,22.570759],[100.580671,22.570235],[100.5816,22.570134],[100.583506,22.570197],[100.583597,22.570161],[100.584991,22.569615],[100.585381,22.569597],[100.585705,22.56978],[100.585933,22.570038],[100.585969,22.570148],[100.585979,22.570386],[100.58589,22.570631],[100.585185,22.571573],[100.585107,22.571869],[100.585152,22.572625],[100.585047,22.573878],[100.585091,22.574132],[100.58531,22.574477],[100.585646,22.57477],[100.585981,22.575062],[100.586225,22.575456],[100.586321,22.57591],[100.586266,22.576929],[100.586203,22.578062],[100.586298,22.578486],[100.587402,22.579141],[100.587561,22.579134],[100.587878,22.579056],[100.589175,22.578473],[100.590097,22.578299],[100.592946,22.578524],[100.593441,22.578696],[100.594605,22.579368],[100.595102,22.579525],[100.596458,22.579715],[100.596721,22.579859],[100.596821,22.579965],[100.596886,22.580088],[100.596935,22.580361],[100.59682,22.580797],[100.596034,22.582207],[100.595934,22.582532],[100.59575,22.58412],[100.595774,22.584683],[100.595903,22.584914],[100.59611,22.585095],[100.596348,22.585209],[100.596604,22.585245],[100.598175,22.584963],[100.598451,22.584992],[100.598838,22.585175],[100.599058,22.585374],[100.600025,22.586699],[100.600251,22.586859],[100.60066,22.587004],[100.600918,22.587043],[100.601518,22.587133],[100.601801,22.587176],[100.601912,22.587242],[100.602211,22.587515],[100.602361,22.587875],[100.602412,22.58827],[100.602155,22.589314],[100.602147,22.589684],[100.602233,22.589923],[100.602402,22.590114],[100.603884,22.590781],[100.604254,22.59083],[100.604483,22.590758],[100.604674,22.590591],[100.605037,22.589986],[100.605318,22.589638],[100.605541,22.58947],[100.605834,22.589381],[100.606153,22.58939],[100.607361,22.589725],[100.608052,22.590075],[100.60968,22.590667],[100.610123,22.590952],[100.610857,22.591843],[100.61106,22.592257],[100.611107,22.592673],[100.611022,22.59293],[100.610219,22.59435],[100.61,22.594832],[100.609952,22.595177],[100.610108,22.597463],[100.610639,22.598535],[100.610656,22.59878],[100.61057,22.599448],[100.61055,22.599607],[100.610572,22.600041],[100.610755,22.600289],[100.611047,22.600462],[100.611371,22.600511],[100.613248,22.600077],[100.613892,22.600002],[100.614989,22.600141],[100.617234,22.601024],[100.61806,22.601596],[100.61844,22.60179],[100.618884,22.601841],[100.619624,22.601726],[100.620065,22.601772],[100.621358,22.602298],[100.621675,22.602633],[100.622029,22.603322],[100.622524,22.604025],[100.623144,22.604512],[100.623888,22.604831],[100.624551,22.604973],[100.625403,22.604952],[100.626778,22.604558],[100.627067,22.604578],[100.627343,22.604685],[100.627576,22.604868],[100.628057,22.605492],[100.628513,22.60596],[100.629735,22.606738],[100.630073,22.607063],[100.630132,22.607181],[100.630169,22.607453],[100.630128,22.607741],[100.629863,22.608383],[100.62984,22.608774],[100.629958,22.609102],[100.630106,22.609273],[100.630393,22.609449],[100.630846,22.609552],[100.631552,22.609456],[100.631986,22.609446],[100.633181,22.609183],[100.636793,22.608612],[100.637106,22.608429],[100.637518,22.607992],[100.637627,22.607771],[100.637714,22.607375],[100.637673,22.60649],[100.637782,22.606164],[100.638096,22.605815],[100.639494,22.605055],[100.640079,22.604608],[100.640286,22.604308],[100.640613,22.603223],[100.640973,22.602786],[100.641488,22.60247],[100.641978,22.602359],[100.642674,22.602422],[100.643333,22.602727],[100.644574,22.603816],[100.644836,22.603904],[100.645249,22.603909],[100.645671,22.603962],[100.645909,22.604067],[100.64628,22.604393],[100.646683,22.604673],[100.646786,22.604745],[100.648816,22.60544],[100.649037,22.605734],[100.64931,22.606945],[100.649551,22.607336],[100.649868,22.607549],[100.651946,22.608021],[100.654378,22.609028],[100.654608,22.609225],[100.654856,22.609568],[100.655008,22.61021],[100.654542,22.611838],[100.654695,22.613335],[100.654877,22.613647],[100.655151,22.613872],[100.65559,22.614069],[100.655833,22.614092],[100.657298,22.613878],[100.657531,22.613786],[100.657719,22.613616],[100.657939,22.613256],[100.658214,22.612942],[100.658475,22.61281],[100.658752,22.612798],[100.659033,22.612875],[100.659265,22.613028],[100.659418,22.613246],[100.659466,22.613487],[100.659243,22.615681],[100.659341,22.615887],[100.659526,22.616045],[100.659755,22.61612],[100.660007,22.616113],[100.660248,22.616013],[100.661786,22.613725],[100.662133,22.613485],[100.66241,22.613398],[100.662702,22.613386],[100.663106,22.613483],[100.663535,22.613782],[100.664553,22.615191],[100.664772,22.615366],[100.665766,22.615698],[100.667553,22.616759],[100.668541,22.617142],[100.669359,22.617509],[100.669677,22.617691],[100.670012,22.617883],[100.670315,22.618197],[100.670687,22.61878],[100.671125,22.61912],[100.671388,22.619221],[100.67195,22.619238],[100.672361,22.619116],[100.673827,22.618253],[100.674141,22.618227],[100.674352,22.618315],[100.674504,22.618472],[100.674571,22.618666],[100.674559,22.618872],[100.674435,22.6192],[100.674376,22.619528],[100.674439,22.619752],[100.674817,22.620299],[100.675274,22.621353],[100.67632,22.6224],[100.676539,22.622806],[100.676836,22.624933],[100.677015,22.625266],[100.678,22.626315],[100.67819,22.626623],[100.678245,22.626973],[100.678085,22.627906],[100.678271,22.628882],[100.678226,22.629136],[100.678149,22.629296],[100.677567,22.630497],[100.67754,22.630855],[100.677622,22.631067],[100.677886,22.631297],[100.67812,22.631357],[100.6785,22.631283],[100.679023,22.630927],[100.679389,22.630809],[100.679828,22.630781],[100.681321,22.63107],[100.681843,22.63103],[100.68201,22.630915],[100.682276,22.630518],[100.682597,22.630039],[100.683043,22.629658],[100.683294,22.629529],[100.684233,22.629321],[100.684585,22.629179],[100.684756,22.629003],[100.684997,22.628412],[100.685166,22.628234],[100.685389,22.628141],[100.685664,22.628164],[100.685888,22.628272],[100.686394,22.628825],[100.686636,22.628901],[100.687014,22.62885],[100.687268,22.628719],[100.687412,22.628541],[100.687487,22.628306],[100.687441,22.627607],[100.687507,22.627188],[100.687703,22.626836],[100.688016,22.626568],[100.688384,22.626413],[100.689702,22.626306],[100.689974,22.626128],[100.690071,22.625941],[100.690192,22.62536],[100.690406,22.625062],[100.691492,22.624147],[100.692042,22.623944],[100.692623,22.623645],[100.694596,22.621716],[100.694962,22.621529],[100.695239,22.621501],[100.696083,22.621674],[100.696539,22.621633],[100.696816,22.621523],[100.697134,22.621246],[100.69766,22.620329],[100.699085,22.618466],[100.69934,22.617918],[100.699486,22.6172],[100.699753,22.616325],[100.700624,22.614888],[100.701212,22.614407],[100.701985,22.613045],[100.703209,22.611864],[100.70414,22.610646],[100.706425,22.60852],[100.707153,22.607871],[100.70913,22.606261],[100.709543,22.606056],[100.709829,22.606031],[100.710423,22.606161],[100.712426,22.606479],[100.712858,22.606667],[100.713757,22.607334],[100.714175,22.607719],[100.714517,22.608355],[100.714678,22.608588],[100.715407,22.609204],[100.715492,22.609451],[100.715471,22.609718],[100.715174,22.610296],[100.715137,22.610541],[100.715207,22.610782],[100.71624,22.6119],[100.716718,22.612657],[100.71732,22.613332],[100.717563,22.613691],[100.717651,22.613973],[100.717643,22.614968],[100.717759,22.615229],[100.718114,22.615716],[100.718234,22.616144],[100.718368,22.616934],[100.718501,22.617127],[100.718736,22.617261],[100.719104,22.617312],[100.720023,22.617113],[100.720591,22.617142],[100.721125,22.61722],[100.722019,22.617208],[100.722671,22.617221],[100.723177,22.617411],[100.724494,22.618347],[100.725232,22.618866],[100.725618,22.619265],[100.725765,22.619523],[100.72586,22.619689],[100.726543,22.620704],[100.726741,22.621575],[100.726849,22.621932],[100.727317,22.62255],[100.727569,22.622914],[100.727621,22.62329],[100.727685,22.623705],[100.728035,22.624394],[100.728445,22.624789],[100.728793,22.625001],[100.729344,22.625134],[100.730385,22.625116],[100.73074,22.62511],[100.731049,22.625103],[100.732258,22.62508],[100.732526,22.625138],[100.732772,22.625251],[100.733492,22.625973],[100.734493,22.626468],[100.734844,22.626803],[100.73498,22.627098],[100.735087,22.627454],[100.735229,22.628291],[100.73525,22.628619],[100.735452,22.630922],[100.735515,22.631521],[100.736238,22.633423],[100.736325,22.634027],[100.736252,22.634621],[100.735685,22.63598],[100.73566,22.636431],[100.735565,22.638095],[100.735623,22.638746],[100.735981,22.640404],[100.735971,22.640563],[100.736033,22.640852],[100.735978,22.642036],[100.736098,22.642624],[100.736632,22.643944],[100.737551,22.644904],[100.737907,22.645148],[100.738424,22.645261],[100.73873,22.645203],[100.739465,22.644909],[100.739773,22.644919],[100.740094,22.645039],[100.740557,22.64541],[100.740926,22.646109],[100.741102,22.647353],[100.742317,22.64922],[100.744001,22.650268],[100.744184,22.650555],[100.744201,22.650786],[100.744154,22.650888],[100.744008,22.651037],[100.743796,22.651134],[100.74294,22.651158],[100.742632,22.651316],[100.74215,22.651828],[100.740739,22.652853],[100.740608,22.653014],[100.740554,22.653199],[100.740601,22.653502],[100.740746,22.653672],[100.74202,22.654335],[100.744404,22.65506],[100.744874,22.655045],[100.745665,22.655277],[100.745981,22.655325],[100.747787,22.654876],[100.748131,22.654951],[100.748396,22.655144],[100.748508,22.65534],[100.748571,22.655559],[100.748522,22.655886],[100.748389,22.65607],[100.74732,22.6569],[100.747017,22.657307],[100.746895,22.657675],[100.746887,22.658074],[100.747015,22.65849],[100.747257,22.658858],[100.747631,22.659135],[100.747767,22.659172],[100.747932,22.659266],[100.748219,22.659333],[100.74898,22.659263],[100.750417,22.658553],[100.751362,22.65788],[100.75193,22.657171],[100.752929,22.656143],[100.753238,22.656013],[100.753573,22.655974],[100.753885,22.656028],[100.754304,22.656261],[100.754616,22.656579],[100.75486,22.656745],[100.7557,22.656984],[100.755939,22.657133],[100.756274,22.657535],[100.756536,22.657822],[100.756866,22.658008],[100.757277,22.658338],[100.757636,22.658907],[100.757975,22.659292],[100.758335,22.659454],[100.759031,22.65951],[100.759422,22.659611],[100.760743,22.660526],[100.761027,22.660571],[100.761298,22.66052],[100.761413,22.660446],[100.761825,22.659932],[100.762033,22.659757],[100.762722,22.659531],[100.762837,22.659458],[100.763331,22.658639],[100.76399,22.658095],[100.764135,22.657842],[100.764286,22.657455],[100.7645,22.657129],[100.764726,22.656984],[100.765398,22.656773],[100.765626,22.656651],[100.765799,22.656442],[100.766535,22.654711],[100.766735,22.654491],[100.767794,22.653741],[100.767971,22.653505],[100.768687,22.651998],[100.768888,22.651841],[100.769136,22.651742],[100.769922,22.65175],[100.770161,22.651671],[100.770365,22.651519],[100.770656,22.651102],[100.770861,22.65095],[100.771525,22.650759],[100.771856,22.650559],[100.772293,22.649968],[100.77263,22.649657],[100.773149,22.649442],[100.773614,22.649443],[100.774033,22.649619],[100.774324,22.649882],[100.774803,22.650623],[100.775029,22.650818],[100.776157,22.651504],[100.776418,22.651555],[100.776686,22.651506],[100.777295,22.651184],[100.777599,22.651209],[100.777871,22.65133],[100.7789,22.652292],[100.779156,22.65237],[100.780674,22.652276],[100.781116,22.65234],[100.781365,22.652476],[100.781557,22.652681],[100.782136,22.654203],[100.7825,22.654669],[100.782878,22.654838],[100.783173,22.654868],[100.785782,22.654475],[100.786632,22.65414],[100.787158,22.653991],[100.788738,22.653864],[100.789097,22.653826],[100.7899,22.653594],[100.790296,22.653296],[100.790615,22.652915],[100.791481,22.651331],[100.79171,22.651141],[100.791861,22.651086],[100.792187,22.651042],[100.79252,22.651086],[100.793844,22.651657],[100.794089,22.651869],[100.794983,22.653107],[100.795599,22.654073],[100.795753,22.655137],[100.795964,22.655505],[100.796211,22.655755],[100.7969,22.656452],[100.797163,22.656984],[100.797158,22.657131],[100.796994,22.657954],[100.796979,22.658373],[100.7972,22.659004],[100.797216,22.659264],[100.79717,22.659397],[100.797004,22.65962],[100.796626,22.659831],[100.796286,22.660056],[100.796139,22.660267],[100.796003,22.660758],[100.796045,22.661002],[100.796173,22.661236],[100.796546,22.661596],[100.79677,22.661902],[100.796863,22.662259],[100.796763,22.663458],[100.796443,22.664183],[100.795661,22.665763],[100.795251,22.667242],[100.7947,22.668323],[100.794517,22.669549],[100.793994,22.670493],[100.793821,22.671987],[100.79381,22.672415],[100.793985,22.673719],[100.793841,22.674419],[100.793196,22.675357],[100.793001,22.675894],[100.792991,22.676176],[100.793116,22.676754],[100.793253,22.67718],[100.794076,22.678321],[100.794239,22.678737],[100.794321,22.679503],[100.79437,22.683166],[100.794245,22.683653],[100.793663,22.684767],[100.793634,22.68506],[100.793743,22.685818],[100.793637,22.687858],[100.793739,22.688228],[100.794041,22.688476],[100.794339,22.688551],[100.794471,22.688551],[100.794732,22.688489],[100.795131,22.688453],[100.795385,22.688523],[100.795625,22.688779],[100.79566,22.688978],[100.795583,22.689155],[100.79487,22.689968],[100.794788,22.690218],[100.794797,22.690952],[100.794741,22.691186],[100.794245,22.691834],[100.794177,22.692152],[100.794302,22.692427],[100.795435,22.693548],[100.795696,22.693892],[100.795812,22.694313],[100.795807,22.69582],[100.795699,22.696112],[100.795512,22.696356],[100.794682,22.697062],[100.794532,22.69732],[100.794474,22.697575],[100.7945,22.697978],[100.794602,22.698194],[100.79643,22.700136],[100.796669,22.70024],[100.797526,22.700285],[100.797826,22.70035],[100.798089,22.700487],[100.799927,22.702069],[100.800601,22.702531],[100.801065,22.702672],[100.802045,22.702726],[100.802513,22.70288],[100.802896,22.703107],[100.804531,22.704077],[100.804972,22.704594],[100.805311,22.705312],[100.805486,22.705921],[100.805454,22.706373],[100.805278,22.706791],[100.805057,22.707011],[100.804378,22.707438],[100.804033,22.707754],[100.80388,22.70801],[100.803256,22.709785],[100.803079,22.710024],[100.802426,22.710497],[100.802314,22.710702],[100.802165,22.711291],[100.801795,22.711851],[100.8015,22.712339],[100.801466,22.71293],[100.801314,22.713402],[100.80075,22.714369],[100.799828,22.716916],[100.799724,22.717491],[100.799764,22.717768],[100.79991,22.718015],[100.800227,22.718285],[100.800509,22.718401],[100.800779,22.71857],[100.801055,22.718918],[100.801291,22.719458],[100.801489,22.719693],[100.802139,22.720113],[100.802325,22.720343],[100.802416,22.72075],[100.802381,22.721178],[100.801779,22.722973],[100.801777,22.723365],[100.80198,22.723866],[100.801994,22.724148],[100.801896,22.724417],[100.80128,22.725304],[100.801095,22.725705],[100.801136,22.726252],[100.801104,22.726539],[100.800981,22.726806],[100.800166,22.727619],[100.799989,22.727968],[100.799971,22.728225],[100.80009,22.728856],[100.800207,22.729083],[100.800303,22.729167],[100.800533,22.729277],[100.801082,22.729325],[100.801456,22.729488],[100.801617,22.729689],[100.801681,22.729931],[100.801525,22.730735],[100.801542,22.731567],[100.80147,22.731849],[100.801109,22.732694],[100.801102,22.732932],[100.801144,22.733043],[100.801363,22.733337],[100.802987,22.734735],[100.803068,22.734939],[100.80302,22.735163],[100.802883,22.735349],[100.801399,22.736082],[100.801267,22.736288],[100.801241,22.736521],[100.801314,22.736774],[100.802567,22.738532],[100.802634,22.738958],[100.802553,22.739529],[100.802619,22.7398],[100.802832,22.740156],[100.804266,22.741147],[100.804555,22.741212],[100.804847,22.74117],[100.805239,22.74096],[100.805324,22.74086],[100.805537,22.740402],[100.805733,22.740193],[100.805985,22.740097],[100.806124,22.740095],[100.80636,22.740182],[100.806752,22.740544],[100.807106,22.74074],[100.807245,22.740752],[100.807641,22.740662],[100.807875,22.740504],[100.808293,22.740094],[100.808419,22.74002],[100.808723,22.739922],[100.809039,22.73992],[100.809318,22.74004],[100.809552,22.740241],[100.809668,22.7405],[100.809701,22.7408],[100.809648,22.74107],[100.809445,22.741361],[100.809127,22.741637],[100.808893,22.74199],[100.808916,22.742498],[100.809055,22.742783],[100.809927,22.743659],[100.810345,22.744231],[100.810385,22.744446],[100.810299,22.744735],[100.809676,22.745246],[100.809536,22.74546],[100.80951,22.745607],[100.809526,22.746131],[100.809686,22.746339],[100.810059,22.746545],[100.810194,22.746564],[100.81062,22.74647],[100.811033,22.746462],[100.811239,22.746572],[100.811384,22.74676],[100.811698,22.747729],[100.812029,22.747996],[100.812175,22.748053],[100.812485,22.748093],[100.812659,22.748055],[100.813113,22.748064],[100.813368,22.748144],[100.813589,22.748291],[100.813654,22.748386],[100.813739,22.748633],[100.813694,22.748869],[100.81306,22.749538],[100.812951,22.74977],[100.812924,22.750026],[100.812986,22.750378],[100.81306,22.750482],[100.813178,22.750569],[100.813593,22.750756],[100.814652,22.750818],[100.815138,22.751013],[100.815329,22.75135],[100.815343,22.751516],[100.815473,22.751751],[100.816668,22.75298],[100.816921,22.753153],[100.817452,22.753642],[100.817733,22.754211],[100.817996,22.754547],[100.818229,22.754701],[100.818935,22.754857],[100.821036,22.754805],[100.821283,22.754858],[100.821895,22.755248],[100.823121,22.755816],[100.824043,22.755918],[100.826043,22.756406],[100.826479,22.756399],[100.827622,22.75608],[100.828035,22.756141],[100.829836,22.757193],[100.830456,22.757425],[100.831073,22.757465],[100.831634,22.757292],[100.833542,22.755935],[100.833693,22.75577],[100.833982,22.755639],[100.834456,22.755488],[100.834654,22.755491],[100.834832,22.755561],[100.835037,22.755739],[100.835262,22.756419],[100.835407,22.756649],[100.835763,22.75688],[100.836155,22.757245],[100.836288,22.757528],[100.836316,22.758003],[100.836408,22.758424],[100.836615,22.758705],[100.836936,22.758834],[100.837087,22.758845],[100.837397,22.758802],[100.838705,22.758345],[100.839296,22.758244],[100.840101,22.758303],[100.840354,22.758243],[100.840807,22.757932],[100.841097,22.757794],[100.841938,22.757747],[100.842214,22.757742],[100.842534,22.757622],[100.842917,22.757469],[100.843165,22.757426],[100.843411,22.757468],[100.843603,22.757571],[100.844544,22.758623],[100.844765,22.758783],[100.845023,22.758922],[100.845473,22.759002],[100.846069,22.759065],[100.847528,22.759151],[100.848074,22.759261],[100.848631,22.759513],[100.849992,22.760379],[100.850855,22.76117],[100.851195,22.761391],[100.851709,22.761601],[100.852195,22.761658],[100.853064,22.761713],[100.85342,22.761797],[100.85382,22.762029],[100.854426,22.762765],[100.854669,22.762996],[100.854967,22.763137],[100.855283,22.76324],[100.855703,22.763286],[100.85608,22.76321],[100.858064,22.762541],[100.858539,22.762455],[100.859094,22.762439],[100.859663,22.762546],[100.860475,22.762859],[100.861215,22.763247],[100.862347,22.763887],[100.863829,22.764817],[100.867396,22.767054],[100.869301,22.767882],[100.870195,22.768296],[100.871035,22.768968],[100.871243,22.769259],[100.871434,22.769748],[100.871487,22.770268],[100.87142,22.77088],[100.871402,22.771049],[100.871435,22.771842],[100.871637,22.772406],[100.872119,22.772968],[100.872884,22.773405],[100.876172,22.774332],[100.877104,22.774807],[100.877608,22.77528],[100.878107,22.77595],[100.878435,22.77669],[100.879255,22.78135],[100.879558,22.78257],[100.879973,22.783123],[100.880716,22.78363],[100.881118,22.783806],[100.882691,22.784161],[100.883581,22.784524],[100.88411,22.784894],[100.884773,22.785629],[100.885165,22.786339],[100.885425,22.787258],[100.885616,22.789642],[100.88582,22.790044],[100.886021,22.790273],[100.886409,22.790511],[100.88701,22.790625],[100.888105,22.790487],[100.888578,22.790552],[100.889356,22.790934],[100.889624,22.790992],[100.890007,22.790981],[100.89041,22.790835],[100.892232,22.789316],[100.895559,22.787877],[100.896267,22.787722],[100.897561,22.787082],[100.898595,22.786933],[100.899367,22.786811],[100.900026,22.786676],[100.900302,22.786572],[100.900646,22.786337],[100.90087,22.786102],[100.901072,22.785756],[100.901448,22.784757],[100.901782,22.784257],[100.903947,22.781862],[100.904818,22.780993],[100.905289,22.780667],[100.906302,22.780251],[100.906968,22.779978],[100.907819,22.779548],[100.908097,22.779327],[100.908178,22.779223],[100.908313,22.779051],[100.908467,22.778734],[100.90904,22.7768],[100.909315,22.775871],[100.909589,22.775021],[100.90976,22.774716],[100.910092,22.774336],[100.910497,22.774052],[100.910801,22.773936],[100.911922,22.773748],[100.912538,22.773602],[100.913082,22.773268],[100.913419,22.7729],[100.913951,22.771869],[100.914156,22.771606],[100.914432,22.7714],[100.914757,22.771274],[100.917869,22.770892],[100.918802,22.770622],[100.919632,22.770299],[100.920101,22.770045],[100.921562,22.768702],[100.921873,22.768453],[100.922577,22.768177],[100.924215,22.767797],[100.92452,22.767677],[100.924904,22.767372],[100.925089,22.76709],[100.925238,22.766647],[100.925255,22.765984],[100.925358,22.765124],[100.925572,22.764652],[100.926529,22.763496],[100.926794,22.762881],[100.92711,22.760872],[100.92724,22.760545],[100.927809,22.759933],[100.928941,22.759272],[100.929542,22.758653],[100.929784,22.758328],[100.930098,22.75774],[100.930404,22.75655],[100.93081,22.754815],[100.931057,22.754263],[100.931294,22.75386],[100.931664,22.753491],[100.932141,22.753226],[100.932611,22.753068],[100.93298,22.752993],[100.93569,22.752688],[100.936907,22.752551],[100.937544,22.75246],[100.938307,22.752503],[100.939022,22.752668],[100.939586,22.75293],[100.939918,22.753172],[100.940892,22.753929],[100.941246,22.754168],[100.941611,22.754353],[100.942323,22.754597],[100.942734,22.754641],[100.943306,22.754682],[100.943711,22.754652],[100.944235,22.75463],[100.94564,22.75418],[100.94643,22.754006],[100.947364,22.753843],[100.948302,22.753789],[100.950352,22.753662],[100.952161,22.753542],[100.952441,22.753479],[100.952681,22.753484],[100.9529,22.753525],[100.953204,22.753651],[100.955246,22.754543],[100.955194,22.754672],[100.955166,22.754868],[100.955079,22.755086],[100.954993,22.7553],[100.954937,22.755493],[100.954898,22.755695],[100.954621,22.757519],[100.954594,22.757666],[100.95458,22.757924],[100.954582,22.758068],[100.954595,22.758212],[100.95462,22.758347],[100.954655,22.758471],[100.954695,22.758585],[100.954736,22.758686],[100.954811,22.758844],[100.954864,22.758939],[100.955,22.759106],[100.956888,22.761422],[100.957,22.761635],[100.957791,22.762595],[100.958046,22.762897],[100.958241,22.763111],[100.960018,22.764511],[100.96174,22.765837],[100.962359,22.766328],[100.963194,22.766941],[100.963327,22.766995],[100.963429,22.767025],[100.963586,22.767053],[100.963646,22.767063],[100.963696,22.767081],[100.963744,22.767122],[100.963775,22.767175],[100.963786,22.767235],[100.963916,22.76737],[100.964024,22.767474],[100.965165,22.768278],[100.965364,22.768458],[100.96569,22.768926],[100.965864,22.769305],[100.966173,22.770145],[100.96628,22.770422],[100.966791,22.771512],[100.9669,22.771634],[100.967036,22.771718],[100.967109,22.771756],[100.967165,22.771815],[100.967196,22.771888],[100.967199,22.771966],[100.967173,22.77204],[100.967147,22.772072],[100.967132,22.772187],[100.967149,22.772352],[100.967644,22.773409],[100.968073,22.774148],[100.969074,22.775462],[100.969416,22.776029],[100.969663,22.7767],[100.969946,22.777467],[100.970265,22.778332],[100.970431,22.778781],[100.970458,22.778953],[100.970463,22.779162],[100.970458,22.780843],[100.970441,22.782908],[100.970449,22.783096],[100.970451,22.78449],[100.970455,22.784787],[100.970455,22.786624],[100.970518,22.786633],[100.970555,22.786651],[100.970599,22.786692],[100.970618,22.786726],[100.970627,22.786779],[100.971544,22.7868],[100.971901,22.786778],[100.972268,22.786721],[100.972544,22.78665],[100.972791,22.786541],[100.97333,22.786278],[100.973848,22.786024],[100.974513,22.785663],[100.976646,22.78448],[100.975005,22.781875],[100.974829,22.781585]]}},{"type":"Feature","properties":{"dayId":7,"mode":"flight-rail","label":"普洱站—昆明南—昆明长水—武汉天河","distanceKm":null,"durationHours":null,"source":"Verified transport endpoints, connected by travel mode"},"geometry":{"type":"LineString","coordinates":[[100.9412056,22.7784879],[102.8603804,24.8733628],[102.9397246,25.1087786],[114.2171149,30.7756632]]}}]}
